scenario_id,exp,speed_kmh,distance_m,yellow_time_s,intersection_width_m,road_condition,ego_type,rear_speed_kmh,gap_m,rear_type,theoretical_pass,can_stop_emg,rear_collision_theory,decision,zone,pass_before_red,actual_travel_time_s,avg_speed_kmh,final_speed_kmh,time_margin_s,actual_collision,min_gap_m,safe_stop,red_entry,success,match_theory,timestamp,error,stop_overrun_m,dist_to_stopline_m,in_crosswalk,in_intersection,past_intersection,is_dilemma_zone,decision_feasible
0,3,30,10,3.0,12,dry,sedan,0,0,,False,False,False,급정지,딜레마,False,1.7,0,0.0,0,False,999.0,True,False,True,False,2026-05-03T19:36:21.026615,,-1.94,1.94,False,False,False,True,True
1,3,30,10,3.0,12,dry,sedan,35,15,sedan,False,False,False,급정지,딜레마,False,1.55,0,0.0,0,False,9.88,True,False,True,False,2026-05-03T19:36:21.905790,,3.02,3.02,True,False,False,True,True
2,3,30,10,4.0,12,dry,sedan,0,0,,True,False,False,진행,일반,False,3.2,0,30.0,0,False,999.0,False,False,True,False,2026-05-03T19:36:22.923578,,34.77,34.77,False,False,True,False,True
3,3,30,10,4.0,12,dry,sedan,35,15,sedan,True,False,False,진행,일반,False,3.2,0,30.0,0,False,14.87,False,False,True,False,2026-05-03T19:36:24.374722,,43.64,43.64,False,False,True,False,True
4,3,30,10,5.0,12,dry,sedan,0,0,,True,False,False,진행,일반,False,3.2,0,30.0,0,False,999.0,False,False,True,False,2026-05-03T19:36:26.016721,,34.77,34.77,False,False,True,False,True
5,3,30,10,5.0,12,dry,sedan,35,15,sedan,True,False,False,진행,일반,False,3.2,0,30.0,0,False,14.85,False,False,True,False,2026-05-03T19:36:27.467723,,43.63,43.63,False,False,True,False,True
6,3,30,20,3.0,12,dry,sedan,0,0,,False,True,False,급정지,일반,False,3.4,0,0.6,0,False,999.0,True,False,True,False,2026-05-03T19:36:29.113637,,-2.13,2.13,False,False,False,False,True
7,3,30,20,3.0,12,dry,sedan,35,15,sedan,False,True,False,급정지,일반,False,1.95,0,0.0,0,False,11.63,True,False,True,False,2026-05-03T19:36:30.237055,,-1.89,1.89,False,False,False,False,True
8,3,30,20,4.0,12,dry,sedan,0,0,,False,True,False,급정지,일반,False,3.4,0,0.6,0,False,999.0,True,False,True,False,2026-05-03T19:36:31.316748,,-2.13,2.13,False,False,False,False,True
9,3,30,20,4.0,12,dry,sedan,35,15,sedan,False,True,False,급정지,일반,False,1.95,0,0.0,0,False,11.63,True,False,True,False,2026-05-03T19:36:32.457573,,-1.89,1.89,False,False,False,False,True
10,3,30,20,5.0,12,dry,sedan,0,0,,True,True,False,진행,옵션,False,4.4,0,30.0,0,False,999.0,False,False,True,False,2026-05-03T19:36:33.533593,,34.76,34.76,False,False,True,False,True
11,3,30,20,5.0,12,dry,sedan,35,15,sedan,True,True,False,진행,옵션,False,4.4,0,30.0,0,False,13.22,False,False,True,False,2026-05-03T19:36:35.194850,,43.64,43.64,False,False,True,False,True
12,3,30,30,3.0,12,dry,sedan,0,0,,False,True,False,급정지,일반,False,4.65,0,0.5,0,False,999.0,True,False,True,False,2026-05-03T19:36:37.074695,,-2.39,2.39,False,False,False,False,True
13,3,30,30,3.0,12,dry,sedan,35,15,sedan,False,True,False,급정지,일반,False,3.85,0,0.0,0,False,10.44,True,False,True,False,2026-05-03T19:36:38.442534,,-2.03,2.03,False,False,False,False,True
14,3,30,30,4.0,12,dry,sedan,0,0,,False,True,False,급정지,일반,False,4.65,0,0.5,0,False,999.0,True,False,True,False,2026-05-03T19:36:39.845564,,-2.39,2.39,False,False,False,False,True
15,3,30,30,4.0,12,dry,sedan,35,15,sedan,False,True,False,급정지,일반,False,3.85,0,0.0,0,False,10.44,True,False,True,False,2026-05-03T19:36:41.216864,,-2.03,2.03,False,False,False,False,True
16,3,30,30,5.0,12,dry,sedan,0,0,,False,True,False,급정지,일반,False,4.65,0,0.6,0,False,999.0,True,False,True,False,2026-05-03T19:36:42.634701,,-2.35,2.35,False,False,False,False,True
17,3,30,30,5.0,12,dry,sedan,35,15,sedan,False,True,False,급정지,일반,False,3.85,0,0.0,0,False,10.44,True,False,True,False,2026-05-03T19:36:44.028804,,-2.03,2.03,False,False,False,False,True
18,3,30,40,3.0,12,dry,sedan,0,0,,False,True,False,급정지,일반,False,6.25,0,0.0,0,False,999.0,True,False,True,False,2026-05-03T19:36:45.473711,,-2.17,2.17,False,False,False,False,True
19,3,30,40,3.0,12,dry,sedan,35,15,sedan,False,True,False,급정지,일반,False,4.8,0,1.0,0,False,15,True,False,True,False,2026-05-03T19:36:47.182685,,-2.49,2.49,False,False,False,False,True
20,3,30,40,4.0,12,dry,sedan,0,0,,False,True,False,급정지,일반,False,6.25,0,0.0,0,False,999.0,True,False,True,False,2026-05-03T19:36:48.790232,,-2.17,2.17,False,False,False,False,True
21,3,30,40,4.0,12,dry,sedan,35,15,sedan,False,True,False,급정지,일반,False,4.8,0,1.0,0,False,15,True,False,True,False,2026-05-03T19:36:50.490572,,-2.49,2.49,False,False,False,False,True
22,3,30,40,5.0,12,dry,sedan,0,0,,False,True,False,급정지,일반,False,6.25,0,0.0,0,False,999.0,True,False,True,False,2026-05-03T19:36:52.106191,,-2.17,2.17,False,False,False,False,True
23,3,30,40,5.0,12,dry,sedan,35,15,sedan,False,True,False,급정지,일반,False,4.8,0,1.0,0,False,15,True,False,True,False,2026-05-03T19:36:53.779625,,-2.49,2.49,False,False,False,False,True
24,3,30,50,3.0,12,dry,sedan,0,0,,False,True,False,급정지,일반,False,7.55,0,0.7,0,False,999.0,True,False,True,False,2026-05-03T19:36:55.391655,,-2.24,2.24,False,False,False,False,True
25,3,30,50,3.0,12,dry,sedan,35,15,sedan,False,True,False,급정지,일반,False,6.25,0,0.0,0,False,15,True,False,True,False,2026-05-03T19:36:57.300906,,-2.2,2.2,False,False,False,False,True
26,3,30,50,4.0,12,dry,sedan,0,0,,False,True,False,급정지,일반,False,7.55,0,0.7,0,False,999.0,True,False,True,False,2026-05-03T19:36:59.184281,,-2.24,2.24,False,False,False,False,True
27,3,30,50,4.0,12,dry,sedan,35,15,sedan,False,True,False,급정지,일반,False,6.25,0,0.0,0,False,15,True,False,True,False,2026-05-03T19:37:01.120853,,-2.2,2.2,False,False,False,False,True
28,3,30,50,5.0,12,dry,sedan,0,0,,False,True,False,급정지,일반,False,7.55,0,0.7,0,False,999.0,True,False,True,False,2026-05-03T19:37:02.980246,,-2.24,2.24,False,False,False,False,True
29,3,30,50,5.0,12,dry,sedan,35,15,sedan,False,True,False,급정지,일반,False,6.25,0,0.0,0,False,15,True,False,True,False,2026-05-03T19:37:04.864879,,-2.2,2.2,False,False,False,False,True
30,3,30,60,3.0,12,dry,sedan,0,0,,False,True,False,급정지,일반,False,8.75,0,0.7,0,False,999.0,True,False,True,False,2026-05-03T19:37:06.735890,,-2.48,2.48,False,False,False,False,True
31,3,30,60,3.0,12,dry,sedan,35,15,sedan,False,True,False,급정지,일반,False,7.6,0,1.0,0,False,15,True,False,True,False,2026-05-03T19:37:08.835959,,-2.37,2.37,False,False,False,False,True
32,3,30,60,4.0,12,dry,sedan,0,0,,False,True,False,급정지,일반,False,8.75,0,0.7,0,False,999.0,True,False,True,False,2026-05-03T19:37:10.935903,,-2.48,2.48,False,False,False,False,True
33,3,30,60,4.0,12,dry,sedan,35,15,sedan,False,True,False,급정지,일반,False,7.6,0,1.0,0,False,15,True,False,True,False,2026-05-03T19:37:12.985444,,-2.37,2.37,False,False,False,False,True
34,3,30,60,5.0,12,dry,sedan,0,0,,False,True,False,급정지,일반,False,8.75,0,0.7,0,False,999.0,True,False,True,False,2026-05-03T19:37:14.958885,,-2.48,2.48,False,False,False,False,True
35,3,30,60,5.0,12,dry,sedan,35,15,sedan,False,True,False,급정지,일반,False,7.6,0,1.0,0,False,15,True,False,True,False,2026-05-03T19:37:16.942962,,-2.37,2.37,False,False,False,False,True
36,3,30,70,3.0,12,dry,sedan,0,0,,False,True,False,급정지,일반,False,10.35,0,0.7,0,False,999.0,True,False,True,False,2026-05-03T19:37:18.909086,,-2.18,2.18,False,False,False,False,True
37,3,30,70,3.0,12,dry,sedan,35,15,sedan,False,True,False,급정지,일반,False,8.95,0,0.5,0,False,15,True,False,True,False,2026-05-03T19:37:21.148094,,-2.15,2.15,False,False,False,False,True
38,3,30,70,4.0,12,dry,sedan,0,0,,False,True,False,급정지,일반,False,10.15,0,1.0,0,False,999.0,True,False,True,False,2026-05-03T19:37:23.341941,,-2.1,2.1,False,False,False,False,True
39,3,30,70,4.0,12,dry,sedan,35,15,sedan,False,True,False,급정지,일반,False,8.95,0,0.5,0,False,15,True,False,True,False,2026-05-03T19:37:25.581045,,-2.15,2.15,False,False,False,False,True
40,3,30,70,5.0,12,dry,sedan,0,0,,False,True,False,급정지,일반,False,10.35,0,0.7,0,False,999.0,True,False,True,False,2026-05-03T19:37:27.776043,,-2.18,2.18,False,False,False,False,True
41,3,30,70,5.0,12,dry,sedan,35,15,sedan,False,True,False,급정지,일반,False,8.95,0,0.5,0,False,15,True,False,True,False,2026-05-03T19:37:30.018926,,-2.15,2.15,False,False,False,False,True
42,3,30,80,3.0,12,dry,sedan,0,0,,False,True,False,급정지,일반,False,11.85,0,0.6,0,False,999.0,True,False,True,False,2026-05-03T19:37:32.213808,,-2.24,2.24,False,False,False,False,True
43,3,30,80,3.0,12,dry,sedan,35,15,sedan,False,True,False,급정지,일반,False,10.3,0,0.8,0,False,15,True,False,True,False,2026-05-03T19:37:34.713165,,-2.45,2.45,False,False,False,False,True
44,3,30,80,4.0,12,dry,sedan,0,0,,False,True,False,급정지,일반,False,11.85,0,0.6,0,False,999.0,True,False,True,False,2026-05-03T19:37:37.137029,,-2.24,2.24,False,False,False,False,True
45,3,30,80,4.0,12,dry,sedan,35,15,sedan,False,True,False,급정지,일반,False,10.3,0,0.8,0,False,15,True,False,True,False,2026-05-03T19:37:39.665903,,-2.45,2.45,False,False,False,False,True
46,3,30,80,5.0,12,dry,sedan,0,0,,False,True,False,급정지,일반,False,11.85,0,0.6,0,False,999.0,True,False,True,False,2026-05-03T19:37:42.085452,,-2.24,2.24,False,False,False,False,True
47,3,30,80,5.0,12,dry,sedan,35,15,sedan,False,True,False,급정지,일반,False,10.3,0,0.8,0,False,15,True,False,True,False,2026-05-03T19:37:44.615061,,-2.45,2.45,False,False,False,False,True
48,3,35,10,3.0,12,dry,sedan,0,0,,False,False,False,급정지,딜레마,False,1.65,0,0.0,0,False,999.0,True,False,True,False,2026-05-03T19:37:47.048973,,-2.05,2.05,False,False,False,True,True
49,3,35,10,3.0,12,dry,sedan,40,15,sedan,False,False,False,급정지,딜레마,False,1.55,0,0.0,0,False,10.37,False,False,False,False,2026-05-03T19:37:47.845746,,5.88,5.88,True,False,False,True,False
50,3,35,10,4.0,12,dry,sedan,0,0,,True,False,False,진행,일반,False,2.75,0,34.9,0,False,999.0,False,False,True,False,2026-05-03T19:37:48.808497,,37.64,37.64,False,False,True,False,True
51,3,35,10,4.0,12,dry,sedan,40,15,sedan,True,False,False,진행,일반,False,2.75,0,34.8,0,False,15,False,False,True,False,2026-05-03T19:37:50.121606,,48.5,48.5,False,False,True,False,True
52,3,35,10,5.0,12,dry,sedan,0,0,,True,False,False,진행,일반,False,2.75,0,34.9,0,False,999.0,False,False,True,False,2026-05-03T19:37:51.633935,,37.64,37.64,False,False,True,False,True
53,3,35,10,5.0,12,dry,sedan,40,15,sedan,True,False,False,진행,일반,False,2.75,0,34.8,0,False,15,False,False,True,False,2026-05-03T19:37:52.946105,,48.5,48.5,False,False,True,False,True
54,3,35,20,3.0,12,dry,sedan,0,0,,False,True,False,급정지,일반,False,3.5,0,0.0,0,False,999.0,True,False,True,False,2026-05-03T19:37:54.456129,,-2.19,2.19,False,False,False,False,True
55,3,35,20,3.0,12,dry,sedan,40,15,sedan,False,True,False,급정지,일반,False,1.55,0,0.0,0,False,12.46,True,False,True,False,2026-05-03T19:37:55.558184,,-2.03,2.03,False,False,False,False,True
56,3,35,20,4.0,12,dry,sedan,0,0,,False,True,False,급정지,일반,False,3.55,0,0.0,0,False,999.0,True,False,True,False,2026-05-03T19:37:56.518793,,-2.17,2.17,False,False,False,False,True
57,3,35,20,4.0,12,dry,sedan,40,15,sedan,False,True,False,급정지,일반,False,1.55,0,0.0,0,False,12.46,True,False,True,False,2026-05-03T19:37:57.635045,,-2.03,2.03,False,False,False,False,True
58,3,35,20,5.0,12,dry,sedan,0,0,,True,True,False,진행,옵션,False,3.8,0,34.8,0,False,999.0,False,False,True,False,2026-05-03T19:37:58.589216,,37.81,37.81,False,False,True,False,True
59,3,35,20,5.0,12,dry,sedan,40,15,sedan,True,True,False,진행,옵션,False,3.8,0,34.8,0,False,15,False,False,True,False,2026-05-03T19:38:00.079138,,48.18,48.18,False,False,True,False,True
60,3,35,30,3.0,12,dry,sedan,0,0,,False,True,False,급정지,일반,False,4.7,0,0.6,0,False,999.0,True,False,True,False,2026-05-03T19:38:01.759379,,-2.14,2.14,False,False,False,False,True
61,3,35,30,3.0,12,dry,sedan,40,15,sedan,False,True,False,급정지,일반,False,3.7,0,0.0,0,False,5.14,True,False,True,False,2026-05-03T19:38:03.071188,,-2.07,2.07,False,False,False,False,True
62,3,35,30,4.0,12,dry,sedan,0,0,,False,True,False,급정지,일반,False,4.95,0,0.0,0,False,999.0,True,False,True,False,2026-05-03T19:38:04.395119,,-2.11,2.11,False,False,False,False,True
63,3,35,30,4.0,12,dry,sedan,40,15,sedan,False,True,False,급정지,일반,False,3.7,0,0.0,0,False,5.14,True,False,True,False,2026-05-03T19:38:05.736164,,-2.07,2.07,False,False,False,False,True
64,3,35,30,5.0,12,dry,sedan,0,0,,False,True,False,급정지,일반,False,4.95,0,0.0,0,False,999.0,True,False,True,False,2026-05-03T19:38:07.060965,,-2.11,2.11,False,False,False,False,True
65,3,35,30,5.0,12,dry,sedan,40,15,sedan,False,True,False,급정지,일반,False,3.7,0,0.0,0,False,5.14,True,False,True,False,2026-05-03T19:38:08.403189,,-2.07,2.07,False,False,False,False,True
66,3,35,40,3.0,12,dry,sedan,0,0,,False,True,False,급정지,일반,False,5.65,0,0.0,0,False,999.0,True,False,True,False,2026-05-03T19:38:09.725149,,-2.26,2.26,False,False,False,False,True
67,3,35,40,3.0,12,dry,sedan,40,15,sedan,False,True,False,급정지,일반,False,4.45,0,0.5,0,False,10.95,True,False,True,False,2026-05-03T19:38:11.195350,,-2.27,2.27,False,False,False,False,True
68,3,35,40,4.0,12,dry,sedan,0,0,,False,True,False,급정지,일반,False,5.65,0,0.0,0,False,999.0,True,False,True,False,2026-05-03T19:38:12.638799,,-2.26,2.26,False,False,False,False,True
69,3,35,40,4.0,12,dry,sedan,40,15,sedan,False,True,False,급정지,일반,False,4.45,0,0.5,0,False,10.95,True,False,True,False,2026-05-03T19:38:14.102483,,-2.27,2.27,False,False,False,False,True
70,3,35,40,5.0,12,dry,sedan,0,0,,False,True,False,급정지,일반,False,5.65,0,0.0,0,False,999.0,True,False,True,False,2026-05-03T19:38:15.545111,,-2.26,2.26,False,False,False,False,True
71,3,35,40,5.0,12,dry,sedan,40,15,sedan,False,True,False,급정지,일반,False,4.45,0,0.5,0,False,10.95,True,False,True,False,2026-05-03T19:38:17.022876,,-2.27,2.27,False,False,False,False,True
72,3,35,50,3.0,12,dry,sedan,0,0,,False,True,False,급정지,일반,False,7.0,0,0.5,0,False,999.0,True,False,True,False,2026-05-03T19:38:18.476134,,-2.19,2.19,False,False,False,False,True
73,3,35,50,3.0,12,dry,sedan,40,15,sedan,False,True,False,급정지,일반,False,5.95,0,0.0,0,False,15,True,False,True,False,2026-05-03T19:38:20.192025,,-2.14,2.14,False,False,False,False,True
74,3,35,50,4.0,12,dry,sedan,0,0,,False,True,False,급정지,일반,False,7.0,0,0.5,0,False,999.0,True,False,True,False,2026-05-03T19:38:21.896214,,-2.19,2.19,False,False,False,False,True
75,3,35,50,4.0,12,dry,sedan,40,15,sedan,False,True,False,급정지,일반,False,5.95,0,0.0,0,False,15,True,False,True,False,2026-05-03T19:38:23.586227,,-2.14,2.14,False,False,False,False,True
76,3,35,50,5.0,12,dry,sedan,0,0,,False,True,False,급정지,일반,False,7.0,0,0.5,0,False,999.0,True,False,True,False,2026-05-03T19:38:25.296264,,-2.19,2.19,False,False,False,False,True
77,3,35,50,5.0,12,dry,sedan,40,15,sedan,False,True,False,급정지,일반,False,5.95,0,0.0,0,False,15,True,False,True,False,2026-05-03T19:38:26.987280,,-2.14,2.14,False,False,False,False,True
78,3,35,60,3.0,12,dry,sedan,0,0,,False,True,False,급정지,일반,False,8.25,0,0.6,0,False,999.0,True,False,True,False,2026-05-03T19:38:28.704700,,-2.19,2.19,False,False,False,False,True
79,3,35,60,3.0,12,dry,sedan,40,15,sedan,False,True,False,급정지,일반,False,7.0,0,0.6,0,False,15,True,False,True,False,2026-05-03T19:38:30.606252,,-2.16,2.16,False,False,False,False,True
80,3,35,60,4.0,12,dry,sedan,0,0,,False,True,False,급정지,일반,False,8.25,0,0.6,0,False,999.0,True,False,True,False,2026-05-03T19:38:32.543982,,-2.19,2.19,False,False,False,False,True
81,3,35,60,4.0,12,dry,sedan,40,15,sedan,False,True,False,급정지,일반,False,6.7,0,0.5,0,False,15,True,False,True,False,2026-05-03T19:38:34.486235,,-2.26,2.26,False,False,False,False,True
82,3,35,60,5.0,12,dry,sedan,0,0,,False,True,False,급정지,일반,False,8.25,0,0.6,0,False,999.0,True,False,True,False,2026-05-03T19:38:36.344605,,-2.19,2.19,False,False,False,False,True
83,3,35,60,5.0,12,dry,sedan,40,15,sedan,False,True,False,급정지,일반,False,6.7,0,0.5,0,False,15,True,False,True,False,2026-05-03T19:38:38.295200,,-2.26,2.26,False,False,False,False,True
84,3,35,70,3.0,12,dry,sedan,0,0,,False,True,False,급정지,일반,False,9.15,0,0.0,0,False,999.0,True,False,True,False,2026-05-03T19:38:40.153130,,-2.1,2.1,False,False,False,False,True
85,3,35,70,3.0,12,dry,sedan,40,15,sedan,False,True,False,급정지,일반,False,8.4,0,0.0,0,False,15,True,False,True,False,2026-05-03T19:38:42.254498,,-2.1,2.1,False,False,False,False,True
86,3,35,70,4.0,12,dry,sedan,0,0,,False,True,False,급정지,일반,False,9.15,0,0.0,0,False,999.0,True,False,True,False,2026-05-03T19:38:44.417226,,-2.1,2.1,False,False,False,False,True
87,3,35,70,4.0,12,dry,sedan,40,15,sedan,False,True,False,급정지,일반,False,8.4,0,0.0,0,False,15,True,False,True,False,2026-05-03T19:38:46.516717,,-2.1,2.1,False,False,False,False,True
88,3,35,70,5.0,12,dry,sedan,0,0,,False,True,False,급정지,일반,False,9.15,0,0.0,0,False,999.0,True,False,True,False,2026-05-03T19:38:48.678470,,-2.1,2.1,False,False,False,False,True
89,3,35,70,5.0,12,dry,sedan,40,15,sedan,False,True,False,급정지,일반,False,8.4,0,0.0,0,False,15,True,False,True,False,2026-05-03T19:38:50.797504,,-2.1,2.1,False,False,False,False,True
90,3,35,80,3.0,12,dry,sedan,0,0,,False,True,False,급정지,일반,False,10.55,0,0.0,0,False,999.0,True,False,True,False,2026-05-03T19:38:52.963159,,-2.11,2.11,False,False,False,False,True
91,3,35,80,3.0,12,dry,sedan,40,15,sedan,False,True,False,급정지,일반,False,9.05,0,1.0,0,False,15,True,False,True,False,2026-05-03T19:38:55.299341,,-2.46,2.46,False,False,False,False,True
92,3,35,80,4.0,12,dry,sedan,0,0,,False,True,False,급정지,일반,False,10.55,0,0.0,0,False,999.0,True,False,True,False,2026-05-03T19:38:57.572198,,-2.11,2.11,False,False,False,False,True
93,3,35,80,4.0,12,dry,sedan,40,15,sedan,False,True,False,급정지,일반,False,9.05,0,1.0,0,False,15,True,False,True,False,2026-05-03T19:38:59.915096,,-2.46,2.46,False,False,False,False,True
94,3,35,80,5.0,12,dry,sedan,0,0,,False,True,False,급정지,일반,False,10.55,0,0.0,0,False,999.0,True,False,True,False,2026-05-03T19:39:02.186272,,-2.11,2.11,False,False,False,False,True
95,3,35,80,5.0,12,dry,sedan,40,15,sedan,False,True,False,급정지,일반,False,9.0,0,0.6,0,False,15,True,False,True,False,2026-05-03T19:39:04.514102,,-2.3,2.3,False,False,False,False,True
96,3,40,10,3.0,12,dry,sedan,0,0,,True,False,False,진행,일반,False,2.45,0,39.7,0,False,999.0,False,False,True,False,2026-05-03T19:39:06.770512,,40.94,40.94,False,False,True,False,True
97,3,40,10,3.0,12,dry,sedan,45,15,sedan,True,False,True,진행,일반,False,2.45,0,39.7,0,False,15,False,False,True,False,2026-05-03T19:39:08.064153,,52.81,52.81,False,False,True,False,True
98,3,40,10,4.0,12,dry,sedan,0,0,,True,False,False,진행,일반,False,2.45,0,39.7,0,False,999.0,False,False,True,False,2026-05-03T19:39:09.545278,,40.94,40.94,False,False,True,False,True
99,3,40,10,4.0,12,dry,sedan,45,15,sedan,True,False,True,진행,일반,False,2.45,0,39.7,0,False,15,False,False,True,False,2026-05-03T19:39:10.837451,,52.81,52.81,False,False,True,False,True
100,3,40,10,5.0,12,dry,sedan,0,0,,True,False,False,진행,일반,False,2.45,0,39.7,0,False,999.0,False,False,True,False,2026-05-03T19:39:12.328481,,40.94,40.94,False,False,True,False,True
101,3,40,10,5.0,12,dry,sedan,45,15,sedan,True,False,True,진행,일반,False,2.45,0,39.7,0,False,15,False,False,True,False,2026-05-03T19:39:13.624135,,52.81,52.81,False,False,True,False,True
102,3,40,20,3.0,12,dry,sedan,0,0,,False,False,False,급정지,딜레마,False,3.1,0,0.0,0,False,999.0,True,False,True,False,2026-05-03T19:39:15.115239,,-2.04,2.04,False,False,False,True,True
103,3,40,20,3.0,12,dry,sedan,45,15,sedan,False,False,True,급정지,딜레마,False,1.55,0,0.0,0,False,13.12,True,False,True,False,2026-05-03T19:39:16.179436,,1.06,1.06,False,False,False,True,True
104,3,40,20,4.0,12,dry,sedan,0,0,,True,False,False,진행,일반,False,3.35,0,39.7,0,False,999.0,False,False,True,False,2026-05-03T19:39:17.167325,,40.87,40.87,False,False,True,False,True
105,3,40,20,4.0,12,dry,sedan,45,15,sedan,True,False,True,진행,일반,False,3.35,0,39.7,0,False,15,False,False,True,False,2026-05-03T19:39:18.616295,,52.74,52.74,False,False,True,False,True
106,3,40,20,5.0,12,dry,sedan,0,0,,True,False,False,진행,일반,False,3.35,0,39.7,0,False,999.0,False,False,True,False,2026-05-03T19:39:20.263948,,40.86,40.86,False,False,True,False,True
107,3,40,20,5.0,12,dry,sedan,45,15,sedan,True,False,True,진행,일반,False,3.35,0,39.7,0,False,15,False,False,True,False,2026-05-03T19:39:21.709565,,52.74,52.74,False,False,True,False,True
108,3,40,30,3.0,12,dry,sedan,0,0,,False,True,False,급정지,일반,False,4.4,0,0.5,0,False,999.0,True,False,True,False,2026-05-03T19:39:23.356363,,-2.43,2.43,False,False,False,False,True
109,3,40,30,3.0,12,dry,sedan,45,15,sedan,False,True,True,급정지,일반,False,2.8,0,0.0,0,False,7.19,True,False,True,False,2026-05-03T19:39:24.638669,,-2.05,2.05,False,False,False,False,True
110,3,40,30,4.0,12,dry,sedan,0,0,,False,True,False,급정지,일반,False,4.4,0,0.5,0,False,999.0,True,False,True,False,2026-05-03T19:39:25.829926,,-2.43,2.43,False,False,False,False,True
111,3,40,30,4.0,12,dry,sedan,45,15,sedan,False,True,True,급정지,일반,False,2.8,0,0.0,0,False,7.19,True,False,True,False,2026-05-03T19:39:27.125295,,-2.05,2.05,False,False,False,False,True
112,3,40,30,5.0,12,dry,sedan,0,0,,True,True,False,진행,옵션,False,4.25,0,39.7,0,False,999.0,False,False,True,False,2026-05-03T19:39:28.327638,,40.8,40.8,False,False,True,False,True
113,3,40,30,5.0,12,dry,sedan,45,15,sedan,True,True,True,진행,옵션,False,4.25,0,39.7,0,False,15,False,False,True,False,2026-05-03T19:39:29.924254,,52.67,52.67,False,False,True,False,True
114,3,40,40,3.0,12,dry,sedan,0,0,,False,True,False,급정지,일반,False,5.45,0,0.0,0,False,999.0,True,False,True,False,2026-05-03T19:39:31.725889,,-2.1,2.1,False,False,False,False,True
115,3,40,40,3.0,12,dry,sedan,45,15,sedan,False,True,True,감속,일반,False,4.0,0,0.0,0,False,8.19,True,False,True,False,2026-05-03T19:39:33.189487,,-1.51,1.51,False,False,False,False,True
116,3,40,40,4.0,12,dry,sedan,0,0,,False,True,False,급정지,일반,False,5.45,0,0.0,0,False,999.0,True,False,True,False,2026-05-03T19:39:34.588419,,-2.1,2.1,False,False,False,False,True
117,3,40,40,4.0,12,dry,sedan,45,15,sedan,False,True,True,감속,일반,False,4.0,0,0.0,0,False,8.19,True,False,True,False,2026-05-03T19:39:36.051290,,-1.51,1.51,False,False,False,False,True
118,3,40,40,5.0,12,dry,sedan,0,0,,False,True,False,급정지,일반,False,5.45,0,0.0,0,False,999.0,True,False,True,False,2026-05-03T19:39:37.466666,,-2.1,2.1,False,False,False,False,True
119,3,40,40,5.0,12,dry,sedan,45,15,sedan,False,True,True,감속,일반,False,4.0,0,0.0,0,False,8.19,True,False,True,False,2026-05-03T19:39:38.941586,,-1.51,1.51,False,False,False,False,True
120,3,40,50,3.0,12,dry,sedan,0,0,,False,True,False,급정지,일반,False,6.4,0,0.5,0,False,999.0,True,False,True,False,2026-05-03T19:39:40.343323,,-2.28,2.28,False,False,False,False,True
121,3,40,50,3.0,12,dry,sedan,45,15,sedan,False,True,True,감속,일반,False,4.9,0,0.0,0,False,12.78,True,False,True,False,2026-05-03T19:39:41.974376,,-1.52,1.52,False,False,False,False,True
122,3,40,50,4.0,12,dry,sedan,0,0,,False,True,False,급정지,일반,False,6.4,0,0.5,0,False,999.0,True,False,True,False,2026-05-03T19:39:43.532119,,-2.28,2.28,False,False,False,False,True
123,3,40,50,4.0,12,dry,sedan,45,15,sedan,False,True,True,감속,일반,False,4.9,0,0.0,0,False,12.78,True,False,True,False,2026-05-03T19:39:45.167339,,-1.52,1.52,False,False,False,False,True
124,3,40,50,5.0,12,dry,sedan,0,0,,False,True,False,급정지,일반,False,6.4,0,0.5,0,False,999.0,True,False,True,False,2026-05-03T19:39:46.717396,,-2.28,2.28,False,False,False,False,True
125,3,40,50,5.0,12,dry,sedan,45,15,sedan,False,True,True,감속,일반,False,4.9,0,0.0,0,False,12.78,True,False,True,False,2026-05-03T19:39:48.346451,,-1.52,1.52,False,False,False,False,True
126,3,40,60,3.0,12,dry,sedan,0,0,,False,True,False,급정지,일반,False,7.45,0,0.5,0,False,999.0,True,False,True,False,2026-05-03T19:39:49.898599,,-2.03,2.03,False,False,False,False,True
127,3,40,60,3.0,12,dry,sedan,45,15,sedan,False,True,True,감속,일반,False,5.9,0,0.0,0,False,15,True,False,True,False,2026-05-03T19:39:51.713051,,-1.53,1.53,False,False,False,False,True
128,3,40,60,4.0,12,dry,sedan,0,0,,False,True,False,급정지,일반,False,7.45,0,0.5,0,False,999.0,True,False,True,False,2026-05-03T19:39:53.465429,,-2.03,2.03,False,False,False,False,True
129,3,40,60,4.0,12,dry,sedan,45,15,sedan,False,True,True,감속,일반,False,5.9,0,0.0,0,False,15,True,False,True,False,2026-05-03T19:39:55.266515,,-1.53,1.53,False,False,False,False,True
130,3,40,60,5.0,12,dry,sedan,0,0,,False,True,False,급정지,일반,False,7.65,0,0.6,0,False,999.0,True,False,True,False,2026-05-03T19:39:56.999947,,-2.19,2.19,False,False,False,False,True
131,3,40,60,5.0,12,dry,sedan,45,15,sedan,False,True,True,감속,일반,False,5.9,0,0.0,0,False,15,True,False,True,False,2026-05-03T19:39:58.843298,,-1.53,1.53,False,False,False,False,True
132,3,40,70,3.0,12,dry,sedan,0,0,,False,True,False,급정지,일반,False,8.7,0,0.0,0,False,999.0,True,False,True,False,2026-05-03T19:40:00.564475,,-2.12,2.12,False,False,False,False,True
133,3,40,70,3.0,12,dry,sedan,45,15,sedan,False,True,True,감속,일반,False,6.8,0,0.5,0,False,15,True,False,True,False,2026-05-03T19:40:02.587176,,-1.53,1.53,False,False,False,False,True
134,3,40,70,4.0,12,dry,sedan,0,0,,False,True,False,급정지,일반,False,8.7,0,0.0,0,False,999.0,True,False,True,False,2026-05-03T19:40:04.473606,,-2.12,2.12,False,False,False,False,True
135,3,40,70,4.0,12,dry,sedan,45,15,sedan,False,True,True,감속,일반,False,6.8,0,0.5,0,False,15,True,False,True,False,2026-05-03T19:40:06.486532,,-1.53,1.53,False,False,False,False,True
136,3,40,70,5.0,12,dry,sedan,0,0,,False,True,False,급정지,일반,False,8.7,0,0.0,0,False,999.0,True,False,True,False,2026-05-03T19:40:08.364415,,-2.12,2.12,False,False,False,False,True
137,3,40,70,5.0,12,dry,sedan,45,15,sedan,False,True,True,감속,일반,False,6.8,0,0.5,0,False,15,True,False,True,False,2026-05-03T19:40:10.385565,,-1.53,1.53,False,False,False,False,True
138,3,40,80,3.0,12,dry,sedan,0,0,,False,True,False,급정지,일반,False,9.55,0,0.0,0,False,999.0,True,False,True,False,2026-05-03T19:40:12.273219,,-2.1,2.1,False,False,False,False,True
139,3,40,80,3.0,12,dry,sedan,45,15,sedan,False,True,True,감속,일반,False,7.85,0,0.0,0,False,15,True,False,True,False,2026-05-03T19:40:14.435650,,-1.52,1.52,False,False,False,False,True
140,3,40,80,4.0,12,dry,sedan,0,0,,False,True,False,급정지,일반,False,9.55,0,0.0,0,False,999.0,True,False,True,False,2026-05-03T19:40:16.504945,,-2.1,2.1,False,False,False,False,True
141,3,40,80,4.0,12,dry,sedan,45,15,sedan,False,True,True,감속,일반,False,7.85,0,0.0,0,False,15,True,False,True,False,2026-05-03T19:40:18.675167,,-1.52,1.52,False,False,False,False,True
142,3,40,80,5.0,12,dry,sedan,0,0,,False,True,False,급정지,일반,False,9.55,0,0.0,0,False,999.0,True,False,True,False,2026-05-03T19:40:20.732311,,-2.1,2.1,False,False,False,False,True
143,3,40,80,5.0,12,dry,sedan,45,15,sedan,False,True,True,감속,일반,False,7.85,0,0.0,0,False,15,True,False,True,False,2026-05-03T19:40:22.897790,,-1.52,1.52,False,False,False,False,True
144,3,45,10,3.0,12,dry,sedan,0,0,,True,False,False,진행,일반,False,2.15,0,44.6,0,False,999.0,False,False,True,False,2026-05-03T19:40:24.963233,,44.05,44.05,False,False,True,False,True
145,3,45,10,3.0,12,dry,sedan,50,15,sedan,True,False,True,진행,일반,False,2.15,0,44.6,0,False,15,False,False,True,False,2026-05-03T19:40:26.211489,,57.4,57.4,False,False,True,False,True
146,3,45,10,4.0,12,dry,sedan,0,0,,True,False,False,진행,일반,False,2.15,0,44.6,0,False,999.0,False,False,True,False,2026-05-03T19:40:27.654401,,44.05,44.05,False,False,True,False,True
147,3,45,10,4.0,12,dry,sedan,50,15,sedan,True,False,True,진행,일반,False,2.15,0,44.6,0,False,15,False,False,True,False,2026-05-03T19:40:28.908747,,57.4,57.4,False,False,True,False,True
148,3,45,10,5.0,12,dry,sedan,0,0,,True,False,False,진행,일반,False,2.15,0,44.6,0,False,999.0,False,False,True,False,2026-05-03T19:40:30.350425,,44.05,44.05,False,False,True,False,True
149,3,45,10,5.0,12,dry,sedan,50,15,sedan,True,False,True,진행,일반,False,2.15,0,44.6,0,False,15,False,False,True,False,2026-05-03T19:40:31.599096,,57.4,57.4,False,False,True,False,True
150,3,45,20,3.0,12,dry,sedan,0,0,,False,False,False,급정지,딜레마,False,2.85,0,0.0,0,False,999.0,True,False,True,False,2026-05-03T19:40:33.048626,,-1.96,1.96,False,False,False,True,True
151,3,45,20,3.0,12,dry,sedan,50,15,sedan,False,False,True,급정지,딜레마,False,1.55,0,0.0,0,False,13.09,True,False,True,False,2026-05-03T19:40:34.068594,,3.44,3.44,True,False,False,True,True
152,3,45,20,4.0,12,dry,sedan,0,0,,True,False,False,진행,일반,False,3.0,0,44.6,0,False,999.0,False,False,True,False,2026-05-03T19:40:35.049424,,43.96,43.96,False,False,True,False,True
153,3,45,20,4.0,12,dry,sedan,50,15,sedan,True,False,True,진행,일반,False,3.0,0,44.6,0,False,15,False,False,True,False,2026-05-03T19:40:36.439813,,57.31,57.31,False,False,True,False,True
154,3,45,20,5.0,12,dry,sedan,0,0,,True,False,False,진행,일반,False,3.0,0,44.6,0,False,999.0,False,False,True,False,2026-05-03T19:40:38.022277,,43.95,43.95,False,False,True,False,True
155,3,45,20,5.0,12,dry,sedan,50,15,sedan,True,False,True,진행,일반,False,3.0,0,44.6,0,False,15,False,False,True,False,2026-05-03T19:40:39.404461,,57.31,57.31,False,False,True,False,True
156,3,45,30,3.0,12,dry,sedan,0,0,,False,True,False,급정지,일반,False,4.55,0,0.0,0,False,999.0,True,False,True,False,2026-05-03T19:40:40.984562,,-2.15,2.15,False,False,False,False,True
157,3,45,30,3.0,12,dry,sedan,50,15,sedan,False,True,True,급정지,일반,False,2.2,0,0.0,0,False,9.74,True,False,True,False,2026-05-03T19:40:42.302053,,-1.99,1.99,False,False,False,False,True
158,3,45,30,4.0,12,dry,sedan,0,0,,False,True,False,급정지,일반,False,4.55,0,0.0,0,False,999.0,True,False,True,False,2026-05-03T19:40:43.395277,,-2.15,2.15,False,False,False,False,True
159,3,45,30,4.0,12,dry,sedan,50,15,sedan,False,True,True,급정지,일반,False,2.2,0,0.0,0,False,9.74,True,False,True,False,2026-05-03T19:40:44.703374,,-1.99,1.99,False,False,False,False,True
160,3,45,30,5.0,12,dry,sedan,0,0,,True,True,False,진행,옵션,False,3.8,0,44.6,0,False,999.0,False,False,True,False,2026-05-03T19:40:45.795972,,43.86,43.86,False,False,True,False,True
161,3,45,30,5.0,12,dry,sedan,50,15,sedan,True,True,True,진행,옵션,False,3.8,0,44.6,0,False,15,False,False,True,False,2026-05-03T19:40:47.329512,,57.22,57.22,False,False,True,False,True
162,3,45,40,3.0,12,dry,sedan,0,0,,False,True,False,급정지,일반,False,5.55,0,0.5,0,False,999.0,True,False,True,False,2026-05-03T19:40:49.053496,,-2.23,2.23,False,False,False,False,True
163,3,45,40,3.0,12,dry,sedan,50,15,sedan,False,True,True,감속,일반,False,3.8,0,0.0,0,False,4.13,True,False,True,False,2026-05-03T19:40:50.529113,,-1.5,1.5,False,False,False,False,True
164,3,45,40,4.0,12,dry,sedan,0,0,,False,True,False,급정지,일반,False,5.55,0,0.5,0,False,999.0,True,False,True,False,2026-05-03T19:40:51.899380,,-2.23,2.23,False,False,False,False,True
165,3,45,40,4.0,12,dry,sedan,50,15,sedan,False,True,True,감속,일반,False,3.8,0,0.0,0,False,4.13,True,False,True,False,2026-05-03T19:40:53.383457,,-1.5,1.5,False,False,False,False,True
166,3,45,40,5.0,12,dry,sedan,0,0,,False,True,False,급정지,일반,False,5.55,0,0.5,0,False,999.0,True,False,True,False,2026-05-03T19:40:54.751478,,-2.23,2.23,False,False,False,False,True
167,3,45,40,5.0,12,dry,sedan,50,15,sedan,False,True,True,감속,일반,False,3.8,0,0.0,0,False,4.13,True,False,True,False,2026-05-03T19:40:56.234950,,-1.5,1.5,False,False,False,False,True
168,3,45,50,3.0,12,dry,sedan,0,0,,False,True,False,급정지,일반,False,6.35,0,0.0,0,False,999.0,True,False,True,False,2026-05-03T19:40:57.605948,,-2.09,2.09,False,False,False,False,True
169,3,45,50,3.0,12,dry,sedan,50,15,sedan,False,True,True,감속,일반,False,4.65,0,0.6,0,False,7.51,True,False,True,False,2026-05-03T19:40:59.219622,,-1.53,1.53,False,False,False,False,True
170,3,45,50,4.0,12,dry,sedan,0,0,,False,True,False,급정지,일반,False,6.55,0,0.0,0,False,999.0,True,False,True,False,2026-05-03T19:41:00.726553,,-2.11,2.11,False,False,False,False,True
171,3,45,50,4.0,12,dry,sedan,50,15,sedan,False,True,True,감속,일반,False,4.65,0,0.6,0,False,7.51,True,False,True,False,2026-05-03T19:41:02.373625,,-1.53,1.53,False,False,False,False,True
172,3,45,50,5.0,12,dry,sedan,0,0,,False,True,False,급정지,일반,False,6.35,0,0.0,0,False,999.0,True,False,True,False,2026-05-03T19:41:03.893578,,-2.09,2.09,False,False,False,False,True
173,3,45,50,5.0,12,dry,sedan,50,15,sedan,False,True,True,감속,일반,False,4.65,0,0.6,0,False,7.51,True,False,True,False,2026-05-03T19:41:05.510120,,-1.53,1.53,False,False,False,False,True
174,3,45,60,3.0,12,dry,sedan,0,0,,False,True,False,급정지,일반,False,7.15,0,0.0,0,False,999.0,True,False,True,False,2026-05-03T19:41:07.019793,,-2.08,2.08,False,False,False,False,True
175,3,45,60,3.0,12,dry,sedan,50,15,sedan,False,True,True,감속,일반,False,5.45,0,0.0,0,False,12.55,True,False,True,False,2026-05-03T19:41:08.775018,,-1.5,1.5,False,False,False,False,True
176,3,45,60,4.0,12,dry,sedan,0,0,,False,True,False,급정지,일반,False,7.15,0,0.9,0,False,999.0,True,False,True,False,2026-05-03T19:41:10.428548,,-2.04,2.04,False,False,False,False,True
177,3,45,60,4.0,12,dry,sedan,50,15,sedan,False,True,True,감속,일반,False,5.45,0,0.0,0,False,12.55,True,False,True,False,2026-05-03T19:41:12.191051,,-1.5,1.5,False,False,False,False,True
178,3,45,60,5.0,12,dry,sedan,0,0,,False,True,False,급정지,일반,False,7.15,0,0.0,0,False,999.0,True,False,True,False,2026-05-03T19:41:13.839244,,-2.08,2.08,False,False,False,False,True
179,3,45,60,5.0,12,dry,sedan,50,15,sedan,False,True,True,감속,일반,False,5.45,0,0.0,0,False,12.55,True,False,True,False,2026-05-03T19:41:15.587549,,-1.5,1.5,False,False,False,False,True
180,3,45,70,3.0,12,dry,sedan,0,0,,False,True,False,급정지,일반,False,8.15,0,0.0,0,False,999.0,True,False,True,False,2026-05-03T19:41:17.241881,,-2.05,2.05,False,False,False,False,True
181,3,45,70,3.0,12,dry,sedan,50,15,sedan,False,True,True,감속,일반,False,6.3,0,0.8,0,False,15,True,False,True,False,2026-05-03T19:41:19.162369,,-1.5,1.5,False,False,False,False,True
182,3,45,70,4.0,12,dry,sedan,0,0,,False,True,False,급정지,일반,False,8.15,0,0.0,0,False,999.0,True,False,True,False,2026-05-03T19:41:20.956503,,-2.05,2.05,False,False,False,False,True
183,3,45,70,4.0,12,dry,sedan,50,15,sedan,False,True,True,감속,일반,False,6.3,0,0.0,0,False,15,True,False,True,False,2026-05-03T19:41:22.883827,,-1.52,1.52,False,False,False,False,True
184,3,45,70,5.0,12,dry,sedan,0,0,,False,True,False,급정지,일반,False,8.15,0,0.0,0,False,999.0,True,False,True,False,2026-05-03T19:41:24.678629,,-2.05,2.05,False,False,False,False,True
185,3,45,70,5.0,12,dry,sedan,50,15,sedan,False,True,True,감속,일반,False,6.3,0,0.8,0,False,15,True,False,True,False,2026-05-03T19:41:26.659336,,-1.5,1.5,False,False,False,False,True
186,3,45,80,3.0,12,dry,sedan,0,0,,False,True,False,급정지,일반,False,9.3,0,0.0,0,False,999.0,True,False,True,False,2026-05-03T19:41:28.415550,,-2.13,2.13,False,False,False,False,True
187,3,45,80,3.0,12,dry,sedan,50,15,sedan,False,True,True,감속,일반,False,7.25,0,0.0,0,False,15,True,False,True,False,2026-05-03T19:41:30.495433,,-1.48,1.48,False,False,False,False,True
188,3,45,80,4.0,12,dry,sedan,0,0,,False,True,False,급정지,일반,False,9.3,0,0.0,0,False,999.0,True,False,True,False,2026-05-03T19:41:32.409490,,-2.13,2.13,False,False,False,False,True
189,3,45,80,4.0,12,dry,sedan,50,15,sedan,False,True,True,감속,일반,False,7.25,0,0.0,0,False,15,True,False,True,False,2026-05-03T19:41:34.470722,,-1.48,1.48,False,False,False,False,True
190,3,45,80,5.0,12,dry,sedan,0,0,,False,True,False,급정지,일반,False,9.3,0,0.0,0,False,999.0,True,False,True,False,2026-05-03T19:41:36.390223,,-2.13,2.13,False,False,False,False,True
191,3,45,80,5.0,12,dry,sedan,50,15,sedan,False,True,True,감속,일반,False,7.25,0,0.0,0,False,15,True,False,True,False,2026-05-03T19:41:38.455561,,-1.48,1.48,False,False,False,False,True
192,3,50,10,3.0,12,dry,sedan,0,0,,True,False,False,진행,일반,False,1.95,0,49.5,0,False,999.0,False,False,True,False,2026-05-03T19:41:40.368663,,47.17,47.17,False,False,True,False,True
193,3,50,10,3.0,12,dry,sedan,55,15,sedan,True,False,True,진행,일반,False,1.95,0,49.5,0,False,15,False,False,True,False,2026-05-03T19:41:41.556462,,62.01,62.01,False,False,True,False,True
194,3,50,10,4.0,12,dry,sedan,0,0,,True,False,False,진행,일반,False,1.95,0,49.5,0,False,999.0,False,False,True,False,2026-05-03T19:41:42.937736,,47.17,47.17,False,False,True,False,True
195,3,50,10,4.0,12,dry,sedan,55,15,sedan,True,False,True,진행,일반,False,1.95,0,49.5,0,False,15,False,False,True,False,2026-05-03T19:41:44.115432,,62.01,62.01,False,False,True,False,True
196,3,50,10,5.0,12,dry,sedan,0,0,,True,False,False,진행,일반,False,1.95,0,49.5,0,False,999.0,False,False,True,False,2026-05-03T19:41:45.484389,,47.17,47.17,False,False,True,False,True
197,3,50,10,5.0,12,dry,sedan,55,15,sedan,True,False,True,진행,일반,False,1.95,0,49.5,0,False,15,False,False,True,False,2026-05-03T19:41:46.658237,,62.01,62.01,False,False,True,False,True
198,3,50,20,3.0,12,dry,sedan,0,0,,False,False,False,급정지,딜레마,False,2.6,0,0.0,0,False,999.0,True,False,True,False,2026-05-03T19:41:48.027552,,-1.93,1.93,False,False,False,True,True
199,3,50,20,3.0,12,dry,sedan,55,15,sedan,False,False,True,급정지,딜레마,False,1.55,0,0.0,0,False,13.25,False,False,False,False,2026-05-03T19:41:48.966511,,6.04,6.04,False,True,False,True,False
200,3,50,20,4.0,12,dry,sedan,0,0,,True,False,False,진행,일반,False,2.7,0,49.5,0,False,999.0,False,False,True,False,2026-05-03T19:41:49.923523,,46.78,46.78,False,False,True,False,True
201,3,50,20,4.0,12,dry,sedan,55,15,sedan,True,False,True,진행,일반,False,2.7,0,49.5,0,False,15,False,False,True,False,2026-05-03T19:41:51.220555,,61.62,61.62,False,False,True,False,True
202,3,50,20,5.0,12,dry,sedan,0,0,,True,False,False,진행,일반,False,2.7,0,49.5,0,False,999.0,False,False,True,False,2026-05-03T19:41:52.696549,,46.78,46.78,False,False,True,False,True
203,3,50,20,5.0,12,dry,sedan,55,15,sedan,True,False,True,진행,일반,False,2.7,0,49.5,0,False,15,False,False,True,False,2026-05-03T19:41:53.987627,,61.62,61.62,False,False,True,False,True
204,3,50,30,3.0,12,dry,sedan,0,0,,False,True,False,급정지,일반,False,4.45,0,0.6,0,False,999.0,True,False,True,False,2026-05-03T19:41:55.468756,,-2.12,2.12,False,False,False,False,True
205,3,50,30,3.0,12,dry,sedan,55,15,sedan,False,True,True,급정지,일반,False,1.55,0,0.0,0,False,15,True,False,True,False,2026-05-03T19:41:56.727584,,-1.09,1.09,False,False,False,False,True
206,3,50,30,4.0,12,dry,sedan,0,0,,True,True,False,진행,옵션,False,3.4,0,49.4,0,False,999.0,False,False,True,False,2026-05-03T19:41:57.680785,,47.08,47.08,False,False,True,False,True
207,3,50,30,4.0,12,dry,sedan,55,15,sedan,True,True,True,진행,옵션,False,3.4,0,49.4,0,False,15,False,False,True,False,2026-05-03T19:41:59.104366,,61.92,61.92,False,False,True,False,True
208,3,50,30,5.0,12,dry,sedan,0,0,,True,True,False,진행,옵션,False,3.4,0,49.4,0,False,999.0,False,False,True,False,2026-05-03T19:42:00.711774,,47.08,47.08,False,False,True,False,True
209,3,50,30,5.0,12,dry,sedan,55,15,sedan,True,True,True,진행,옵션,False,3.4,0,49.4,0,False,15,False,False,True,False,2026-05-03T19:42:02.130317,,61.92,61.92,False,False,True,False,True
210,3,50,40,3.0,12,dry,sedan,0,0,,False,True,False,급정지,일반,False,5.6,0,0.7,0,False,999.0,True,False,True,False,2026-05-03T19:42:03.763396,,-2.17,2.17,False,False,False,False,True
211,3,50,40,3.0,12,dry,sedan,55,15,sedan,False,True,True,급정지,일반,False,3.95,0,0.4,0,True,0.03,True,False,False,False,2026-05-03T19:42:05.240065,,-1.0,1.0,False,False,False,False,True
212,3,50,40,4.0,12,dry,sedan,0,0,,False,True,False,급정지,일반,False,5.6,0,0.7,0,False,999.0,True,False,True,False,2026-05-03T19:42:06.598939,,-2.17,2.17,False,False,False,False,True
213,3,50,40,4.0,12,dry,sedan,55,15,sedan,False,True,True,급정지,일반,False,3.95,0,0.4,0,True,0.03,True,False,False,False,2026-05-03T19:42:08.050280,,-1.0,1.0,False,False,False,False,True
214,3,50,40,5.0,12,dry,sedan,0,0,,True,True,False,진행,옵션,False,4.15,0,49.4,0,False,999.0,False,False,True,False,2026-05-03T19:42:09.420762,,46.7,46.7,False,False,True,False,True
215,3,50,40,5.0,12,dry,sedan,55,15,sedan,True,True,True,진행,옵션,False,4.15,0,49.4,0,False,15,False,False,True,False,2026-05-03T19:42:10.960128,,61.53,61.53,False,False,True,False,True
216,3,50,50,3.0,12,dry,sedan,0,0,,False,True,False,급정지,일반,False,6.1,0,0.7,0,False,999.0,True,False,True,False,2026-05-03T19:42:12.693461,,-2.41,2.41,False,False,False,False,True
217,3,50,50,3.0,12,dry,sedan,55,15,sedan,False,True,True,감속,일반,False,4.45,0,0.5,0,False,2.53,True,False,True,False,2026-05-03T19:42:14.218933,,-1.47,1.47,False,False,False,False,True
218,3,50,50,4.0,12,dry,sedan,0,0,,False,True,False,급정지,일반,False,6.1,0,0.7,0,False,999.0,True,False,True,False,2026-05-03T19:42:15.651899,,-2.41,2.41,False,False,False,False,True
219,3,50,50,4.0,12,dry,sedan,55,15,sedan,False,True,True,감속,일반,False,4.45,0,0.5,0,False,2.53,True,False,True,False,2026-05-03T19:42:17.173391,,-1.47,1.47,False,False,False,False,True
220,3,50,50,5.0,12,dry,sedan,0,0,,False,True,False,급정지,일반,False,6.1,0,0.7,0,False,999.0,True,False,True,False,2026-05-03T19:42:18.645509,,-2.41,2.41,False,False,False,False,True
221,3,50,50,5.0,12,dry,sedan,55,15,sedan,False,True,True,감속,일반,False,4.45,0,0.5,0,False,2.53,True,False,True,False,2026-05-03T19:42:20.210882,,-1.47,1.47,False,False,False,False,True
222,3,50,60,3.0,12,dry,sedan,0,0,,False,True,False,급정지,일반,False,7.1,0,0.5,0,False,999.0,True,False,True,False,2026-05-03T19:42:21.698928,,-2.22,2.22,False,False,False,False,True
223,3,50,60,3.0,12,dry,sedan,55,15,sedan,False,True,True,감속,일반,False,5.15,0,0.0,0,False,6.61,True,False,True,False,2026-05-03T19:42:23.414556,,-1.74,1.74,False,False,False,False,True
224,3,50,60,4.0,12,dry,sedan,0,0,,False,True,False,급정지,일반,False,7.1,0,0.5,0,False,999.0,True,False,True,False,2026-05-03T19:42:24.969011,,-2.22,2.22,False,False,False,False,True
225,3,50,60,4.0,12,dry,sedan,55,15,sedan,False,True,True,감속,일반,False,5.15,0,0.0,0,False,6.61,True,False,True,False,2026-05-03T19:42:26.730829,,-1.74,1.74,False,False,False,False,True
226,3,50,60,5.0,12,dry,sedan,0,0,,False,True,False,급정지,일반,False,7.1,0,0.5,0,False,999.0,True,False,True,False,2026-05-03T19:42:28.324470,,-2.22,2.22,False,False,False,False,True
227,3,50,60,5.0,12,dry,sedan,55,15,sedan,False,True,True,감속,일반,False,5.15,0,0.0,0,False,6.61,True,False,True,False,2026-05-03T19:42:30.058900,,-1.74,1.74,False,False,False,False,True
228,3,50,70,3.0,12,dry,sedan,0,0,,False,True,False,급정지,일반,False,7.85,0,0.7,0,False,999.0,True,False,True,False,2026-05-03T19:42:31.643733,,-2.19,2.19,False,False,False,False,True
229,3,50,70,3.0,12,dry,sedan,55,15,sedan,False,True,True,감속,일반,False,5.95,0,0.0,0,False,11.45,True,False,True,False,2026-05-03T19:42:33.495697,,-1.57,1.57,False,False,False,False,True
230,3,50,70,4.0,12,dry,sedan,0,0,,False,True,False,급정지,일반,False,7.85,0,0.7,0,False,999.0,True,False,True,False,2026-05-03T19:42:35.221290,,-2.19,2.19,False,False,False,False,True
231,3,50,70,4.0,12,dry,sedan,55,15,sedan,False,True,True,감속,일반,False,5.95,0,0.0,0,False,11.45,True,False,True,False,2026-05-03T19:42:37.116533,,-1.57,1.57,False,False,False,False,True
232,3,50,70,5.0,12,dry,sedan,0,0,,False,True,False,급정지,일반,False,7.85,0,0.7,0,False,999.0,True,False,True,False,2026-05-03T19:42:38.944679,,-2.19,2.19,False,False,False,False,True
233,3,50,70,5.0,12,dry,sedan,55,15,sedan,False,True,True,감속,일반,False,5.95,0,0.0,0,False,11.45,True,False,True,False,2026-05-03T19:42:40.775628,,-1.57,1.57,False,False,False,False,True
234,3,50,80,3.0,12,dry,sedan,0,0,,False,True,False,급정지,일반,False,8.7,0,0.0,0,False,999.0,True,False,True,False,2026-05-03T19:42:42.538464,,-2.13,2.13,False,False,False,False,True
235,3,50,80,3.0,12,dry,sedan,55,15,sedan,False,True,True,감속,일반,False,6.75,0,0.5,0,False,15,True,False,True,False,2026-05-03T19:42:44.539190,,-1.51,1.51,False,False,False,False,True
236,3,50,80,4.0,12,dry,sedan,0,0,,False,True,False,급정지,일반,False,8.7,0,0.0,0,False,999.0,True,False,True,False,2026-05-03T19:42:46.403447,,-2.13,2.13,False,False,False,False,True
237,3,50,80,4.0,12,dry,sedan,55,15,sedan,False,True,True,감속,일반,False,6.75,0,0.5,0,False,15,True,False,True,False,2026-05-03T19:42:48.415564,,-1.51,1.51,False,False,False,False,True
238,3,50,80,5.0,12,dry,sedan,0,0,,False,True,False,급정지,일반,False,8.7,0,0.0,0,False,999.0,True,False,True,False,2026-05-03T19:42:50.276209,,-2.13,2.13,False,False,False,False,True
239,3,50,80,5.0,12,dry,sedan,55,15,sedan,False,True,True,감속,일반,False,6.75,0,0.5,0,False,15,True,False,True,False,2026-05-03T19:42:52.283521,,-1.51,1.51,False,False,False,False,True
240,3,55,10,3.0,12,dry,sedan,0,0,,True,False,False,진행,일반,False,1.8,0,54.3,0,False,999.0,False,False,True,False,2026-05-03T19:42:54.139667,,49.75,49.75,False,False,True,False,True
241,3,55,10,3.0,12,dry,sedan,60,15,sedan,True,False,True,진행,일반,False,1.8,0,54.3,0,False,15,False,False,True,False,2026-05-03T19:42:55.328094,,66.07,66.07,False,False,True,False,True
242,3,55,10,4.0,12,dry,sedan,0,0,,True,False,False,진행,일반,False,1.8,0,54.3,0,False,999.0,False,False,True,False,2026-05-03T19:42:56.696673,,49.75,49.75,False,False,True,False,True
243,3,55,10,4.0,12,dry,sedan,60,15,sedan,True,False,True,진행,일반,False,1.8,0,54.3,0,False,15,False,False,True,False,2026-05-03T19:42:57.868411,,66.07,66.07,False,False,True,False,True
244,3,55,10,5.0,12,dry,sedan,0,0,,True,False,False,진행,일반,False,1.8,0,54.3,0,False,999.0,False,False,True,False,2026-05-03T19:42:59.240054,,49.75,49.75,False,False,True,False,True
245,3,55,10,5.0,12,dry,sedan,60,15,sedan,True,False,True,진행,일반,False,1.8,0,54.3,0,False,15,False,False,True,False,2026-05-03T19:43:00.410187,,66.07,66.07,False,False,True,False,True
246,3,55,20,3.0,12,dry,sedan,0,0,,True,False,False,진행,일반,False,2.45,0,54.3,0,False,999.0,False,False,True,False,2026-05-03T19:43:01.778772,,49.56,49.56,False,False,True,False,True
247,3,55,20,3.0,12,dry,sedan,60,15,sedan,True,False,True,진행,일반,False,2.45,0,54.3,0,False,15,False,False,True,False,2026-05-03T19:43:03.058898,,66.64,66.64,False,False,True,False,True
248,3,55,20,4.0,12,dry,sedan,0,0,,True,False,False,진행,일반,False,2.45,0,54.3,0,False,999.0,False,False,True,False,2026-05-03T19:43:04.546633,,49.56,49.56,False,False,True,False,True
249,3,55,20,4.0,12,dry,sedan,60,15,sedan,True,False,True,진행,일반,False,2.45,0,54.3,0,False,15,False,False,True,False,2026-05-03T19:43:05.823437,,66.64,66.64,False,False,True,False,True
250,3,55,20,5.0,12,dry,sedan,0,0,,True,False,False,진행,일반,False,2.45,0,54.3,0,False,999.0,False,False,True,False,2026-05-03T19:43:07.316748,,49.56,49.56,False,False,True,False,True
251,3,55,20,5.0,12,dry,sedan,60,15,sedan,True,False,True,진행,일반,False,2.45,0,54.3,0,False,15,False,False,True,False,2026-05-03T19:43:08.593466,,66.64,66.64,False,False,True,False,True
252,3,55,30,3.0,12,dry,sedan,0,0,,False,False,False,급정지,딜레마,False,4.15,0,0.0,0,False,999.0,True,False,True,False,2026-05-03T19:43:10.068943,,-2.11,2.11,False,False,False,True,True
253,3,55,30,3.0,12,dry,sedan,60,15,sedan,False,False,True,급정지,딜레마,False,1.55,0,0.0,0,False,15,True,False,True,False,2026-05-03T19:43:11.299282,,2.08,2.08,True,False,False,True,True
254,3,55,30,4.0,12,dry,sedan,0,0,,True,False,False,진행,일반,False,3.1,0,54.3,0,False,999.0,False,False,True,False,2026-05-03T19:43:12.269736,,50.12,50.12,False,False,True,False,True
255,3,55,30,4.0,12,dry,sedan,60,15,sedan,True,False,True,진행,일반,False,3.1,0,54.3,0,False,15,False,False,True,False,2026-05-03T19:43:13.670412,,66.44,66.44,False,False,True,False,True
256,3,55,30,5.0,12,dry,sedan,0,0,,True,False,False,진행,일반,False,3.1,0,54.3,0,False,999.0,False,False,True,False,2026-05-03T19:43:15.255346,,50.12,50.12,False,False,True,False,True
257,3,55,30,5.0,12,dry,sedan,60,15,sedan,True,False,True,진행,일반,False,3.1,0,54.3,0,False,15,False,False,True,False,2026-05-03T19:43:16.657630,,66.44,66.44,False,False,True,False,True
258,3,55,40,3.0,12,dry,sedan,0,0,,False,True,False,급정지,일반,False,5.2,0,0.0,0,False,999.0,True,False,True,False,2026-05-03T19:43:18.254580,,-2.23,2.23,False,False,False,False,True
259,3,55,40,3.0,12,dry,sedan,60,15,sedan,False,True,True,급정지,일반,False,2.95,0,0.0,0,False,2.99,True,False,True,False,2026-05-03T19:43:19.668688,,-1.85,1.85,False,False,False,False,True
260,3,55,40,4.0,12,dry,sedan,0,0,,False,True,False,급정지,일반,False,5.2,0,0.0,0,False,999.0,True,False,True,False,2026-05-03T19:43:20.884723,,-2.23,2.23,False,False,False,False,True
261,3,55,40,4.0,12,dry,sedan,60,15,sedan,False,True,True,급정지,일반,False,2.95,0,0.0,0,False,2.99,True,False,True,False,2026-05-03T19:43:22.303528,,-1.85,1.85,False,False,False,False,True
262,3,55,40,5.0,12,dry,sedan,0,0,,True,True,False,진행,옵션,False,3.75,0,54.3,0,False,999.0,False,False,True,False,2026-05-03T19:43:23.518929,,49.93,49.93,False,False,True,False,True
263,3,55,40,5.0,12,dry,sedan,60,15,sedan,True,True,True,진행,옵션,False,3.8,0,54.3,0,False,15,False,False,True,False,2026-05-03T19:43:25.039209,,66.25,66.25,False,False,True,False,True
264,3,55,50,3.0,12,dry,sedan,0,0,,False,True,False,급정지,일반,False,6.35,0,0.5,0,False,999.0,True,False,True,False,2026-05-03T19:43:26.747740,,-2.2,2.2,False,False,False,False,True
265,3,55,50,3.0,12,dry,sedan,60,15,sedan,False,True,True,급정지,일반,False,4.3,0,0.0,0,True,0.01,True,False,False,False,2026-05-03T19:43:28.352259,,-1.75,1.75,False,False,False,False,True
266,3,55,50,4.0,12,dry,sedan,0,0,,False,True,False,급정지,일반,False,6.35,0,0.5,0,False,999.0,True,False,True,False,2026-05-03T19:43:29.804729,,-2.2,2.2,False,False,False,False,True
267,3,55,50,4.0,12,dry,sedan,60,15,sedan,False,True,True,급정지,일반,False,4.3,0,0.0,0,True,0.01,True,False,False,False,2026-05-03T19:43:31.414865,,-1.75,1.75,False,False,False,False,True
268,3,55,50,5.0,12,dry,sedan,0,0,,True,True,False,진행,옵션,False,4.45,0,54.3,0,False,999.0,False,False,True,False,2026-05-03T19:43:32.859559,,49.74,49.74,False,False,True,False,True
269,3,55,50,5.0,12,dry,sedan,60,15,sedan,True,True,True,진행,옵션,False,4.45,0,54.3,0,False,15,False,False,True,False,2026-05-03T19:43:34.476823,,66.06,66.06,False,False,True,False,True
270,3,55,60,3.0,12,dry,sedan,0,0,,False,True,False,급정지,일반,False,6.85,0,1.0,0,False,999.0,True,False,True,False,2026-05-03T19:43:36.287739,,-2.37,2.37,False,False,False,False,True
271,3,55,60,3.0,12,dry,sedan,60,15,sedan,False,True,True,감속,일반,False,4.95,0,0.0,0,True,1.15,True,False,False,False,2026-05-03T19:43:37.980954,,-1.63,1.63,False,False,False,False,True
272,3,55,60,4.0,12,dry,sedan,0,0,,False,True,False,급정지,일반,False,6.85,0,1.0,0,False,999.0,True,False,True,False,2026-05-03T19:43:39.536749,,-2.37,2.37,False,False,False,False,True
273,3,55,60,4.0,12,dry,sedan,60,15,sedan,False,True,True,감속,일반,False,4.95,0,0.0,0,True,1.15,True,False,False,False,2026-05-03T19:43:41.233530,,-1.63,1.63,False,False,False,False,True
274,3,55,60,5.0,12,dry,sedan,0,0,,False,True,False,급정지,일반,False,6.85,0,1.0,0,False,999.0,True,False,True,False,2026-05-03T19:43:42.787214,,-2.37,2.37,False,False,False,False,True
275,3,55,60,5.0,12,dry,sedan,60,15,sedan,False,True,True,감속,일반,False,4.95,0,0.0,0,True,1.15,True,False,False,False,2026-05-03T19:43:44.492257,,-1.63,1.63,False,False,False,False,True
276,3,55,70,3.0,12,dry,sedan,0,0,,False,True,False,급정지,일반,False,7.5,0,0.5,0,False,999.0,True,False,True,False,2026-05-03T19:43:46.049290,,-2.45,2.45,False,False,False,False,True
277,3,55,70,3.0,12,dry,sedan,60,15,sedan,False,True,True,감속,일반,False,5.8,0,0.0,0,False,4.25,True,False,True,False,2026-05-03T19:43:47.860937,,-1.43,1.43,False,False,False,False,True
278,3,55,70,4.0,12,dry,sedan,0,0,,False,True,False,급정지,일반,False,7.5,0,0.5,0,False,999.0,True,False,True,False,2026-05-03T19:43:49.557380,,-2.45,2.45,False,False,False,False,True
279,3,55,70,4.0,12,dry,sedan,60,15,sedan,False,True,True,감속,일반,False,5.8,0,0.0,0,False,4.25,True,False,True,False,2026-05-03T19:43:51.359831,,-1.43,1.43,False,False,False,False,True
280,3,55,70,5.0,12,dry,sedan,0,0,,False,True,False,급정지,일반,False,7.5,0,0.5,0,False,999.0,True,False,True,False,2026-05-03T19:43:53.062170,,-2.45,2.45,False,False,False,False,True
281,3,55,70,5.0,12,dry,sedan,60,15,sedan,False,True,True,감속,일반,False,5.8,0,0.0,0,False,4.25,True,False,True,False,2026-05-03T19:43:54.872992,,-1.43,1.43,False,False,False,False,True
282,3,55,80,3.0,12,dry,sedan,0,0,,False,True,False,급정지,일반,False,8.6,0,0.7,0,False,999.0,True,False,True,False,2026-05-03T19:43:56.568720,,-2.16,2.16,False,False,False,False,True
283,3,55,80,3.0,12,dry,sedan,60,15,sedan,False,True,True,감속,일반,False,6.4,0,0.6,0,False,9.95,True,False,True,False,2026-05-03T19:43:58.577807,,-1.54,1.54,False,False,False,False,True
284,3,55,80,4.0,12,dry,sedan,0,0,,False,True,False,급정지,일반,False,8.6,0,0.7,0,False,999.0,True,False,True,False,2026-05-03T19:44:00.390995,,-2.16,2.16,False,False,False,False,True
285,3,55,80,4.0,12,dry,sedan,60,15,sedan,False,True,True,감속,일반,False,6.4,0,0.6,0,False,9.95,True,False,True,False,2026-05-03T19:44:02.380800,,-1.54,1.54,False,False,False,False,True
286,3,55,80,5.0,12,dry,sedan,0,0,,False,True,False,급정지,일반,False,8.6,0,0.7,0,False,999.0,True,False,True,False,2026-05-03T19:44:04.176838,,-2.16,2.16,False,False,False,False,True
287,3,55,80,5.0,12,dry,sedan,60,15,sedan,False,True,True,감속,일반,False,6.4,0,0.6,0,False,9.95,True,False,True,False,2026-05-03T19:44:06.163877,,-1.54,1.54,False,False,False,False,True
288,3,60,10,3.0,12,dry,sedan,0,0,,True,False,False,진행,일반,False,1.65,0,59.2,0,False,999.0,False,False,True,False,2026-05-03T19:44:07.962848,,52.64,52.64,False,False,True,False,True
289,3,60,10,3.0,12,dry,sedan,65,15,sedan,True,False,True,진행,일반,False,1.65,0,59.2,0,False,15,False,False,True,False,2026-05-03T19:44:09.117799,,70.45,70.45,False,False,True,False,True
290,3,60,10,4.0,12,dry,sedan,0,0,,True,False,False,진행,일반,False,1.65,0,59.2,0,False,999.0,False,False,True,False,2026-05-03T19:44:10.464758,,52.64,52.64,False,False,True,False,True
291,3,60,10,4.0,12,dry,sedan,65,15,sedan,True,False,True,진행,일반,False,1.65,0,59.2,0,False,15,False,False,True,False,2026-05-03T19:44:11.619784,,70.45,70.45,False,False,True,False,True
292,3,60,10,5.0,12,dry,sedan,0,0,,True,False,False,진행,일반,False,1.65,0,59.2,0,False,999.0,False,False,True,False,2026-05-03T19:44:12.957881,,52.64,52.64,False,False,True,False,True
293,3,60,10,5.0,12,dry,sedan,65,15,sedan,True,False,True,진행,일반,False,1.65,0,59.2,0,False,15,False,False,True,False,2026-05-03T19:44:14.113638,,70.45,70.45,False,False,True,False,True
294,3,60,20,3.0,12,dry,sedan,0,0,,True,False,False,진행,일반,False,2.25,0,59.2,0,False,999.0,False,False,True,False,2026-05-03T19:44:15.453688,,53.33,53.33,False,False,True,False,True
295,3,60,20,3.0,12,dry,sedan,65,15,sedan,True,False,True,진행,일반,False,2.25,0,59.2,0,False,15,False,False,True,False,2026-05-03T19:44:16.701042,,71.14,71.14,False,False,True,False,True
296,3,60,20,4.0,12,dry,sedan,0,0,,True,False,False,진행,일반,False,2.25,0,59.2,0,False,999.0,False,False,True,False,2026-05-03T19:44:18.153856,,53.33,53.33,False,False,True,False,True
297,3,60,20,4.0,12,dry,sedan,65,15,sedan,True,False,True,진행,일반,False,2.25,0,59.2,0,False,15,False,False,True,False,2026-05-03T19:44:19.402930,,71.14,71.14,False,False,True,False,True
298,3,60,20,5.0,12,dry,sedan,0,0,,True,False,False,진행,일반,False,2.25,0,59.2,0,False,999.0,False,False,True,False,2026-05-03T19:44:20.851551,,53.33,53.33,False,False,True,False,True
299,3,60,20,5.0,12,dry,sedan,65,15,sedan,True,False,True,진행,일반,False,2.25,0,59.2,0,False,15,False,False,True,False,2026-05-03T19:44:22.116231,,71.14,71.14,False,False,True,False,True
300,3,60,30,3.0,12,dry,sedan,0,0,,False,False,False,급정지,딜레마,False,3.75,0,0.0,0,False,999.0,True,False,True,False,2026-05-03T19:44:23.589350,,-1.93,1.93,False,False,False,True,True
301,3,60,30,3.0,12,dry,sedan,65,15,sedan,False,False,True,급정지,딜레마,False,1.55,0,0.0,0,False,15,True,False,True,False,2026-05-03T19:44:24.759414,,4.91,4.91,True,False,False,True,True
302,3,60,30,4.0,12,dry,sedan,0,0,,True,False,False,진행,일반,False,2.85,0,59.2,0,False,999.0,False,False,True,False,2026-05-03T19:44:25.734693,,53.2,53.2,False,False,True,False,True
303,3,60,30,4.0,12,dry,sedan,65,15,sedan,True,False,True,진행,일반,False,2.85,0,59.2,0,False,15,False,False,True,False,2026-05-03T19:44:27.087886,,71.01,71.01,False,False,True,False,True
304,3,60,30,5.0,12,dry,sedan,0,0,,True,False,False,진행,일반,False,2.85,0,59.2,0,False,999.0,False,False,True,False,2026-05-03T19:44:28.645290,,53.2,53.2,False,False,True,False,True
305,3,60,30,5.0,12,dry,sedan,65,15,sedan,True,False,True,진행,일반,False,2.85,0,59.2,0,False,15,False,False,True,False,2026-05-03T19:44:29.995833,,71.01,71.01,False,False,True,False,True
306,3,60,40,3.0,12,dry,sedan,0,0,,False,True,False,급정지,일반,False,5.05,0,0.6,0,False,999.0,True,False,True,False,2026-05-03T19:44:31.549208,,-2.1,2.1,False,False,False,False,True
307,3,60,40,3.0,12,dry,sedan,65,15,sedan,False,True,True,급정지,일반,False,2.35,0,0.5,0,False,7.53,True,False,True,False,2026-05-03T19:44:32.934791,,-1.88,1.88,False,False,False,False,True
308,3,60,40,4.0,12,dry,sedan,0,0,,True,True,False,진행,옵션,False,3.45,0,59.2,0,False,999.0,False,False,True,False,2026-05-03T19:44:34.048017,,53.07,53.07,False,False,True,False,True
309,3,60,40,4.0,12,dry,sedan,65,15,sedan,True,True,True,진행,옵션,False,3.45,0,59.2,0,False,15,False,False,True,False,2026-05-03T19:44:35.511989,,70.88,70.88,False,False,True,False,True
310,3,60,40,5.0,12,dry,sedan,0,0,,True,True,False,진행,옵션,False,3.45,0,59.2,0,False,999.0,False,False,True,False,2026-05-03T19:44:37.169908,,53.07,53.07,False,False,True,False,True
311,3,60,40,5.0,12,dry,sedan,65,15,sedan,True,True,True,진행,옵션,False,3.45,0,59.2,0,False,15,False,False,True,False,2026-05-03T19:44:38.647518,,70.88,70.88,False,False,True,False,True
312,3,60,50,3.0,12,dry,sedan,0,0,,False,True,False,급정지,일반,False,6.3,0,1.0,0,False,999.0,True,False,True,False,2026-05-03T19:44:40.306744,,-2.21,2.21,False,False,False,False,True
313,3,60,50,3.0,12,dry,sedan,65,15,sedan,False,True,True,급정지,일반,False,4.15,0,0.0,0,True,0.04,True,False,False,False,2026-05-03T19:44:41.922981,,-0.08,0.08,False,False,False,False,True
314,3,60,50,4.0,12,dry,sedan,0,0,,False,True,False,급정지,일반,False,6.3,0,1.0,0,False,999.0,True,False,True,False,2026-05-03T19:44:43.356489,,-2.21,2.21,False,False,False,False,True
315,3,60,50,4.0,12,dry,sedan,65,15,sedan,False,True,True,급정지,일반,False,4.15,0,0.0,0,True,0.04,True,False,False,False,2026-05-03T19:44:44.955132,,-0.08,0.08,False,False,False,False,True
316,3,60,50,5.0,12,dry,sedan,0,0,,True,True,False,진행,옵션,False,4.05,0,59.2,0,False,999.0,False,False,True,False,2026-05-03T19:44:46.381474,,52.94,52.94,False,False,True,False,True
317,3,60,50,5.0,12,dry,sedan,65,15,sedan,True,True,True,진행,옵션,False,4.1,0,59.2,0,False,15,False,False,True,False,2026-05-03T19:44:47.947802,,70.75,70.75,False,False,True,False,True
318,3,60,60,3.0,12,dry,sedan,0,0,,False,True,False,급정지,일반,False,6.85,0,1.0,0,False,999.0,True,False,True,False,2026-05-03T19:44:49.696946,,-2.23,2.23,False,False,False,False,True
319,3,60,60,3.0,12,dry,sedan,65,15,sedan,False,True,True,감속,일반,False,4.9,0,0.0,0,True,0.04,True,False,False,False,2026-05-03T19:44:51.392594,,-0.09,0.09,False,False,False,False,True
320,3,60,60,4.0,12,dry,sedan,0,0,,False,True,False,급정지,일반,False,7.3,0,0.0,0,False,999.0,True,False,True,False,2026-05-03T19:44:52.946339,,-2.09,2.09,False,False,False,False,True
321,3,60,60,4.0,12,dry,sedan,65,15,sedan,False,True,True,감속,일반,False,4.9,0,0.0,0,True,0.04,True,False,False,False,2026-05-03T19:44:54.714832,,-0.09,0.09,False,False,False,False,True
322,3,60,60,5.0,12,dry,sedan,0,0,,False,True,False,급정지,일반,False,6.85,0,1.0,0,False,999.0,True,False,True,False,2026-05-03T19:44:56.267568,,-2.23,2.23,False,False,False,False,True
323,3,60,60,5.0,12,dry,sedan,65,15,sedan,False,True,True,감속,일반,False,4.9,0,0.0,0,True,0.04,True,False,False,False,2026-05-03T19:44:57.953706,,-0.09,0.09,False,False,False,False,True
324,3,60,70,3.0,12,dry,sedan,0,0,,False,True,False,급정지,일반,False,7.6,0,0.0,0,False,999.0,True,False,True,False,2026-05-03T19:44:59.505797,,-2.07,2.07,False,False,False,False,True
325,3,60,70,3.0,12,dry,sedan,65,15,sedan,False,True,True,감속,일반,False,5.85,0,0.0,0,True,0.04,True,False,False,False,2026-05-03T19:45:01.332080,,-0.01,0.01,False,False,False,False,True
326,3,60,70,4.0,12,dry,sedan,0,0,,False,True,False,급정지,일반,False,7.6,0,0.0,0,False,999.0,True,False,True,False,2026-05-03T19:45:03.036899,,-2.07,2.07,False,False,False,False,True
327,3,60,70,4.0,12,dry,sedan,65,15,sedan,False,True,True,감속,일반,False,5.85,0,0.0,0,True,0.04,True,False,False,False,2026-05-03T19:45:04.860185,,-0.01,0.01,False,False,False,False,True
328,3,60,70,5.0,12,dry,sedan,0,0,,False,True,False,급정지,일반,False,7.6,0,0.0,0,False,999.0,True,False,True,False,2026-05-03T19:45:06.583797,,-2.07,2.07,False,False,False,False,True
329,3,60,70,5.0,12,dry,sedan,65,15,sedan,False,True,True,감속,일반,False,5.85,0,0.0,0,True,0.04,True,False,False,False,2026-05-03T19:45:08.401422,,-0.01,0.01,False,False,False,False,True
330,3,60,80,3.0,12,dry,sedan,0,0,,False,True,False,급정지,일반,False,8.4,0,0.6,0,False,999.0,True,False,True,False,2026-05-03T19:45:10.111225,,-2.15,2.15,False,False,False,False,True
331,3,60,80,3.0,12,dry,sedan,65,15,sedan,False,True,True,감속,일반,False,6.2,0,0.5,0,False,2.52,True,False,True,False,2026-05-03T19:45:12.070998,,-1.53,1.53,False,False,False,False,True
332,3,60,80,4.0,12,dry,sedan,0,0,,False,True,False,급정지,일반,False,8.4,0,0.6,0,False,999.0,True,False,True,False,2026-05-03T19:45:13.845999,,-2.15,2.15,False,False,False,False,True
333,3,60,80,4.0,12,dry,sedan,65,15,sedan,False,True,True,감속,일반,False,6.2,0,0.5,0,False,2.52,True,False,True,False,2026-05-03T19:45:15.794975,,-1.53,1.53,False,False,False,False,True
334,3,60,80,5.0,12,dry,sedan,0,0,,False,True,False,급정지,일반,False,8.4,0,0.6,0,False,999.0,True,False,True,False,2026-05-03T19:45:17.577080,,-2.15,2.15,False,False,False,False,True
335,3,60,80,5.0,12,dry,sedan,65,15,sedan,False,True,True,감속,일반,False,6.2,0,0.5,0,False,2.52,True,False,True,False,2026-05-03T19:45:19.543861,,-1.53,1.53,False,False,False,False,True
336,3,30,10,3.0,12,wet,sedan,0,0,,False,False,False,급정지,딜레마,False,1.75,0,0.6,0,False,999.0,True,False,True,False,2026-05-03T19:45:21.310428,,-2.6,2.6,False,False,False,True,True
337,3,30,10,3.0,12,wet,sedan,35,15,sedan,False,False,False,급정지,딜레마,False,1.55,0,0.0,0,False,9.78,True,False,True,False,2026-05-03T19:45:22.310314,,3.02,3.02,True,False,False,True,True
338,3,30,10,4.0,12,wet,sedan,0,0,,True,False,False,진행,일반,False,3.2,0,30.0,0,False,999.0,False,False,True,False,2026-05-03T19:45:23.532403,,34.76,34.76,False,False,True,False,True
339,3,30,10,4.0,12,wet,sedan,35,15,sedan,True,False,False,진행,일반,False,3.2,0,30.0,0,False,14.7,False,False,True,False,2026-05-03T19:45:25.319427,,43.64,43.64,False,False,True,False,True
340,3,30,10,5.0,12,wet,sedan,0,0,,True,False,False,진행,일반,False,3.2,0,30.0,0,False,999.0,False,False,True,False,2026-05-03T19:45:27.360801,,34.77,34.77,False,False,True,False,True
341,3,30,10,5.0,12,wet,sedan,35,15,sedan,True,False,False,진행,일반,False,3.2,0,30.0,0,False,14.7,False,False,True,False,2026-05-03T19:45:29.152642,,43.64,43.64,False,False,True,False,True
342,3,30,20,3.0,12,wet,sedan,0,0,,False,True,False,급정지,일반,False,4.85,0,0.0,0,False,999.0,True,False,True,False,2026-05-03T19:45:31.186525,,-2.16,2.16,False,False,False,False,True
343,3,30,20,3.0,12,wet,sedan,35,15,sedan,False,True,False,급정지,일반,False,2.6,0,0.0,0,False,5.46,True,False,True,False,2026-05-03T19:45:32.900838,,-2.35,2.35,False,False,False,False,True
344,3,30,20,4.0,12,wet,sedan,0,0,,False,True,False,급정지,일반,False,4.85,0,0.0,0,False,999.0,True,False,True,False,2026-05-03T19:45:34.359954,,-2.16,2.16,False,False,False,False,True
345,3,30,20,4.0,12,wet,sedan,35,15,sedan,False,True,False,급정지,일반,False,2.6,0,0.0,0,False,5.46,True,False,True,False,2026-05-03T19:45:36.076320,,-2.35,2.35,False,False,False,False,True
346,3,30,20,5.0,12,wet,sedan,0,0,,True,True,False,진행,옵션,False,4.4,0,30.0,0,False,999.0,False,False,True,False,2026-05-03T19:45:37.524161,,34.76,34.76,False,False,True,False,True
347,3,30,20,5.0,12,wet,sedan,35,15,sedan,True,True,False,진행,옵션,False,4.4,0,30.0,0,False,13.02,False,False,True,False,2026-05-03T19:45:39.211003,,43.64,43.64,False,False,True,False,True
348,3,30,30,3.0,12,wet,sedan,0,0,,False,True,False,급정지,일반,False,5.7,0,0.9,0,False,999.0,True,False,True,False,2026-05-03T19:45:41.408924,,-2.56,2.56,False,False,False,False,True
349,3,30,30,3.0,12,wet,sedan,35,15,sedan,False,True,False,급정지,일반,False,4.8,0,0.6,0,True,0.79,True,False,False,False,2026-05-03T19:45:43.309924,,-2.33,2.33,False,False,False,False,True
350,3,30,30,4.0,12,wet,sedan,0,0,,False,True,False,급정지,일반,False,5.7,0,0.9,0,False,999.0,True,False,True,False,2026-05-03T19:45:45.272701,,-2.56,2.56,False,False,False,False,True
351,3,30,30,4.0,12,wet,sedan,35,15,sedan,False,True,False,급정지,일반,False,4.75,0,0.5,0,True,1.16,True,False,False,False,2026-05-03T19:45:47.163834,,-2.23,2.23,False,False,False,False,True
352,3,30,30,5.0,12,wet,sedan,0,0,,False,True,False,급정지,일반,False,5.7,0,0.9,0,False,999.0,True,False,True,False,2026-05-03T19:45:49.090711,,-2.56,2.56,False,False,False,False,True
353,3,30,30,5.0,12,wet,sedan,35,15,sedan,False,True,False,급정지,일반,False,4.75,0,0.5,0,True,1.16,True,False,False,False,2026-05-03T19:45:50.982692,,-2.23,2.23,False,False,False,False,True
354,3,30,40,3.0,12,wet,sedan,0,0,,False,True,False,급정지,일반,False,7.15,0,0.0,0,False,999.0,True,False,True,False,2026-05-03T19:45:52.614816,,-2.38,2.38,False,False,False,False,True
355,3,30,40,3.0,12,wet,sedan,35,15,sedan,False,True,False,급정지,일반,False,6.25,0,0.4,0,False,7.5,True,False,True,False,2026-05-03T19:45:54.780774,,-2.24,2.24,False,False,False,False,True
356,3,30,40,4.0,12,wet,sedan,0,0,,False,True,False,급정지,일반,False,7.15,0,0.0,0,False,999.0,True,False,True,False,2026-05-03T19:45:57.037006,,-2.38,2.38,False,False,False,False,True
357,3,30,40,4.0,12,wet,sedan,35,15,sedan,False,True,False,급정지,일반,False,6.25,0,0.4,0,False,7.5,True,False,True,False,2026-05-03T19:45:59.257814,,-2.24,2.24,False,False,False,False,True
358,3,30,40,5.0,12,wet,sedan,0,0,,False,True,False,급정지,일반,False,7.15,0,0.0,0,False,999.0,True,False,True,False,2026-05-03T19:46:01.156870,,-2.38,2.38,False,False,False,False,True
359,3,30,40,5.0,12,wet,sedan,35,15,sedan,False,True,False,급정지,일반,False,6.25,0,0.4,0,False,7.5,True,False,True,False,2026-05-03T19:46:03.333942,,-2.24,2.24,False,False,False,False,True
360,3,30,50,3.0,12,wet,sedan,0,0,,False,True,False,급정지,일반,False,8.8,0,0.9,0,False,999.0,True,False,True,False,2026-05-03T19:46:05.590973,,-2.24,2.24,False,False,False,False,True
361,3,30,50,3.0,12,wet,sedan,35,15,sedan,False,True,False,급정지,일반,False,7.4,0,0.0,0,False,13.96,True,False,True,False,2026-05-03T19:46:08.172207,,-2.29,2.29,False,False,False,False,True
362,3,30,50,4.0,12,wet,sedan,0,0,,False,True,False,급정지,일반,False,8.8,0,0.9,0,False,999.0,True,False,True,False,2026-05-03T19:46:10.679119,,-2.24,2.24,False,False,False,False,True
363,3,30,50,4.0,12,wet,sedan,35,15,sedan,False,True,False,급정지,일반,False,7.4,0,0.0,0,False,13.96,True,False,True,False,2026-05-03T19:46:13.263662,,-2.29,2.29,False,False,False,False,True
364,3,30,50,5.0,12,wet,sedan,0,0,,False,True,False,급정지,일반,False,8.8,0,0.9,0,False,999.0,True,False,True,False,2026-05-03T19:46:15.772893,,-2.24,2.24,False,False,False,False,True
365,3,30,50,5.0,12,wet,sedan,35,15,sedan,False,True,False,급정지,일반,False,7.4,0,0.0,0,False,13.96,True,False,True,False,2026-05-03T19:46:18.237040,,-2.29,2.29,False,False,False,False,True
366,3,30,60,3.0,12,wet,sedan,0,0,,False,True,False,급정지,일반,False,10.05,0,0.0,0,False,999.0,True,False,True,False,2026-05-03T19:46:20.623111,,-2.24,2.24,False,False,False,False,True
367,3,30,60,3.0,12,wet,sedan,35,15,sedan,False,True,False,급정지,일반,False,8.8,0,0.7,0,False,15,True,False,True,False,2026-05-03T19:46:23.329626,,-2.44,2.44,False,False,False,False,True
368,3,30,60,4.0,12,wet,sedan,0,0,,False,True,False,급정지,일반,False,10.05,0,0.0,0,False,999.0,True,False,True,False,2026-05-03T19:46:25.992372,,-2.24,2.24,False,False,False,False,True
369,3,30,60,4.0,12,wet,sedan,35,15,sedan,False,True,False,급정지,일반,False,8.8,0,0.7,0,False,15,True,False,True,False,2026-05-03T19:46:28.694084,,-2.44,2.44,False,False,False,False,True
370,3,30,60,5.0,12,wet,sedan,0,0,,False,True,False,급정지,일반,False,10.05,0,0.0,0,False,999.0,True,False,True,False,2026-05-03T19:46:31.368571,,-2.24,2.24,False,False,False,False,True
371,3,30,60,5.0,12,wet,sedan,35,15,sedan,False,True,False,급정지,일반,False,8.8,0,0.7,0,False,15,True,False,True,False,2026-05-03T19:46:33.654992,,-2.44,2.44,False,False,False,False,True
372,3,30,70,3.0,12,wet,sedan,0,0,,False,True,False,급정지,일반,False,11.3,0,0.0,0,False,999.0,True,False,True,False,2026-05-03T19:46:36.257350,,-2.25,2.25,False,False,False,False,True
373,3,30,70,3.0,12,wet,sedan,35,15,sedan,False,True,False,급정지,일반,False,10.3,0,0.7,0,False,15,True,False,True,False,2026-05-03T19:46:39.215155,,-2.39,2.39,False,False,False,False,True
374,3,30,70,4.0,12,wet,sedan,0,0,,False,True,False,급정지,일반,False,11.3,0,0.0,0,False,999.0,True,False,True,False,2026-05-03T19:46:42.196951,,-2.25,2.25,False,False,False,False,True
375,3,30,70,4.0,12,wet,sedan,35,15,sedan,False,True,False,급정지,일반,False,10.3,0,0.7,0,False,15,True,False,True,False,2026-05-03T19:46:45.158046,,-2.39,2.39,False,False,False,False,True
376,3,30,70,5.0,12,wet,sedan,0,0,,False,True,False,급정지,일반,False,11.3,0,0.0,0,False,999.0,True,False,True,False,2026-05-03T19:46:48.144063,,-2.25,2.25,False,False,False,False,True
377,3,30,70,5.0,12,wet,sedan,35,15,sedan,False,True,False,급정지,일반,False,10.3,0,0.7,0,False,15,True,False,True,False,2026-05-03T19:46:50.654143,,-2.39,2.39,False,False,False,False,True
378,3,30,80,3.0,12,wet,sedan,0,0,,False,True,False,급정지,일반,False,12.7,0,0.8,0,False,999.0,True,False,True,False,2026-05-03T19:46:53.552338,,-2.33,2.33,False,False,False,False,True
379,3,30,80,3.0,12,wet,sedan,35,15,sedan,False,True,False,급정지,일반,False,11.6,0,0.6,0,False,15,True,False,True,False,2026-05-03T19:46:56.808231,,-2.4,2.4,False,False,False,False,True
380,3,30,80,4.0,12,wet,sedan,0,0,,False,True,False,급정지,일반,False,12.7,0,0.8,0,False,999.0,True,False,True,False,2026-05-03T19:47:00.062064,,-2.33,2.33,False,False,False,False,True
381,3,30,80,4.0,12,wet,sedan,35,15,sedan,False,True,False,급정지,일반,False,11.6,0,0.6,0,False,15,True,False,True,False,2026-05-03T19:47:03.312864,,-2.4,2.4,False,False,False,False,True
382,3,30,80,5.0,12,wet,sedan,0,0,,False,True,False,급정지,일반,False,12.7,0,0.8,0,False,999.0,True,False,True,False,2026-05-03T19:47:06.554199,,-2.33,2.33,False,False,False,False,True
383,3,30,80,5.0,12,wet,sedan,35,15,sedan,False,True,False,급정지,일반,False,11.6,0,0.6,0,False,15,True,False,True,False,2026-05-03T19:47:09.799190,,-2.4,2.4,False,False,False,False,True
384,3,35,10,3.0,12,wet,sedan,0,0,,False,False,False,급정지,딜레마,False,1.55,0,0.8,0,False,999.0,True,False,True,False,2026-05-03T19:47:13.053829,,-2.26,2.26,False,False,False,True,True
385,3,35,10,3.0,12,wet,sedan,40,15,sedan,False,False,True,급정지,딜레마,False,1.55,0,0.0,0,False,10.26,False,False,False,False,2026-05-03T19:47:13.995112,,5.88,5.88,True,False,False,True,False
386,3,35,10,4.0,12,wet,sedan,0,0,,True,False,False,진행,일반,False,2.75,0,34.9,0,False,999.0,False,False,True,False,2026-05-03T19:47:15.156101,,37.64,37.64,False,False,True,False,True
387,3,35,10,4.0,12,wet,sedan,40,15,sedan,True,False,True,진행,일반,False,2.75,0,34.8,0,False,15,False,False,True,False,2026-05-03T19:47:16.755313,,48.5,48.5,False,False,True,False,True
388,3,35,10,5.0,12,wet,sedan,0,0,,True,False,False,진행,일반,False,2.75,0,34.9,0,False,999.0,False,False,True,False,2026-05-03T19:47:18.598536,,37.64,37.64,False,False,True,False,True
389,3,35,10,5.0,12,wet,sedan,40,15,sedan,True,False,True,진행,일반,False,2.75,0,34.8,0,False,15,False,False,True,False,2026-05-03T19:47:20.198301,,48.5,48.5,False,False,True,False,True
390,3,35,20,3.0,12,wet,sedan,0,0,,False,False,False,급정지,딜레마,False,4.4,0,0.0,0,False,999.0,True,False,True,False,2026-05-03T19:47:22.053050,,-2.26,2.26,False,False,False,True,True
391,3,35,20,3.0,12,wet,sedan,40,15,sedan,False,False,True,급정지,딜레마,False,1.55,0,0.0,0,False,12.32,True,False,True,False,2026-05-03T19:47:23.617144,,-2.05,2.05,False,False,False,True,True
392,3,35,20,4.0,12,wet,sedan,0,0,,False,False,False,급정지,딜레마,False,4.4,0,0.0,0,False,999.0,True,False,True,False,2026-05-03T19:47:24.746038,,-2.26,2.26,False,False,False,True,True
393,3,35,20,4.0,12,wet,sedan,40,15,sedan,False,False,True,급정지,딜레마,False,1.55,0,0.0,0,False,12.32,True,False,True,False,2026-05-03T19:47:26.237586,,-2.05,2.05,False,False,False,True,True
394,3,35,20,5.0,12,wet,sedan,0,0,,True,False,False,진행,일반,False,3.8,0,34.8,0,False,999.0,False,False,True,False,2026-05-03T19:47:27.374986,,37.81,37.81,False,False,True,False,True
395,3,35,20,5.0,12,wet,sedan,40,15,sedan,True,False,True,진행,일반,False,3.8,0,34.8,0,False,15,False,False,True,False,2026-05-03T19:47:28.900190,,48.18,48.18,False,False,True,False,True
396,3,35,30,3.0,12,wet,sedan,0,0,,False,True,False,급정지,일반,False,6.25,0,0.0,0,False,999.0,True,False,True,False,2026-05-03T19:47:30.837445,,-2.16,2.16,False,False,False,False,True
397,3,35,30,3.0,12,wet,sedan,40,15,sedan,False,True,True,급정지,일반,False,4.3,0,0.0,0,True,0.04,True,False,False,False,2026-05-03T19:47:32.695157,,-1.79,1.79,False,False,False,False,True
398,3,35,30,4.0,12,wet,sedan,0,0,,False,True,False,급정지,일반,False,6.25,0,0.0,0,False,999.0,True,False,True,False,2026-05-03T19:47:34.379241,,-2.16,2.16,False,False,False,False,True
399,3,35,30,4.0,12,wet,sedan,40,15,sedan,False,True,True,급정지,일반,False,4.3,0,0.0,0,True,0.04,True,False,False,False,2026-05-03T19:47:36.242325,,-1.79,1.79,False,False,False,False,True
400,3,35,30,5.0,12,wet,sedan,0,0,,False,True,False,급정지,일반,False,6.25,0,0.0,0,False,999.0,True,False,True,False,2026-05-03T19:47:37.964303,,-2.16,2.16,False,False,False,False,True
401,3,35,30,5.0,12,wet,sedan,40,15,sedan,False,True,True,급정지,일반,False,4.3,0,0.0,0,True,0.04,True,False,False,False,2026-05-03T19:47:39.824939,,-1.79,1.79,False,False,False,False,True
402,3,35,40,3.0,12,wet,sedan,0,0,,False,True,False,급정지,일반,False,6.9,0,0.5,0,False,999.0,True,False,True,False,2026-05-03T19:47:41.514838,,-2.47,2.47,False,False,False,False,True
403,3,35,40,3.0,12,wet,sedan,40,15,sedan,False,True,True,감속,일반,False,5.35,0,0.6,0,True,0.84,True,False,False,False,2026-05-03T19:47:43.497568,,-2.13,2.13,False,False,False,False,True
404,3,35,40,4.0,12,wet,sedan,0,0,,False,True,False,급정지,일반,False,6.9,0,0.5,0,False,999.0,True,False,True,False,2026-05-03T19:47:45.397107,,-2.47,2.47,False,False,False,False,True
405,3,35,40,4.0,12,wet,sedan,40,15,sedan,False,True,True,감속,일반,False,5.35,0,0.6,0,True,0.84,True,False,False,False,2026-05-03T19:47:47.380713,,-2.13,2.13,False,False,False,False,True
406,3,35,40,5.0,12,wet,sedan,0,0,,False,True,False,급정지,일반,False,6.9,0,0.5,0,False,999.0,True,False,True,False,2026-05-03T19:47:49.281225,,-2.47,2.47,False,False,False,False,True
407,3,35,40,5.0,12,wet,sedan,40,15,sedan,False,True,True,감속,일반,False,5.25,0,0.0,0,True,1.41,True,False,False,False,2026-05-03T19:47:51.273833,,-2.17,2.17,False,False,False,False,True
408,3,35,50,3.0,12,wet,sedan,0,0,,False,True,False,급정지,일반,False,8.2,0,0.8,0,False,999.0,True,False,True,False,2026-05-03T19:47:53.155919,,-2.34,2.34,False,False,False,False,True
409,3,35,50,3.0,12,wet,sedan,40,15,sedan,False,True,True,감속,일반,False,6.25,0,0.0,0,False,5.85,True,False,True,False,2026-05-03T19:47:55.406081,,-2.08,2.08,False,False,False,False,True
410,3,35,50,4.0,12,wet,sedan,0,0,,False,True,False,급정지,일반,False,8.2,0,0.8,0,False,999.0,True,False,True,False,2026-05-03T19:47:57.491304,,-2.34,2.34,False,False,False,False,True
411,3,35,50,4.0,12,wet,sedan,40,15,sedan,False,True,True,감속,일반,False,6.25,0,0.0,0,False,5.85,True,False,True,False,2026-05-03T19:47:59.744909,,-2.08,2.08,False,False,False,False,True
412,3,35,50,5.0,12,wet,sedan,0,0,,False,True,False,급정지,일반,False,8.2,0,0.8,0,False,999.0,True,False,True,False,2026-05-03T19:48:01.817141,,-2.34,2.34,False,False,False,False,True
413,3,35,50,5.0,12,wet,sedan,40,15,sedan,False,True,True,감속,일반,False,6.25,0,0.0,0,False,5.85,True,False,True,False,2026-05-03T19:48:04.070624,,-2.08,2.08,False,False,False,False,True
414,3,35,60,3.0,12,wet,sedan,0,0,,False,True,False,급정지,일반,False,9.15,0,1.0,0,False,999.0,True,False,True,False,2026-05-03T19:48:06.155587,,-2.51,2.51,False,False,False,False,True
415,3,35,60,3.0,12,wet,sedan,40,15,sedan,False,True,True,감속,일반,False,7.35,0,0.6,0,False,10.85,True,False,True,False,2026-05-03T19:48:08.587694,,-2.13,2.13,False,False,False,False,True
416,3,35,60,4.0,12,wet,sedan,0,0,,False,True,False,급정지,일반,False,9.15,0,1.0,0,False,999.0,True,False,True,False,2026-05-03T19:48:10.887473,,-2.51,2.51,False,False,False,False,True
417,3,35,60,4.0,12,wet,sedan,40,15,sedan,False,True,True,감속,일반,False,7.35,0,0.6,0,False,10.85,True,False,True,False,2026-05-03T19:48:12.958458,,-2.13,2.13,False,False,False,False,True
418,3,35,60,5.0,12,wet,sedan,0,0,,False,True,False,급정지,일반,False,9.15,0,1.0,0,False,999.0,True,False,True,False,2026-05-03T19:48:15.194175,,-2.51,2.51,False,False,False,False,True
419,3,35,60,5.0,12,wet,sedan,40,15,sedan,False,True,True,감속,일반,False,7.35,0,0.6,0,False,10.85,True,False,True,False,2026-05-03T19:48:17.275645,,-2.13,2.13,False,False,False,False,True
420,3,35,70,3.0,12,wet,sedan,0,0,,False,True,False,급정지,일반,False,10.5,0,0.8,0,False,999.0,True,False,True,False,2026-05-03T19:48:19.510780,,-2.33,2.33,False,False,False,False,True
421,3,35,70,3.0,12,wet,sedan,40,15,sedan,False,True,True,감속,일반,False,8.65,0,0.9,0,False,15,True,False,True,False,2026-05-03T19:48:22.217145,,-2.15,2.15,False,False,False,False,True
422,3,35,70,4.0,12,wet,sedan,0,0,,False,True,False,급정지,일반,False,10.5,0,0.8,0,False,999.0,True,False,True,False,2026-05-03T19:48:24.779079,,-2.33,2.33,False,False,False,False,True
423,3,35,70,4.0,12,wet,sedan,40,15,sedan,False,True,True,감속,일반,False,8.65,0,0.9,0,False,15,True,False,True,False,2026-05-03T19:48:27.484236,,-2.15,2.15,False,False,False,False,True
424,3,35,70,5.0,12,wet,sedan,0,0,,False,True,False,급정지,일반,False,10.5,0,0.8,0,False,999.0,True,False,True,False,2026-05-03T19:48:30.050833,,-2.33,2.33,False,False,False,False,True
425,3,35,70,5.0,12,wet,sedan,40,15,sedan,False,True,True,감속,일반,False,8.65,0,0.9,0,False,15,True,False,True,False,2026-05-03T19:48:32.767081,,-2.15,2.15,False,False,False,False,True
426,3,35,80,3.0,12,wet,sedan,0,0,,False,True,False,급정지,일반,False,11.55,0,0.0,0,False,999.0,True,False,True,False,2026-05-03T19:48:35.340073,,-2.37,2.37,False,False,False,False,True
427,3,35,80,3.0,12,wet,sedan,40,15,sedan,False,True,True,감속,일반,False,9.7,0,0.6,0,False,15,True,False,True,False,2026-05-03T19:48:38.263862,,-2.17,2.17,False,False,False,False,True
428,3,35,80,4.0,12,wet,sedan,0,0,,False,True,False,급정지,일반,False,11.55,0,0.0,0,False,999.0,True,False,True,False,2026-05-03T19:48:40.660287,,-2.37,2.37,False,False,False,False,True
429,3,35,80,4.0,12,wet,sedan,40,15,sedan,False,True,True,감속,일반,False,9.7,0,0.6,0,False,15,True,False,True,False,2026-05-03T19:48:43.552334,,-2.17,2.17,False,False,False,False,True
430,3,35,80,5.0,12,wet,sedan,0,0,,False,True,False,급정지,일반,False,11.55,0,0.0,0,False,999.0,True,False,True,False,2026-05-03T19:48:46.327137,,-2.37,2.37,False,False,False,False,True
431,3,35,80,5.0,12,wet,sedan,40,15,sedan,False,True,True,감속,일반,False,9.7,0,0.6,0,False,15,True,False,True,False,2026-05-03T19:48:49.243925,,-2.17,2.17,False,False,False,False,True
432,3,40,10,3.0,12,wet,sedan,0,0,,True,False,False,진행,일반,False,2.45,0,39.7,0,False,999.0,False,False,True,False,2026-05-03T19:48:52.006278,,40.93,40.93,False,False,True,False,True
433,3,40,10,3.0,12,wet,sedan,45,15,sedan,True,False,True,진행,일반,False,2.45,0,39.7,0,False,15,False,False,True,False,2026-05-03T19:48:53.495026,,52.81,52.81,False,False,True,False,True
434,3,40,10,4.0,12,wet,sedan,0,0,,True,False,False,진행,일반,False,2.45,0,39.7,0,False,999.0,False,False,True,False,2026-05-03T19:48:55.212160,,40.94,40.94,False,False,True,False,True
435,3,40,10,4.0,12,wet,sedan,45,15,sedan,True,False,True,진행,일반,False,2.45,0,39.7,0,False,15,False,False,True,False,2026-05-03T19:48:56.704351,,52.81,52.81,False,False,True,False,True
436,3,40,10,5.0,12,wet,sedan,0,0,,True,False,False,진행,일반,False,2.45,0,39.7,0,False,999.0,False,False,True,False,2026-05-03T19:48:58.430364,,40.94,40.94,False,False,True,False,True
437,3,40,10,5.0,12,wet,sedan,45,15,sedan,True,False,True,진행,일반,False,2.45,0,39.7,0,False,15,False,False,True,False,2026-05-03T19:48:59.921510,,52.81,52.81,False,False,True,False,True
438,3,40,20,3.0,12,wet,sedan,0,0,,False,False,False,급정지,딜레마,False,3.9,0,0.5,0,False,999.0,True,False,True,False,2026-05-03T19:49:01.641341,,-2.38,2.38,False,False,False,True,True
439,3,40,20,3.0,12,wet,sedan,45,15,sedan,False,False,True,급정지,딜레마,False,1.55,0,0.0,0,False,13.01,True,False,True,False,2026-05-03T19:49:03.029621,,1.06,1.06,False,False,False,True,True
440,3,40,20,4.0,12,wet,sedan,0,0,,True,False,False,진행,일반,False,3.35,0,39.7,0,False,999.0,False,False,True,False,2026-05-03T19:49:04.155027,,40.87,40.87,False,False,True,False,True
441,3,40,20,4.0,12,wet,sedan,45,15,sedan,True,False,True,진행,일반,False,3.35,0,39.7,0,False,15,False,False,True,False,2026-05-03T19:49:05.597188,,52.74,52.74,False,False,True,False,True
442,3,40,20,5.0,12,wet,sedan,0,0,,True,False,False,진행,일반,False,3.35,0,39.7,0,False,999.0,False,False,True,False,2026-05-03T19:49:07.422905,,40.87,40.87,False,False,True,False,True
443,3,40,20,5.0,12,wet,sedan,45,15,sedan,True,False,True,진행,일반,False,3.35,0,39.7,0,False,15,False,False,True,False,2026-05-03T19:49:09.097361,,52.73,52.73,False,False,True,False,True
444,3,40,30,3.0,12,wet,sedan,0,0,,False,True,False,급정지,일반,False,6.0,0,0.0,0,False,999.0,True,False,True,False,2026-05-03T19:49:11.006441,,-2.18,2.18,False,False,False,False,True
445,3,40,30,3.0,12,wet,sedan,45,15,sedan,False,True,True,급정지,일반,False,3.8,0,0.0,0,True,0.0,True,False,False,False,2026-05-03T19:49:12.817494,,-1.25,1.25,False,False,False,False,True
446,3,40,30,4.0,12,wet,sedan,0,0,,False,True,False,급정지,일반,False,6.0,0,0.0,0,False,999.0,True,False,True,False,2026-05-03T19:49:14.403915,,-2.18,2.18,False,False,False,False,True
447,3,40,30,4.0,12,wet,sedan,45,15,sedan,False,True,True,급정지,일반,False,3.8,0,0.0,0,True,0.0,True,False,False,False,2026-05-03T19:49:16.214130,,-1.25,1.25,False,False,False,False,True
448,3,40,30,5.0,12,wet,sedan,0,0,,True,True,False,진행,옵션,False,4.25,0,39.7,0,False,999.0,False,False,True,False,2026-05-03T19:49:17.793376,,40.8,40.8,False,False,True,False,True
449,3,40,30,5.0,12,wet,sedan,45,15,sedan,True,True,True,진행,옵션,False,4.25,0,39.7,0,False,15,False,False,True,False,2026-05-03T19:49:19.652248,,52.67,52.67,False,False,True,False,True
450,3,40,40,3.0,12,wet,sedan,0,0,,False,True,False,급정지,일반,False,7.3,0,0.7,0,False,999.0,True,False,True,False,2026-05-03T19:49:21.507128,,-2.23,2.23,False,False,False,False,True
451,3,40,40,3.0,12,wet,sedan,45,15,sedan,False,True,True,급정지,일반,False,4.65,0,0.9,0,True,0.03,True,False,False,False,2026-05-03T19:49:23.549237,,-2.74,2.74,False,False,False,False,True
452,3,40,40,4.0,12,wet,sedan,0,0,,False,True,False,급정지,일반,False,7.1,0,0.8,0,False,999.0,True,False,True,False,2026-05-03T19:49:25.309275,,-2.3,2.3,False,False,False,False,True
453,3,40,40,4.0,12,wet,sedan,45,15,sedan,False,True,True,급정지,일반,False,4.65,0,0.9,0,True,0.03,True,False,False,False,2026-05-03T19:49:27.333105,,-2.74,2.74,False,False,False,False,True
454,3,40,40,5.0,12,wet,sedan,0,0,,False,True,False,급정지,일반,False,7.3,0,0.7,0,False,999.0,True,False,True,False,2026-05-03T19:49:29.096235,,-2.23,2.23,False,False,False,False,True
455,3,40,40,5.0,12,wet,sedan,45,15,sedan,False,True,True,급정지,일반,False,4.65,0,0.9,0,True,0.03,True,False,False,False,2026-05-03T19:49:31.170863,,-2.74,2.74,False,False,False,False,True
456,3,40,50,3.0,12,wet,sedan,0,0,,False,True,False,급정지,일반,False,8.25,0,0.0,0,False,999.0,True,False,True,False,2026-05-03T19:49:32.927366,,-2.23,2.23,False,False,False,False,True
457,3,40,50,3.0,12,wet,sedan,45,15,sedan,False,True,True,감속,일반,False,6.4,0,0.0,0,True,0.06,True,False,False,False,2026-05-03T19:49:35.182615,,-0.42,0.42,False,False,False,False,True
458,3,40,50,4.0,12,wet,sedan,0,0,,False,True,False,급정지,일반,False,8.0,0,0.6,0,False,999.0,True,False,True,False,2026-05-03T19:49:37.025168,,-2.31,2.31,False,False,False,False,True
459,3,40,50,4.0,12,wet,sedan,45,15,sedan,False,True,True,감속,일반,False,6.4,0,0.0,0,True,0.05,True,False,False,False,2026-05-03T19:49:39.209224,,-0.41,0.41,False,False,False,False,True
460,3,40,50,5.0,12,wet,sedan,0,0,,False,True,False,급정지,일반,False,8.0,0,0.6,0,False,999.0,True,False,True,False,2026-05-03T19:49:41.316306,,-2.31,2.31,False,False,False,False,True
461,3,40,50,5.0,12,wet,sedan,45,15,sedan,False,True,True,감속,일반,False,6.4,0,0.0,0,True,0.05,True,False,False,False,2026-05-03T19:49:43.196195,,-0.41,0.41,False,False,False,False,True
462,3,40,60,3.0,12,wet,sedan,0,0,,False,True,False,급정지,일반,False,9.2,0,0.5,0,False,999.0,True,False,True,False,2026-05-03T19:49:44.956066,,-2.38,2.38,False,False,False,False,True
463,3,40,60,3.0,12,wet,sedan,45,15,sedan,False,True,True,감속,일반,False,6.95,0,0.5,0,False,2.68,True,False,True,False,2026-05-03T19:49:47.375096,,-2.16,2.16,False,False,False,False,True
464,3,40,60,4.0,12,wet,sedan,0,0,,False,True,False,급정지,일반,False,9.2,0,0.5,0,False,999.0,True,False,True,False,2026-05-03T19:49:49.584848,,-2.38,2.38,False,False,False,False,True
465,3,40,60,4.0,12,wet,sedan,45,15,sedan,False,True,True,감속,일반,False,6.95,0,0.5,0,False,2.68,True,False,True,False,2026-05-03T19:49:52.031332,,-2.16,2.16,False,False,False,False,True
466,3,40,60,5.0,12,wet,sedan,0,0,,False,True,False,급정지,일반,False,9.2,0,0.5,0,False,999.0,True,False,True,False,2026-05-03T19:49:54.251215,,-2.38,2.38,False,False,False,False,True
467,3,40,60,5.0,12,wet,sedan,45,15,sedan,False,True,True,감속,일반,False,6.5,0,0.8,0,False,4.8,True,False,True,False,2026-05-03T19:49:56.701383,,-2.7,2.7,False,False,False,False,True
468,3,40,70,3.0,12,wet,sedan,0,0,,False,True,False,급정지,일반,False,10.2,0,0.7,0,False,999.0,True,False,True,False,2026-05-03T19:49:58.832415,,-2.31,2.31,False,False,False,False,True
469,3,40,70,3.0,12,wet,sedan,45,15,sedan,False,True,True,감속,일반,False,7.85,0,0.8,0,False,8.01,True,False,True,False,2026-05-03T19:50:01.481559,,-2.2,2.2,False,False,False,False,True
470,3,40,70,4.0,12,wet,sedan,0,0,,False,True,False,급정지,일반,False,10.2,0,0.7,0,False,999.0,True,False,True,False,2026-05-03T19:50:03.881221,,-2.31,2.31,False,False,False,False,True
471,3,40,70,4.0,12,wet,sedan,45,15,sedan,False,True,True,감속,일반,False,7.85,0,0.8,0,False,8.01,True,False,True,False,2026-05-03T19:50:06.523272,,-2.2,2.2,False,False,False,False,True
472,3,40,70,5.0,12,wet,sedan,0,0,,False,True,False,급정지,일반,False,10.2,0,0.7,0,False,999.0,True,False,True,False,2026-05-03T19:50:08.925049,,-2.31,2.31,False,False,False,False,True
473,3,40,70,5.0,12,wet,sedan,45,15,sedan,False,True,True,감속,일반,False,7.85,0,0.8,0,False,8.01,True,False,True,False,2026-05-03T19:50:11.571792,,-2.2,2.2,False,False,False,False,True
474,3,40,80,3.0,12,wet,sedan,0,0,,False,True,False,급정지,일반,False,11.2,0,0.0,0,False,999.0,True,False,True,False,2026-05-03T19:50:13.961944,,-2.27,2.27,False,False,False,False,True
475,3,40,80,3.0,12,wet,sedan,45,15,sedan,False,True,True,감속,일반,False,8.95,0,0.6,0,False,13.6,True,False,True,False,2026-05-03T19:50:16.810366,,-2.14,2.14,False,False,False,False,True
476,3,40,80,4.0,12,wet,sedan,0,0,,False,True,False,급정지,일반,False,10.9,0,0.7,0,False,999.0,True,False,True,False,2026-05-03T19:50:19.427165,,-2.47,2.47,False,False,False,False,True
477,3,40,80,4.0,12,wet,sedan,45,15,sedan,False,True,True,감속,일반,False,8.95,0,0.6,0,False,13.6,True,False,True,False,2026-05-03T19:50:22.221069,,-2.14,2.14,False,False,False,False,True
478,3,40,80,5.0,12,wet,sedan,0,0,,False,True,False,급정지,일반,False,10.9,0,0.7,0,False,999.0,True,False,True,False,2026-05-03T19:50:24.832695,,-2.47,2.47,False,False,False,False,True
479,3,40,80,5.0,12,wet,sedan,45,15,sedan,False,True,True,감속,일반,False,8.95,0,0.6,0,False,13.6,True,False,True,False,2026-05-03T19:50:27.204270,,-2.14,2.14,False,False,False,False,True
480,3,45,10,3.0,12,wet,sedan,0,0,,True,False,False,진행,일반,False,2.15,0,44.6,0,False,999.0,False,False,True,False,2026-05-03T19:50:29.754222,,44.05,44.05,False,False,True,False,True
481,3,45,10,3.0,12,wet,sedan,50,15,sedan,True,False,True,진행,일반,False,2.15,0,44.6,0,False,15,False,False,True,False,2026-05-03T19:50:31.206418,,57.4,57.4,False,False,True,False,True
482,3,45,10,4.0,12,wet,sedan,0,0,,True,False,False,진행,일반,False,2.15,0,44.6,0,False,999.0,False,False,True,False,2026-05-03T19:50:32.685519,,44.05,44.05,False,False,True,False,True
483,3,45,10,4.0,12,wet,sedan,50,15,sedan,True,False,True,진행,일반,False,2.15,0,44.6,0,False,15,False,False,True,False,2026-05-03T19:50:34.109273,,57.4,57.4,False,False,True,False,True
484,3,45,10,5.0,12,wet,sedan,0,0,,True,False,False,진행,일반,False,2.15,0,44.6,0,False,999.0,False,False,True,False,2026-05-03T19:50:35.781408,,44.05,44.05,False,False,True,False,True
485,3,45,10,5.0,12,wet,sedan,50,15,sedan,True,False,True,진행,일반,False,2.15,0,44.6,0,False,15,False,False,True,False,2026-05-03T19:50:37.228240,,57.4,57.4,False,False,True,False,True
486,3,45,20,3.0,12,wet,sedan,0,0,,False,False,False,급정지,딜레마,False,3.7,0,0.0,0,False,999.0,True,False,True,False,2026-05-03T19:50:38.898230,,-2.33,2.33,False,False,False,True,True
487,3,45,20,3.0,12,wet,sedan,50,15,sedan,False,False,True,급정지,딜레마,False,1.55,0,0.0,0,False,12.98,True,False,True,False,2026-05-03T19:50:40.069176,,3.44,3.44,True,False,False,True,True
488,3,45,20,4.0,12,wet,sedan,0,0,,True,False,False,진행,일반,False,3.0,0,44.6,0,False,999.0,False,False,True,False,2026-05-03T19:50:41.137200,,43.96,43.96,False,False,True,False,True
489,3,45,20,4.0,12,wet,sedan,50,15,sedan,True,False,True,진행,일반,False,3.0,0,44.6,0,False,15,False,False,True,False,2026-05-03T19:50:42.526229,,57.31,57.31,False,False,True,False,True
490,3,45,20,5.0,12,wet,sedan,0,0,,True,False,False,진행,일반,False,3.0,0,44.6,0,False,999.0,False,False,True,False,2026-05-03T19:50:44.291483,,43.96,43.96,False,False,True,False,True
491,3,45,20,5.0,12,wet,sedan,50,15,sedan,True,False,True,진행,일반,False,3.0,0,44.6,0,False,15,False,False,True,False,2026-05-03T19:50:45.898284,,57.31,57.31,False,False,True,False,True
492,3,45,30,3.0,12,wet,sedan,0,0,,False,False,False,급정지,딜레마,False,5.4,0,0.0,0,False,999.0,True,False,True,False,2026-05-03T19:50:47.723997,,-2.38,2.38,False,False,False,True,True
493,3,45,30,3.0,12,wet,sedan,50,15,sedan,False,False,True,급정지,딜레마,False,2.65,0,0.5,0,False,3.26,True,False,True,False,2026-05-03T19:50:49.173252,,-2.48,2.48,False,False,False,True,True
494,3,45,30,4.0,12,wet,sedan,0,0,,False,False,False,급정지,딜레마,False,5.4,0,0.0,0,False,999.0,True,False,True,False,2026-05-03T19:50:50.461970,,-2.38,2.38,False,False,False,True,True
495,3,45,30,4.0,12,wet,sedan,50,15,sedan,False,False,True,급정지,딜레마,False,2.65,0,0.5,0,False,3.26,True,False,True,False,2026-05-03T19:50:52.153463,,-2.48,2.48,False,False,False,True,True
496,3,45,30,5.0,12,wet,sedan,0,0,,True,False,False,진행,일반,False,3.8,0,44.6,0,False,999.0,False,False,True,False,2026-05-03T19:50:53.509310,,43.86,43.86,False,False,True,False,True
497,3,45,30,5.0,12,wet,sedan,50,15,sedan,True,False,True,진행,일반,False,3.8,0,44.6,0,False,15,False,False,True,False,2026-05-03T19:50:55.265780,,57.22,57.22,False,False,True,False,True
498,3,45,40,3.0,12,wet,sedan,0,0,,False,True,False,급정지,일반,False,7.2,0,0.0,0,False,999.0,True,False,True,False,2026-05-03T19:50:57.016360,,-2.26,2.26,False,False,False,False,True
499,3,45,40,3.0,12,wet,sedan,50,15,sedan,False,True,True,급정지,일반,False,4.25,0,0.0,0,True,0.04,True,False,False,False,2026-05-03T19:50:59.031464,,-1.95,1.95,False,False,False,False,True
500,3,45,40,4.0,12,wet,sedan,0,0,,False,True,False,급정지,일반,False,7.2,0,0.0,0,False,999.0,True,False,True,False,2026-05-03T19:51:00.737291,,-2.26,2.26,False,False,False,False,True
501,3,45,40,4.0,12,wet,sedan,50,15,sedan,False,True,True,급정지,일반,False,4.25,0,0.0,0,True,0.04,True,False,False,False,2026-05-03T19:51:02.782351,,-1.95,1.95,False,False,False,False,True
502,3,45,40,5.0,12,wet,sedan,0,0,,False,True,False,급정지,일반,False,7.2,0,0.0,0,False,999.0,True,False,True,False,2026-05-03T19:51:04.456201,,-2.26,2.26,False,False,False,False,True
503,3,45,40,5.0,12,wet,sedan,50,15,sedan,False,True,True,급정지,일반,False,4.25,0,0.0,0,True,0.04,True,False,False,False,2026-05-03T19:51:06.496809,,-1.95,1.95,False,False,False,False,True
504,3,45,50,3.0,12,wet,sedan,0,0,,False,True,False,급정지,일반,False,7.85,0,0.5,0,False,999.0,True,False,True,False,2026-05-03T19:51:07.984187,,-2.5,2.5,False,False,False,False,True
505,3,45,50,3.0,12,wet,sedan,50,15,sedan,False,True,True,급정지,일반,False,5.85,0,0.6,0,True,0.04,True,False,False,False,2026-05-03T19:51:10.131485,,-2.63,2.63,False,False,False,False,True
506,3,45,50,4.0,12,wet,sedan,0,0,,False,True,False,급정지,일반,False,7.85,0,0.5,0,False,999.0,True,False,True,False,2026-05-03T19:51:12.132420,,-2.5,2.5,False,False,False,False,True
507,3,45,50,4.0,12,wet,sedan,50,15,sedan,False,True,True,급정지,일반,False,5.85,0,0.6,0,True,0.04,True,False,False,False,2026-05-03T19:51:14.311465,,-2.63,2.63,False,False,False,False,True
508,3,45,50,5.0,12,wet,sedan,0,0,,False,True,False,급정지,일반,False,7.85,0,0.5,0,False,999.0,True,False,True,False,2026-05-03T19:51:16.317303,,-2.5,2.5,False,False,False,False,True
509,3,45,50,5.0,12,wet,sedan,50,15,sedan,False,True,True,급정지,일반,False,5.85,0,0.6,0,True,0.04,True,False,False,False,2026-05-03T19:51:18.497523,,-2.63,2.63,False,False,False,False,True
510,3,45,60,3.0,12,wet,sedan,0,0,,False,True,False,급정지,일반,False,9.3,0,0.0,0,False,999.0,True,False,True,False,2026-05-03T19:51:20.489259,,-2.22,2.22,False,False,False,False,True
511,3,45,60,3.0,12,wet,sedan,50,15,sedan,False,True,True,감속,일반,False,6.25,0,0.6,0,True,0.03,True,False,False,False,2026-05-03T19:51:22.956189,,-2.09,2.09,False,False,False,False,True
512,3,45,60,4.0,12,wet,sedan,0,0,,False,True,False,급정지,일반,False,9.3,0,0.0,0,False,999.0,True,False,True,False,2026-05-03T19:51:25.041134,,-2.22,2.22,False,False,False,False,True
513,3,45,60,4.0,12,wet,sedan,50,15,sedan,False,True,True,감속,일반,False,6.25,0,0.6,0,True,0.03,True,False,False,False,2026-05-03T19:51:27.142473,,-2.09,2.09,False,False,False,False,True
514,3,45,60,5.0,12,wet,sedan,0,0,,False,True,False,급정지,일반,False,9.3,0,0.0,0,False,999.0,True,False,True,False,2026-05-03T19:51:29.151708,,-2.22,2.22,False,False,False,False,True
515,3,45,60,5.0,12,wet,sedan,50,15,sedan,False,True,True,감속,일반,False,6.25,0,0.6,0,True,0.03,True,False,False,False,2026-05-03T19:51:31.617750,,-2.09,2.09,False,False,False,False,True
516,3,45,70,3.0,12,wet,sedan,0,0,,False,True,False,급정지,일반,False,9.95,0,0.5,0,False,999.0,True,False,True,False,2026-05-03T19:51:33.697882,,-2.32,2.32,False,False,False,False,True
517,3,45,70,3.0,12,wet,sedan,50,15,sedan,False,True,True,감속,일반,False,7.95,0,0.0,0,True,0.05,True,False,False,False,2026-05-03T19:51:36.299432,,-0.59,0.59,False,False,False,False,True
518,3,45,70,4.0,12,wet,sedan,0,0,,False,True,False,급정지,일반,False,9.95,0,0.5,0,False,999.0,True,False,True,False,2026-05-03T19:51:38.719377,,-2.32,2.32,False,False,False,False,True
519,3,45,70,4.0,12,wet,sedan,50,15,sedan,False,True,True,감속,일반,False,7.05,0,0.8,0,False,1.72,True,False,True,False,2026-05-03T19:51:41.321942,,-2.75,2.75,False,False,False,False,True
520,3,45,70,5.0,12,wet,sedan,0,0,,False,True,False,급정지,일반,False,9.95,0,0.5,0,False,999.0,True,False,True,False,2026-05-03T19:51:43.557559,,-2.32,2.32,False,False,False,False,True
521,3,45,70,5.0,12,wet,sedan,50,15,sedan,False,True,True,감속,일반,False,7.95,0,0.0,0,True,0.05,True,False,False,False,2026-05-03T19:51:46.157354,,-0.59,0.59,False,False,False,False,True
522,3,45,80,3.0,12,wet,sedan,0,0,,False,True,False,급정지,일반,False,10.1,0,0.8,0,False,999.0,True,False,True,False,2026-05-03T19:51:48.263506,,-3.1,3.1,False,False,False,False,True
523,3,45,80,3.0,12,wet,sedan,50,15,sedan,False,True,True,감속,일반,False,8.4,0,0.9,0,False,3.95,True,False,True,False,2026-05-03T19:51:50.864138,,-2.29,2.29,False,False,False,False,True
524,3,45,80,4.0,12,wet,sedan,0,0,,False,True,False,급정지,일반,False,10.1,0,0.8,0,False,999.0,True,False,True,False,2026-05-03T19:51:53.044405,,-3.1,3.1,False,False,False,False,True
525,3,45,80,4.0,12,wet,sedan,50,15,sedan,False,True,True,감속,일반,False,8.4,0,0.9,0,False,3.95,True,False,True,False,2026-05-03T19:51:55.641814,,-2.29,2.29,False,False,False,False,True
526,3,45,80,5.0,12,wet,sedan,0,0,,False,True,False,급정지,일반,False,10.1,0,0.8,0,False,999.0,True,False,True,False,2026-05-03T19:51:58.142545,,-3.1,3.1,False,False,False,False,True
527,3,45,80,5.0,12,wet,sedan,50,15,sedan,False,True,True,감속,일반,False,8.4,0,0.9,0,False,3.95,True,False,True,False,2026-05-03T19:52:00.770495,,-2.29,2.29,False,False,False,False,True
528,3,50,10,3.0,12,wet,sedan,0,0,,True,False,False,진행,일반,False,1.95,0,49.5,0,False,999.0,False,False,True,False,2026-05-03T19:52:03.280487,,47.17,47.17,False,False,True,False,True
529,3,50,10,3.0,12,wet,sedan,55,15,sedan,True,False,True,진행,일반,False,1.95,0,49.5,0,False,15,False,False,True,False,2026-05-03T19:52:04.680973,,61.99,61.99,False,False,True,False,True
530,3,50,10,4.0,12,wet,sedan,0,0,,True,False,False,진행,일반,False,1.95,0,49.5,0,False,999.0,False,False,True,False,2026-05-03T19:52:06.132426,,47.17,47.17,False,False,True,False,True
531,3,50,10,4.0,12,wet,sedan,55,15,sedan,True,False,True,진행,일반,False,1.95,0,49.5,0,False,15,False,False,True,False,2026-05-03T19:52:07.506393,,62.01,62.01,False,False,True,False,True
532,3,50,10,5.0,12,wet,sedan,0,0,,True,False,False,진행,일반,False,1.95,0,49.5,0,False,999.0,False,False,True,False,2026-05-03T19:52:09.136307,,47.17,47.17,False,False,True,False,True
533,3,50,10,5.0,12,wet,sedan,55,15,sedan,True,False,True,진행,일반,False,1.95,0,49.5,0,False,15,False,False,True,False,2026-05-03T19:52:10.536066,,62.01,62.01,False,False,True,False,True
534,3,50,20,3.0,12,wet,sedan,0,0,,False,False,False,급정지,딜레마,False,3.3,0,0.6,0,False,999.0,True,False,True,False,2026-05-03T19:52:12.164370,,-2.37,2.37,False,False,False,True,True
535,3,50,20,3.0,12,wet,sedan,55,15,sedan,False,False,True,급정지,딜레마,False,1.55,0,0.0,0,False,13.14,False,False,False,False,2026-05-03T19:52:13.427968,,6.04,6.04,False,True,False,True,False
536,3,50,20,4.0,12,wet,sedan,0,0,,True,False,False,진행,일반,False,2.7,0,49.5,0,False,999.0,False,False,True,False,2026-05-03T19:52:14.464116,,46.78,46.78,False,False,True,False,True
537,3,50,20,4.0,12,wet,sedan,55,15,sedan,True,False,True,진행,일반,False,2.7,0,49.5,0,False,15,False,False,True,False,2026-05-03T19:52:15.970787,,61.62,61.62,False,False,True,False,True
538,3,50,20,5.0,12,wet,sedan,0,0,,True,False,False,진행,일반,False,2.7,0,49.5,0,False,999.0,False,False,True,False,2026-05-03T19:52:17.539470,,46.77,46.77,False,False,True,False,True
539,3,50,20,5.0,12,wet,sedan,55,15,sedan,True,False,True,진행,일반,False,2.7,0,49.5,0,False,15,False,False,True,False,2026-05-03T19:52:18.834103,,61.62,61.62,False,False,True,False,True
540,3,50,30,3.0,12,wet,sedan,0,0,,False,False,False,급정지,딜레마,False,5.4,0,0.7,0,False,999.0,True,False,True,False,2026-05-03T19:52:20.535268,,-2.43,2.43,False,False,False,True,True
541,3,50,30,3.0,12,wet,sedan,55,15,sedan,False,False,True,급정지,딜레마,False,1.55,0,0.0,0,False,15,True,False,True,False,2026-05-03T19:52:22.228386,,-1.09,1.09,False,False,False,True,True
542,3,50,30,4.0,12,wet,sedan,0,0,,True,False,False,진행,일반,False,3.4,0,49.4,0,False,999.0,False,False,True,False,2026-05-03T19:52:23.357425,,47.08,47.08,False,False,True,False,True
543,3,50,30,4.0,12,wet,sedan,55,15,sedan,True,False,True,진행,일반,False,3.4,0,49.4,0,False,15,False,False,True,False,2026-05-03T19:52:25.048027,,61.92,61.92,False,False,True,False,True
544,3,50,30,5.0,12,wet,sedan,0,0,,True,False,False,진행,일반,False,3.4,0,49.4,0,False,999.0,False,False,True,False,2026-05-03T19:52:26.965967,,47.08,47.08,False,False,True,False,True
545,3,50,30,5.0,12,wet,sedan,55,15,sedan,True,False,True,진행,일반,False,3.4,0,49.4,0,False,15,False,False,True,False,2026-05-03T19:52:28.662608,,61.92,61.92,False,False,True,False,True
546,3,50,40,3.0,12,wet,sedan,0,0,,False,True,False,급정지,일반,False,6.95,0,0.0,0,False,999.0,True,False,True,False,2026-05-03T19:52:30.579399,,-2.24,2.24,False,False,False,False,True
547,3,50,40,3.0,12,wet,sedan,55,15,sedan,False,True,True,급정지,일반,False,3.85,0,0.0,0,True,0.04,True,False,False,False,2026-05-03T19:52:32.291480,,-1.41,1.41,False,False,False,False,True
548,3,50,40,4.0,12,wet,sedan,0,0,,False,True,False,급정지,일반,False,6.95,0,0.0,0,False,999.0,True,False,True,False,2026-05-03T19:52:33.819335,,-2.24,2.24,False,False,False,False,True
549,3,50,40,4.0,12,wet,sedan,55,15,sedan,False,True,True,급정지,일반,False,3.85,0,0.0,0,True,0.04,True,False,False,False,2026-05-03T19:52:35.820525,,-1.41,1.41,False,False,False,False,True
550,3,50,40,5.0,12,wet,sedan,0,0,,True,True,False,진행,옵션,False,4.15,0,49.4,0,False,999.0,False,False,True,False,2026-05-03T19:52:37.450396,,46.7,46.7,False,False,True,False,True
551,3,50,40,5.0,12,wet,sedan,55,15,sedan,True,True,True,진행,옵션,False,4.15,0,49.4,0,False,15,False,False,True,False,2026-05-03T19:52:39.280437,,61.53,61.53,False,False,True,False,True
552,3,50,50,3.0,12,wet,sedan,0,0,,False,True,False,급정지,일반,False,8.15,0,0.6,0,False,999.0,True,False,True,False,2026-05-03T19:52:41.333448,,-2.35,2.35,False,False,False,False,True
553,3,50,50,3.0,12,wet,sedan,55,15,sedan,False,True,True,급정지,일반,False,5.05,0,0.9,0,True,0.0,True,False,False,False,2026-05-03T19:52:43.571574,,-2.66,2.66,False,False,False,False,True
554,3,50,50,4.0,12,wet,sedan,0,0,,False,True,False,급정지,일반,False,8.15,0,0.6,0,False,999.0,True,False,True,False,2026-05-03T19:52:45.408414,,-2.35,2.35,False,False,False,False,True
555,3,50,50,4.0,12,wet,sedan,55,15,sedan,False,True,True,급정지,일반,False,5.35,0,0.7,0,True,0.04,True,False,False,False,2026-05-03T19:52:47.314550,,-2.3,2.3,False,False,False,False,True
556,3,50,50,5.0,12,wet,sedan,0,0,,False,True,False,급정지,일반,False,8.15,0,0.6,0,False,999.0,True,False,True,False,2026-05-03T19:52:49.151573,,-2.35,2.35,False,False,False,False,True
557,3,50,50,5.0,12,wet,sedan,55,15,sedan,False,True,True,급정지,일반,False,5.35,0,0.7,0,True,0.04,True,False,False,False,2026-05-03T19:52:51.390501,,-2.3,2.3,False,False,False,False,True
558,3,50,60,3.0,12,wet,sedan,0,0,,False,True,False,급정지,일반,False,8.8,0,0.0,0,False,999.0,True,False,True,False,2026-05-03T19:52:53.288373,,-2.34,2.34,False,False,False,False,True
559,3,50,60,3.0,12,wet,sedan,55,15,sedan,False,True,True,급정지,일반,False,6.3,0,0.6,0,True,0.06,True,False,False,False,2026-05-03T19:52:55.647395,,-2.73,2.73,False,False,False,False,True
560,3,50,60,4.0,12,wet,sedan,0,0,,False,True,False,급정지,일반,False,8.8,0,0.0,0,False,999.0,True,False,True,False,2026-05-03T19:52:57.735312,,-2.34,2.34,False,False,False,False,True
561,3,50,60,4.0,12,wet,sedan,55,15,sedan,False,True,True,급정지,일반,False,6.3,0,0.6,0,True,0.06,True,False,False,False,2026-05-03T19:53:00.103162,,-2.73,2.73,False,False,False,False,True
562,3,50,60,5.0,12,wet,sedan,0,0,,False,True,False,급정지,일반,False,8.8,0,0.0,0,False,999.0,True,False,True,False,2026-05-03T19:53:02.188547,,-2.34,2.34,False,False,False,False,True
563,3,50,60,5.0,12,wet,sedan,55,15,sedan,False,True,True,급정지,일반,False,6.3,0,0.6,0,True,0.06,True,False,False,False,2026-05-03T19:53:04.549487,,-2.73,2.73,False,False,False,False,True
564,3,50,70,3.0,12,wet,sedan,0,0,,False,True,False,급정지,일반,False,9.85,0,0.9,0,False,999.0,True,False,True,False,2026-05-03T19:53:06.632676,,-2.27,2.27,False,False,False,False,True
565,3,50,70,3.0,12,wet,sedan,55,15,sedan,False,True,True,감속,일반,False,6.95,0,0.0,0,True,0.09,True,False,False,False,2026-05-03T19:53:09.207439,,-2.17,2.17,False,False,False,False,True
566,3,50,70,4.0,12,wet,sedan,0,0,,False,True,False,급정지,일반,False,9.85,0,0.9,0,False,999.0,True,False,True,False,2026-05-03T19:53:11.429456,,-2.27,2.27,False,False,False,False,True
567,3,50,70,4.0,12,wet,sedan,55,15,sedan,False,True,True,감속,일반,False,6.95,0,0.0,0,True,0.09,True,False,False,False,2026-05-03T19:53:13.625325,,-2.17,2.17,False,False,False,False,True
568,3,50,70,5.0,12,wet,sedan,0,0,,False,True,False,급정지,일반,False,9.85,0,1.0,0,False,999.0,True,False,True,False,2026-05-03T19:53:15.471409,,-2.27,2.27,False,False,False,False,True
569,3,50,70,5.0,12,wet,sedan,55,15,sedan,False,True,True,감속,일반,False,6.95,0,0.7,0,True,0.09,True,False,False,False,2026-05-03T19:53:18.025329,,-2.15,2.15,False,False,False,False,True
570,3,50,80,3.0,12,wet,sedan,0,0,,False,True,False,급정지,일반,False,10.35,0,0.9,0,False,999.0,True,False,True,False,2026-05-03T19:53:20.244356,,-2.58,2.58,False,False,False,False,True
571,3,50,80,3.0,12,wet,sedan,55,15,sedan,False,True,True,감속,일반,False,7.85,0,0.6,0,True,0.04,True,False,False,False,2026-05-03T19:53:22.916871,,-2.23,2.23,False,False,False,False,True
572,3,50,80,4.0,12,wet,sedan,0,0,,False,True,False,급정지,일반,False,10.35,0,0.9,0,False,999.0,True,False,True,False,2026-05-03T19:53:24.999711,,-2.58,2.58,False,False,False,False,True
573,3,50,80,4.0,12,wet,sedan,55,15,sedan,False,True,True,감속,일반,False,7.85,0,0.6,0,True,0.04,True,False,False,False,2026-05-03T19:53:27.642845,,-2.23,2.23,False,False,False,False,True
574,3,50,80,5.0,12,wet,sedan,0,0,,False,True,False,급정지,일반,False,10.35,0,0.9,0,False,999.0,True,False,True,False,2026-05-03T19:53:30.046949,,-2.58,2.58,False,False,False,False,True
575,3,50,80,5.0,12,wet,sedan,55,15,sedan,False,True,True,감속,일반,False,7.85,0,0.6,0,True,0.04,True,False,False,False,2026-05-03T19:53:32.727366,,-2.23,2.23,False,False,False,False,True
576,3,55,10,3.0,12,wet,sedan,0,0,,True,False,False,진행,일반,False,1.8,0,54.3,0,False,999.0,False,False,True,False,2026-05-03T19:53:34.807589,,49.75,49.75,False,False,True,False,True
577,3,55,10,3.0,12,wet,sedan,60,15,sedan,True,False,True,진행,일반,False,1.8,0,54.3,0,False,15,False,False,True,False,2026-05-03T19:53:36.135329,,66.07,66.07,False,False,True,False,True
578,3,55,10,4.0,12,wet,sedan,0,0,,True,False,False,진행,일반,False,1.8,0,54.3,0,False,999.0,False,False,True,False,2026-05-03T19:53:37.554160,,49.75,49.75,False,False,True,False,True
579,3,55,10,4.0,12,wet,sedan,60,15,sedan,True,False,True,진행,일반,False,1.8,0,54.3,0,False,15,False,False,True,False,2026-05-03T19:53:38.885285,,66.06,66.06,False,False,True,False,True
580,3,55,10,5.0,12,wet,sedan,0,0,,True,False,False,진행,일반,False,1.8,0,54.3,0,False,999.0,False,False,True,False,2026-05-03T19:53:40.301622,,49.75,49.75,False,False,True,False,True
581,3,55,10,5.0,12,wet,sedan,60,15,sedan,True,False,True,진행,일반,False,1.8,0,54.3,0,False,15,False,False,True,False,2026-05-03T19:53:41.627507,,66.07,66.07,False,False,True,False,True
582,3,55,20,3.0,12,wet,sedan,0,0,,True,False,False,진행,일반,False,2.45,0,54.3,0,False,999.0,False,False,True,False,2026-05-03T19:53:43.218367,,49.56,49.56,False,False,True,False,True
583,3,55,20,3.0,12,wet,sedan,60,15,sedan,True,False,True,진행,일반,False,2.45,0,54.3,0,False,15,False,False,True,False,2026-05-03T19:53:44.711203,,66.64,66.64,False,False,True,False,True
584,3,55,20,4.0,12,wet,sedan,0,0,,True,False,False,진행,일반,False,2.45,0,54.3,0,False,999.0,False,False,True,False,2026-05-03T19:53:46.237040,,49.56,49.56,False,False,True,False,True
585,3,55,20,4.0,12,wet,sedan,60,15,sedan,True,False,True,진행,일반,False,2.45,0,54.3,0,False,15,False,False,True,False,2026-05-03T19:53:47.484183,,66.64,66.64,False,False,True,False,True
586,3,55,20,5.0,12,wet,sedan,0,0,,True,False,False,진행,일반,False,2.45,0,54.3,0,False,999.0,False,False,True,False,2026-05-03T19:53:49.144233,,49.56,49.56,False,False,True,False,True
587,3,55,20,5.0,12,wet,sedan,60,15,sedan,True,False,True,진행,일반,False,2.45,0,54.3,0,False,15,False,False,True,False,2026-05-03T19:53:50.640582,,66.62,66.62,False,False,True,False,True
588,3,55,30,3.0,12,wet,sedan,0,0,,False,False,False,급정지,딜레마,False,5.0,0,0.8,0,False,999.0,True,False,True,False,2026-05-03T19:53:52.161881,,-2.29,2.29,False,False,False,True,True
589,3,55,30,3.0,12,wet,sedan,60,15,sedan,False,False,True,급정지,딜레마,False,1.55,0,0.0,0,False,15,True,False,True,False,2026-05-03T19:53:53.730695,,2.08,2.08,True,False,False,True,True
590,3,55,30,4.0,12,wet,sedan,0,0,,True,False,False,진행,일반,False,3.1,0,54.3,0,False,999.0,False,False,True,False,2026-05-03T19:53:54.857487,,50.12,50.12,False,False,True,False,True
591,3,55,30,4.0,12,wet,sedan,60,15,sedan,True,False,True,진행,일반,False,3.1,0,54.3,0,False,15,False,False,True,False,2026-05-03T19:53:56.492681,,66.44,66.44,False,False,True,False,True
592,3,55,30,5.0,12,wet,sedan,0,0,,True,False,False,진행,일반,False,3.1,0,54.3,0,False,999.0,False,False,True,False,2026-05-03T19:53:58.133079,,50.12,50.12,False,False,True,False,True
593,3,55,30,5.0,12,wet,sedan,60,15,sedan,True,False,True,진행,일반,False,3.1,0,54.3,0,False,15,False,False,True,False,2026-05-03T19:53:59.737325,,66.44,66.44,False,False,True,False,True
594,3,55,40,3.0,12,wet,sedan,0,0,,False,False,False,급정지,딜레마,False,6.7,0,0.8,0,False,999.0,True,False,True,False,2026-05-03T19:54:01.368402,,-2.29,2.29,False,False,False,True,True
595,3,55,40,3.0,12,wet,sedan,60,15,sedan,False,False,True,급정지,딜레마,False,3.65,0,0.8,0,True,0.03,True,False,False,False,2026-05-03T19:54:02.998047,,0.28,0.28,False,False,False,True,True
596,3,55,40,4.0,12,wet,sedan,0,0,,False,False,False,급정지,딜레마,False,6.65,0,0.8,0,False,999.0,True,False,True,False,2026-05-03T19:54:04.491132,,-2.33,2.33,False,False,False,True,True
597,3,55,40,4.0,12,wet,sedan,60,15,sedan,False,False,True,급정지,딜레마,False,3.65,0,0.8,0,True,0.03,True,False,False,False,2026-05-03T19:54:06.157518,,0.28,0.28,False,False,False,True,True
598,3,55,40,5.0,12,wet,sedan,0,0,,True,False,False,진행,일반,False,3.75,0,54.3,0,False,999.0,False,False,True,False,2026-05-03T19:54:07.636983,,49.93,49.93,False,False,True,False,True
599,3,55,40,5.0,12,wet,sedan,60,15,sedan,True,False,True,진행,일반,False,3.8,0,54.3,0,False,15,False,False,True,False,2026-05-03T19:54:09.392753,,66.25,66.25,False,False,True,False,True
600,3,55,50,3.0,12,wet,sedan,0,0,,False,True,False,급정지,일반,False,7.55,0,0.0,0,False,999.0,True,False,True,False,2026-05-03T19:54:11.420943,,-2.57,2.57,False,False,False,False,True
601,3,55,50,3.0,12,wet,sedan,60,15,sedan,False,True,True,급정지,일반,False,4.95,0,0.0,0,True,0.02,True,False,False,False,2026-05-03T19:54:13.537398,,-2.16,2.16,False,False,False,False,True
602,3,55,50,4.0,12,wet,sedan,0,0,,False,True,False,급정지,일반,False,7.55,0,0.0,0,False,999.0,True,False,True,False,2026-05-03T19:54:15.347464,,-2.57,2.57,False,False,False,False,True
603,3,55,50,4.0,12,wet,sedan,60,15,sedan,False,True,True,급정지,일반,False,4.95,0,0.0,0,True,0.02,True,False,False,False,2026-05-03T19:54:17.466448,,-2.16,2.16,False,False,False,False,True
604,3,55,50,5.0,12,wet,sedan,0,0,,True,True,False,진행,옵션,False,4.45,0,54.3,0,False,999.0,False,False,True,False,2026-05-03T19:54:19.277499,,49.74,49.74,False,False,True,False,True
605,3,55,50,5.0,12,wet,sedan,60,15,sedan,True,True,True,진행,옵션,False,4.45,0,54.3,0,False,15,False,False,True,False,2026-05-03T19:54:21.174230,,66.06,66.06,False,False,True,False,True
606,3,55,60,3.0,12,wet,sedan,0,0,,False,True,False,급정지,일반,False,9.05,0,0.0,0,False,999.0,True,False,True,False,2026-05-03T19:54:23.295346,,-2.27,2.27,False,False,False,False,True
607,3,55,60,3.0,12,wet,sedan,60,15,sedan,False,True,True,급정지,일반,False,6.1,0,0.7,0,True,0.03,True,False,False,False,2026-05-03T19:54:25.715878,,-2.49,2.49,False,False,False,False,True
608,3,55,60,4.0,12,wet,sedan,0,0,,False,True,False,급정지,일반,False,9.05,0,0.0,0,False,999.0,True,False,True,False,2026-05-03T19:54:27.764580,,-2.27,2.27,False,False,False,False,True
609,3,55,60,4.0,12,wet,sedan,60,15,sedan,False,True,True,급정지,일반,False,6.1,0,0.7,0,True,0.03,True,False,False,False,2026-05-03T19:54:30.187447,,-2.49,2.49,False,False,False,False,True
610,3,55,60,5.0,12,wet,sedan,0,0,,False,True,False,급정지,일반,False,9.05,0,0.0,0,False,999.0,True,False,True,False,2026-05-03T19:54:32.237930,,-2.27,2.27,False,False,False,False,True
611,3,55,60,5.0,12,wet,sedan,60,15,sedan,False,True,True,급정지,일반,False,6.1,0,0.7,0,True,0.03,True,False,False,False,2026-05-03T19:54:34.659663,,-2.49,2.49,False,False,False,False,True
612,3,55,70,3.0,12,wet,sedan,0,0,,False,True,False,급정지,일반,False,9.9,0,0.6,0,False,999.0,True,False,True,False,2026-05-03T19:54:36.714331,,-2.24,2.24,False,False,False,False,True
613,3,55,70,3.0,12,wet,sedan,60,15,sedan,False,True,True,급정지,일반,False,7.9,0,0.9,0,True,0.04,True,False,False,False,2026-05-03T19:54:39.302745,,-2.41,2.41,False,False,False,False,True
614,3,55,70,4.0,12,wet,sedan,0,0,,False,True,False,급정지,일반,False,9.9,0,0.6,0,False,999.0,True,False,True,False,2026-05-03T19:54:41.708876,,-2.24,2.24,False,False,False,False,True
615,3,55,70,4.0,12,wet,sedan,60,15,sedan,False,True,True,급정지,일반,False,7.9,0,0.9,0,True,0.04,True,False,False,False,2026-05-03T19:54:44.297596,,-2.41,2.41,False,False,False,False,True
616,3,55,70,5.0,12,wet,sedan,0,0,,False,True,False,급정지,일반,False,9.9,0,0.6,0,False,999.0,True,False,True,False,2026-05-03T19:54:46.707643,,-2.24,2.24,False,False,False,False,True
617,3,55,70,5.0,12,wet,sedan,60,15,sedan,False,True,True,급정지,일반,False,7.9,0,0.9,0,True,0.04,True,False,False,False,2026-05-03T19:54:49.296392,,-2.41,2.41,False,False,False,False,True
618,3,55,80,3.0,12,wet,sedan,0,0,,False,True,False,급정지,일반,False,10.35,0,0.5,0,False,999.0,True,False,True,False,2026-05-03T19:54:51.709601,,-2.52,2.52,False,False,False,False,True
619,3,55,80,3.0,12,wet,sedan,60,15,sedan,False,True,True,감속,일반,False,7.2,0,0.6,0,True,0.06,True,False,False,False,2026-05-03T19:54:54.381757,,-1.83,1.83,False,False,False,False,True
620,3,55,80,4.0,12,wet,sedan,0,0,,False,True,False,급정지,일반,False,10.55,0,0.0,0,False,999.0,True,False,True,False,2026-05-03T19:54:56.644432,,-2.29,2.29,False,False,False,False,True
621,3,55,80,4.0,12,wet,sedan,60,15,sedan,False,True,True,감속,일반,False,7.2,0,0.6,0,True,0.06,True,False,False,False,2026-05-03T19:54:59.372732,,-1.83,1.83,False,False,False,False,True
622,3,55,80,5.0,12,wet,sedan,0,0,,False,True,False,급정지,일반,False,10.55,0,0.0,0,False,999.0,True,False,True,False,2026-05-03T19:55:01.645482,,-2.29,2.29,False,False,False,False,True
623,3,55,80,5.0,12,wet,sedan,60,15,sedan,False,True,True,감속,일반,False,7.2,0,0.6,0,True,0.06,True,False,False,False,2026-05-03T19:55:04.360158,,-1.83,1.83,False,False,False,False,True
624,3,60,10,3.0,12,wet,sedan,0,0,,True,False,False,진행,일반,False,1.65,0,59.2,0,False,999.0,False,False,True,False,2026-05-03T19:55:06.624495,,52.64,52.64,False,False,True,False,True
625,3,60,10,3.0,12,wet,sedan,65,15,sedan,True,False,True,진행,일반,False,1.65,0,59.2,0,False,15,False,False,True,False,2026-05-03T19:55:07.961787,,70.45,70.45,False,False,True,False,True
626,3,60,10,4.0,12,wet,sedan,0,0,,True,False,False,진행,일반,False,1.65,0,59.2,0,False,999.0,False,False,True,False,2026-05-03T19:55:09.352790,,52.64,52.64,False,False,True,False,True
627,3,60,10,4.0,12,wet,sedan,65,15,sedan,True,False,True,진행,일반,False,1.65,0,59.2,0,False,15,False,False,True,False,2026-05-03T19:55:10.649153,,70.45,70.45,False,False,True,False,True
628,3,60,10,5.0,12,wet,sedan,0,0,,True,False,False,진행,일반,False,1.65,0,59.2,0,False,999.0,False,False,True,False,2026-05-03T19:55:12.031548,,52.64,52.64,False,False,True,False,True
629,3,60,10,5.0,12,wet,sedan,65,15,sedan,True,False,True,진행,일반,False,1.65,0,59.2,0,False,15,False,False,True,False,2026-05-03T19:55:13.327480,,70.45,70.45,False,False,True,False,True
630,3,60,20,3.0,12,wet,sedan,0,0,,True,False,False,진행,일반,False,2.25,0,59.2,0,False,999.0,False,False,True,False,2026-05-03T19:55:14.884295,,53.33,53.33,False,False,True,False,True
631,3,60,20,3.0,12,wet,sedan,65,15,sedan,True,False,True,진행,일반,False,2.25,0,59.2,0,False,15,False,False,True,False,2026-05-03T19:55:16.346511,,71.12,71.12,False,False,True,False,True
632,3,60,20,4.0,12,wet,sedan,0,0,,True,False,False,진행,일반,False,2.25,0,59.2,0,False,999.0,False,False,True,False,2026-05-03T19:55:17.839828,,53.33,53.33,False,False,True,False,True
633,3,60,20,4.0,12,wet,sedan,65,15,sedan,True,False,True,진행,일반,False,2.25,0,59.2,0,False,15,False,False,True,False,2026-05-03T19:55:19.269002,,71.14,71.14,False,False,True,False,True
634,3,60,20,5.0,12,wet,sedan,0,0,,True,False,False,진행,일반,False,2.25,0,59.2,0,False,999.0,False,False,True,False,2026-05-03T19:55:20.958098,,53.33,53.33,False,False,True,False,True
635,3,60,20,5.0,12,wet,sedan,65,15,sedan,True,False,True,진행,일반,False,2.25,0,59.2,0,False,15,False,False,True,False,2026-05-03T19:55:22.416421,,71.14,71.14,False,False,True,False,True
636,3,60,30,3.0,12,wet,sedan,0,0,,False,False,False,급정지,딜레마,False,4.7,0,0.8,0,False,999.0,True,False,True,False,2026-05-03T19:55:23.907573,,-2.28,2.28,False,False,False,True,True
637,3,60,30,3.0,12,wet,sedan,65,15,sedan,False,False,True,급정지,딜레마,False,1.55,0,0.0,0,False,15,True,False,True,False,2026-05-03T19:55:25.416627,,4.91,4.91,True,False,False,True,True
638,3,60,30,4.0,12,wet,sedan,0,0,,True,False,False,진행,일반,False,2.85,0,59.2,0,False,999.0,False,False,True,False,2026-05-03T19:55:26.542717,,53.2,53.2,False,False,True,False,True
639,3,60,30,4.0,12,wet,sedan,65,15,sedan,True,False,True,진행,일반,False,2.85,0,59.2,0,False,15,False,False,True,False,2026-05-03T19:55:27.905571,,71.01,71.01,False,False,True,False,True
640,3,60,30,5.0,12,wet,sedan,0,0,,True,False,False,진행,일반,False,2.85,0,59.2,0,False,999.0,False,False,True,False,2026-05-03T19:55:29.413776,,53.2,53.2,False,False,True,False,True
641,3,60,30,5.0,12,wet,sedan,65,15,sedan,True,False,True,진행,일반,False,2.85,0,59.2,0,False,15,False,False,True,False,2026-05-03T19:55:30.969342,,71.01,71.01,False,False,True,False,True
642,3,60,40,3.0,12,wet,sedan,0,0,,False,False,False,급정지,딜레마,False,6.25,0,0.9,0,False,999.0,True,False,True,False,2026-05-03T19:55:32.770380,,-2.42,2.42,False,False,False,True,True
643,3,60,40,3.0,12,wet,sedan,65,15,sedan,False,False,True,급정지,딜레마,False,2.25,0,0.9,0,False,8.09,True,False,True,False,2026-05-03T19:55:34.360467,,-2.31,2.31,False,False,False,True,True
644,3,60,40,4.0,12,wet,sedan,0,0,,True,False,False,진행,일반,False,3.45,0,59.2,0,False,999.0,False,False,True,False,2026-05-03T19:55:35.568414,,53.07,53.07,False,False,True,False,True
645,3,60,40,4.0,12,wet,sedan,65,15,sedan,True,False,True,진행,일반,False,3.45,0,59.2,0,False,15,False,False,True,False,2026-05-03T19:55:37.266073,,70.88,70.88,False,False,True,False,True
646,3,60,40,5.0,12,wet,sedan,0,0,,True,False,False,진행,일반,False,3.45,0,59.2,0,False,999.0,False,False,True,False,2026-05-03T19:55:39.192188,,53.07,53.07,False,False,True,False,True
647,3,60,40,5.0,12,wet,sedan,65,15,sedan,True,False,True,진행,일반,False,3.45,0,59.2,0,False,15,False,False,True,False,2026-05-03T19:55:40.891841,,70.88,70.88,False,False,True,False,True
648,3,60,50,3.0,12,wet,sedan,0,0,,False,True,False,급정지,일반,False,7.7,0,0.0,0,False,999.0,True,False,True,False,2026-05-03T19:55:42.824503,,-2.24,2.24,False,False,False,False,True
649,3,60,50,3.0,12,wet,sedan,65,15,sedan,False,True,True,급정지,일반,False,3.95,0,0.6,0,True,-0.05,True,False,False,False,2026-05-03T19:55:44.962700,,-1.51,1.51,False,False,False,False,True
650,3,60,50,4.0,12,wet,sedan,0,0,,False,True,False,급정지,일반,False,7.7,0,0.0,0,False,999.0,True,False,True,False,2026-05-03T19:55:46.440600,,-2.24,2.24,False,False,False,False,True
651,3,60,50,4.0,12,wet,sedan,65,15,sedan,False,True,True,급정지,일반,False,3.95,0,0.6,0,True,-0.05,True,False,False,False,2026-05-03T19:55:48.559556,,-1.51,1.51,False,False,False,False,True
652,3,60,50,5.0,12,wet,sedan,0,0,,True,True,False,진행,옵션,False,4.05,0,59.2,0,False,999.0,False,False,True,False,2026-05-03T19:55:50.170594,,52.94,52.94,False,False,True,False,True
653,3,60,50,5.0,12,wet,sedan,65,15,sedan,True,True,True,진행,옵션,False,4.1,0,59.2,0,False,15,False,False,True,False,2026-05-03T19:55:51.991080,,70.75,70.75,False,False,True,False,True
654,3,60,60,3.0,12,wet,sedan,0,0,,False,True,False,급정지,일반,False,8.65,0,0.8,0,False,999.0,True,False,True,False,2026-05-03T19:55:54.044331,,-2.36,2.36,False,False,False,False,True
655,3,60,60,3.0,12,wet,sedan,65,15,sedan,False,True,True,급정지,일반,False,6.25,0,0.6,0,True,0.01,True,False,False,False,2026-05-03T19:55:56.379801,,-2.2,2.2,False,False,False,False,True
656,3,60,60,4.0,12,wet,sedan,0,0,,False,True,False,급정지,일반,False,8.65,0,0.8,0,False,999.0,True,False,True,False,2026-05-03T19:55:58.458532,,-2.36,2.36,False,False,False,False,True
657,3,60,60,4.0,12,wet,sedan,65,15,sedan,False,True,True,급정지,일반,False,6.25,0,0.6,0,True,0.01,True,False,False,False,2026-05-03T19:56:00.793872,,-2.2,2.2,False,False,False,False,True
658,3,60,60,5.0,12,wet,sedan,0,0,,False,True,False,급정지,일반,False,9.0,0,0.0,0,False,999.0,True,False,True,False,2026-05-03T19:56:02.866579,,-2.24,2.24,False,False,False,False,True
659,3,60,60,5.0,12,wet,sedan,65,15,sedan,False,True,True,급정지,일반,False,6.25,0,0.6,0,True,0.01,True,False,False,False,2026-05-03T19:56:05.279704,,-2.2,2.2,False,False,False,False,True
660,3,60,70,3.0,12,wet,sedan,0,0,,False,True,False,급정지,일반,False,9.75,0,0.6,0,False,999.0,True,False,True,False,2026-05-03T19:56:07.360208,,-2.38,2.38,False,False,False,False,True
661,3,60,70,3.0,12,wet,sedan,65,15,sedan,False,True,True,급정지,일반,False,6.9,0,0.0,0,True,0.04,True,False,False,False,2026-05-03T19:56:09.923428,,-2.37,2.37,False,False,False,False,True
662,3,60,70,4.0,12,wet,sedan,0,0,,False,True,False,급정지,일반,False,9.75,0,0.6,0,False,999.0,True,False,True,False,2026-05-03T19:56:12.134623,,-2.38,2.38,False,False,False,False,True
663,3,60,70,4.0,12,wet,sedan,65,15,sedan,False,True,True,급정지,일반,False,6.85,0,0.5,0,True,-0.0,True,False,False,False,2026-05-03T19:56:14.695646,,-2.44,2.44,False,False,False,False,True
664,3,60,70,5.0,12,wet,sedan,0,0,,False,True,False,급정지,일반,False,9.75,0,0.6,0,False,999.0,True,False,True,False,2026-05-03T19:56:16.616630,,-2.38,2.38,False,False,False,False,True
665,3,60,70,5.0,12,wet,sedan,65,15,sedan,False,True,True,급정지,일반,False,6.85,0,0.5,0,True,-0.0,True,False,False,False,2026-05-03T19:56:18.750762,,-2.44,2.44,False,False,False,False,True
666,3,60,80,3.0,12,wet,sedan,0,0,,False,True,False,급정지,일반,False,10.4,0,0.0,0,False,999.0,True,False,True,False,2026-05-03T19:56:20.881330,,-2.37,2.37,False,False,False,False,True
667,3,60,80,3.0,12,wet,sedan,65,15,sedan,False,True,True,급정지,일반,False,8.3,0,0.7,0,True,0.05,True,False,False,False,2026-05-03T19:56:23.562167,,-2.31,2.31,False,False,False,False,True
668,3,60,80,4.0,12,wet,sedan,0,0,,False,True,False,급정지,일반,False,10.4,0,0.0,0,False,999.0,True,False,True,False,2026-05-03T19:56:25.721600,,-2.37,2.37,False,False,False,False,True
669,3,60,80,4.0,12,wet,sedan,65,15,sedan,False,True,True,급정지,일반,False,7.75,0,1.0,0,True,0.01,True,False,False,False,2026-05-03T19:56:28.390791,,-2.58,2.58,False,False,False,False,True
670,3,60,80,5.0,12,wet,sedan,0,0,,False,True,False,급정지,일반,False,10.4,0,0.0,0,False,999.0,True,False,True,False,2026-05-03T19:56:30.764621,,-2.37,2.37,False,False,False,False,True
671,3,60,80,5.0,12,wet,sedan,65,15,sedan,False,True,True,급정지,일반,False,7.75,0,1.0,0,True,0.01,True,False,False,False,2026-05-03T19:56:33.456493,,-2.58,2.58,False,False,False,False,True
672,3,30,10,3.0,12,dry,suv,0,0,,False,False,False,급정지,딜레마,False,2.0,0,0.0,0,False,999.0,True,False,True,False,2026-05-03T19:56:35.521341,,-2.07,2.07,False,False,False,True,True
673,3,30,10,3.0,12,dry,suv,35,15,sedan,False,False,False,급정지,딜레마,False,1.55,0,0.0,0,False,8.83,True,False,True,False,2026-05-03T19:56:36.406131,,1.97,1.97,False,False,False,True,True
674,3,30,10,4.0,12,dry,suv,0,0,,True,False,False,진행,일반,False,3.25,0,29.9,0,False,999.0,False,False,True,False,2026-05-03T19:56:37.366562,,35.2,35.2,False,False,True,False,True
675,3,30,10,4.0,12,dry,suv,35,15,sedan,True,False,False,진행,일반,False,3.25,0,29.9,0,False,14.37,False,False,True,False,2026-05-03T19:56:38.765808,,44.11,44.11,False,False,True,False,True
676,3,30,10,5.0,12,dry,suv,0,0,,True,False,False,진행,일반,False,3.25,0,29.9,0,False,999.0,False,False,True,False,2026-05-03T19:56:40.347148,,35.2,35.2,False,False,True,False,True
677,3,30,10,5.0,12,dry,suv,35,15,sedan,True,False,False,진행,일반,False,3.25,0,29.9,0,False,14.38,False,False,True,False,2026-05-03T19:56:41.739740,,44.12,44.12,False,False,True,False,True
678,3,30,20,3.0,12,dry,suv,0,0,,False,True,False,급정지,일반,False,3.85,0,0.9,0,False,999.0,True,False,True,False,2026-05-03T19:56:43.319161,,-2.16,2.16,False,False,False,False,True
679,3,30,20,3.0,12,dry,suv,35,15,sedan,False,True,False,급정지,일반,False,2.05,0,0.0,0,False,10.68,True,False,True,False,2026-05-03T19:56:44.474745,,-2.06,2.06,False,False,False,False,True
680,3,30,20,4.0,12,dry,suv,0,0,,False,True,False,급정지,일반,False,3.85,0,0.9,0,False,999.0,True,False,True,False,2026-05-03T19:56:45.524396,,-2.16,2.16,False,False,False,False,True
681,3,30,20,4.0,12,dry,suv,35,15,sedan,False,True,False,급정지,일반,False,2.05,0,0.0,0,False,10.68,True,False,True,False,2026-05-03T19:56:46.683823,,-2.06,2.06,False,False,False,False,True
682,3,30,20,5.0,12,dry,suv,0,0,,True,True,False,진행,옵션,False,4.5,0,29.9,0,False,999.0,False,False,True,False,2026-05-03T19:56:47.717599,,35.14,35.14,False,False,True,False,True
683,3,30,20,5.0,12,dry,suv,35,15,sedan,True,True,False,진행,옵션,False,4.5,0,29.9,0,False,12.69,False,False,True,False,2026-05-03T19:56:49.319655,,44.07,44.07,False,False,True,False,True
684,3,30,30,3.0,12,dry,suv,0,0,,False,True,False,급정지,일반,False,5.25,0,0.7,0,False,999.0,True,False,True,False,2026-05-03T19:56:51.119770,,-2.25,2.25,False,False,False,False,True
685,3,30,30,3.0,12,dry,suv,35,15,sedan,False,True,False,급정지,일반,False,4.15,0,0.0,0,False,10.05,True,False,True,False,2026-05-03T19:56:52.505505,,-2.23,2.23,False,False,False,False,True
686,3,30,30,4.0,12,dry,suv,0,0,,False,True,False,급정지,일반,False,5.0,0,0.1,0,False,999.0,True,False,True,False,2026-05-03T19:56:53.889754,,-2.31,2.31,False,False,False,False,True
687,3,30,30,4.0,12,dry,suv,35,15,sedan,False,True,False,급정지,일반,False,4.15,0,0.0,0,False,10.05,True,False,True,False,2026-05-03T19:56:55.242400,,-2.23,2.23,False,False,False,False,True
688,3,30,30,5.0,12,dry,suv,0,0,,False,True,False,급정지,일반,False,5.0,0,0.1,0,False,999.0,True,False,True,False,2026-05-03T19:56:56.640891,,-2.31,2.31,False,False,False,False,True
689,3,30,30,5.0,12,dry,suv,35,15,sedan,False,True,False,급정지,일반,False,4.15,0,0.0,0,False,10.05,True,False,True,False,2026-05-03T19:56:57.981838,,-2.23,2.23,False,False,False,False,True
690,3,30,40,3.0,12,dry,suv,0,0,,False,True,False,급정지,일반,False,6.65,0,0.0,0,False,999.0,True,False,True,False,2026-05-03T19:56:59.376156,,-2.16,2.16,False,False,False,False,True
691,3,30,40,3.0,12,dry,suv,35,15,sedan,False,True,False,급정지,일반,False,5.1,0,0.7,0,False,15,True,False,True,False,2026-05-03T19:57:00.984412,,-2.45,2.45,False,False,False,False,True
692,3,30,40,4.0,12,dry,suv,0,0,,False,True,False,급정지,일반,False,6.65,0,0.0,0,False,999.0,True,False,True,False,2026-05-03T19:57:02.533314,,-2.16,2.16,False,False,False,False,True
693,3,30,40,4.0,12,dry,suv,35,15,sedan,False,True,False,급정지,일반,False,5.1,0,0.7,0,False,15,True,False,True,False,2026-05-03T19:57:04.169046,,-2.45,2.45,False,False,False,False,True
694,3,30,40,5.0,12,dry,suv,0,0,,False,True,False,급정지,일반,False,6.65,0,0.0,0,False,999.0,True,False,True,False,2026-05-03T19:57:05.721015,,-2.16,2.16,False,False,False,False,True
695,3,30,40,5.0,12,dry,suv,35,15,sedan,False,True,False,급정지,일반,False,5.1,0,0.7,0,False,15,True,False,True,False,2026-05-03T19:57:07.345982,,-2.45,2.45,False,False,False,False,True
696,3,30,50,3.0,12,dry,suv,0,0,,False,True,False,급정지,일반,False,7.95,0,0.7,0,False,999.0,True,False,True,False,2026-05-03T19:57:08.885505,,-2.17,2.17,False,False,False,False,True
697,3,30,50,3.0,12,dry,suv,35,15,sedan,False,True,False,급정지,일반,False,6.85,0,0.0,0,False,15,True,False,True,False,2026-05-03T19:57:10.716618,,-2.13,2.13,False,False,False,False,True
698,3,30,50,4.0,12,dry,suv,0,0,,False,True,False,급정지,일반,False,7.65,0,0.8,0,False,999.0,True,False,True,False,2026-05-03T19:57:12.561864,,-2.35,2.35,False,False,False,False,True
699,3,30,50,4.0,12,dry,suv,35,15,sedan,False,True,False,급정지,일반,False,6.85,0,0.0,0,False,15,True,False,True,False,2026-05-03T19:57:14.362955,,-2.13,2.13,False,False,False,False,True
700,3,30,50,5.0,12,dry,suv,0,0,,False,True,False,급정지,일반,False,7.95,0,0.7,0,False,999.0,True,False,True,False,2026-05-03T19:57:16.239587,,-2.17,2.17,False,False,False,False,True
701,3,30,50,5.0,12,dry,suv,35,15,sedan,False,True,False,급정지,일반,False,6.85,0,0.0,0,False,15,True,False,True,False,2026-05-03T19:57:18.080042,,-2.13,2.13,False,False,False,False,True
702,3,30,60,3.0,12,dry,suv,0,0,,False,True,False,급정지,일반,False,9.4,0,0.0,0,False,999.0,True,False,True,False,2026-05-03T19:57:19.902884,,-2.24,2.24,False,False,False,False,True
703,3,30,60,3.0,12,dry,suv,35,15,sedan,False,True,False,급정지,일반,False,8.05,0,0.2,0,False,15,True,False,True,False,2026-05-03T19:57:21.976680,,-2.26,2.26,False,False,False,False,True
704,3,30,60,4.0,12,dry,suv,0,0,,False,True,False,급정지,일반,False,9.4,0,0.0,0,False,999.0,True,False,True,False,2026-05-03T19:57:24.021654,,-2.24,2.24,False,False,False,False,True
705,3,30,60,4.0,12,dry,suv,35,15,sedan,False,True,False,급정지,일반,False,8.05,0,0.2,0,False,15,True,False,True,False,2026-05-03T19:57:26.100308,,-2.26,2.26,False,False,False,False,True
706,3,30,60,5.0,12,dry,suv,0,0,,False,True,False,급정지,일반,False,9.4,0,0.0,0,False,999.0,True,False,True,False,2026-05-03T19:57:28.132680,,-2.24,2.24,False,False,False,False,True
707,3,30,60,5.0,12,dry,suv,35,15,sedan,False,True,False,급정지,일반,False,8.05,0,0.2,0,False,15,True,False,True,False,2026-05-03T19:57:30.208744,,-2.26,2.26,False,False,False,False,True
708,3,30,70,3.0,12,dry,suv,0,0,,False,True,False,급정지,일반,False,10.7,0,0.7,0,False,999.0,True,False,True,False,2026-05-03T19:57:32.239667,,-2.22,2.22,False,False,False,False,True
709,3,30,70,3.0,12,dry,suv,35,15,sedan,False,True,False,급정지,일반,False,9.35,0,0.7,0,False,15,True,False,True,False,2026-05-03T19:57:34.534426,,-2.24,2.24,False,False,False,False,True
710,3,30,70,4.0,12,dry,suv,0,0,,False,True,False,급정지,일반,False,10.7,0,0.7,0,False,999.0,True,False,True,False,2026-05-03T19:57:36.771987,,-2.22,2.22,False,False,False,False,True
711,3,30,70,4.0,12,dry,suv,35,15,sedan,False,True,False,급정지,일반,False,9.35,0,0.7,0,False,15,True,False,True,False,2026-05-03T19:57:39.069743,,-2.24,2.24,False,False,False,False,True
712,3,30,70,5.0,12,dry,suv,0,0,,False,True,False,급정지,일반,False,10.75,0,0.6,0,False,999.0,True,False,True,False,2026-05-03T19:57:41.314444,,-2.27,2.27,False,False,False,False,True
713,3,30,70,5.0,12,dry,suv,35,15,sedan,False,True,False,급정지,일반,False,9.35,0,0.7,0,False,15,True,False,True,False,2026-05-03T19:57:43.616523,,-2.24,2.24,False,False,False,False,True
714,3,30,80,3.0,12,dry,suv,0,0,,False,True,False,급정지,일반,False,11.8,0,0.1,0,False,999.0,True,False,True,False,2026-05-03T19:57:45.867231,,-2.26,2.26,False,False,False,False,True
715,3,30,80,3.0,12,dry,suv,35,15,sedan,False,True,False,급정지,일반,False,10.9,0,0.0,0,False,15,True,False,True,False,2026-05-03T19:57:48.335541,,-2.2,2.2,False,False,False,False,True
716,3,30,80,4.0,12,dry,suv,0,0,,False,True,False,급정지,일반,False,11.8,0,0.1,0,False,999.0,True,False,True,False,2026-05-03T19:57:50.836715,,-2.26,2.26,False,False,False,False,True
717,3,30,80,4.0,12,dry,suv,35,15,sedan,False,True,False,급정지,일반,False,10.9,0,0.0,0,False,15,True,False,True,False,2026-05-03T19:57:53.305710,,-2.2,2.2,False,False,False,False,True
718,3,30,80,5.0,12,dry,suv,0,0,,False,True,False,급정지,일반,False,11.8,0,0.1,0,False,999.0,True,False,True,False,2026-05-03T19:57:55.834442,,-2.26,2.26,False,False,False,False,True
719,3,30,80,5.0,12,dry,suv,35,15,sedan,False,True,False,급정지,일반,False,10.9,0,0.0,0,False,15,True,False,True,False,2026-05-03T19:57:58.320357,,-2.2,2.2,False,False,False,False,True
720,3,35,10,3.0,12,dry,suv,0,0,,False,False,False,급정지,딜레마,False,1.6,0,0.0,0,False,999.0,True,False,True,False,2026-05-03T19:58:00.845534,,-2.02,2.02,False,False,False,True,True
721,3,35,10,3.0,12,dry,suv,40,15,sedan,False,False,False,급정지,딜레마,False,1.55,0,0.0,0,False,9.78,False,False,False,False,2026-05-03T19:58:01.625552,,5.29,5.29,True,False,False,True,False
722,3,35,10,4.0,12,dry,suv,0,0,,True,False,False,진행,일반,False,2.8,0,34.8,0,False,999.0,False,False,True,False,2026-05-03T19:58:02.588905,,37.8,37.8,False,False,True,False,True
723,3,35,10,4.0,12,dry,suv,40,15,sedan,True,False,False,진행,일반,False,2.8,0,34.7,0,False,15,False,False,True,False,2026-05-03T19:58:03.901421,,48.71,48.71,False,False,True,False,True
724,3,35,10,5.0,12,dry,suv,0,0,,True,False,False,진행,일반,False,2.8,0,34.8,0,False,999.0,False,False,True,False,2026-05-03T19:58:05.405724,,37.8,37.8,False,False,True,False,True
725,3,35,10,5.0,12,dry,suv,40,15,sedan,True,False,False,진행,일반,False,2.8,0,34.7,0,False,15,False,False,True,False,2026-05-03T19:58:06.720619,,48.71,48.71,False,False,True,False,True
726,3,35,20,3.0,12,dry,suv,0,0,,False,True,False,급정지,일반,False,3.85,0,0.6,0,False,999.0,True,False,True,False,2026-05-03T19:58:08.229840,,-2.24,2.24,False,False,False,False,True
727,3,35,20,3.0,12,dry,suv,40,15,sedan,False,True,False,급정지,일반,False,1.6,0,0.2,0,False,11.83,True,False,True,False,2026-05-03T19:58:09.386632,,-2.16,2.16,False,False,False,False,True
728,3,35,20,4.0,12,dry,suv,0,0,,False,True,False,급정지,일반,False,3.85,0,0.6,0,False,999.0,True,False,True,False,2026-05-03T19:58:10.358620,,-2.24,2.24,False,False,False,False,True
729,3,35,20,4.0,12,dry,suv,40,15,sedan,False,True,False,급정지,일반,False,1.6,0,0.2,0,False,11.83,True,False,True,False,2026-05-03T19:58:11.520344,,-2.16,2.16,False,False,False,False,True
730,3,35,20,5.0,12,dry,suv,0,0,,True,True,False,진행,옵션,False,3.85,0,34.7,0,False,999.0,False,False,True,False,2026-05-03T19:58:12.486700,,37.94,37.94,False,False,True,False,True
731,3,35,20,5.0,12,dry,suv,40,15,sedan,True,True,False,진행,옵션,False,3.85,0,34.7,0,False,15,False,False,True,False,2026-05-03T19:58:13.977684,,48.37,48.37,False,False,True,False,True
732,3,35,30,3.0,12,dry,suv,0,0,,False,True,False,급정지,일반,False,4.9,0,0.6,0,False,999.0,True,False,True,False,2026-05-03T19:58:15.662464,,-2.28,2.28,False,False,False,False,True
733,3,35,30,3.0,12,dry,suv,40,15,sedan,False,True,False,급정지,일반,False,3.65,0,0.9,0,False,5.25,True,False,True,False,2026-05-03T19:58:16.989294,,-2.27,2.27,False,False,False,False,True
734,3,35,30,4.0,12,dry,suv,0,0,,False,True,False,급정지,일반,False,4.9,0,0.6,0,False,999.0,True,False,True,False,2026-05-03T19:58:18.293755,,-2.28,2.28,False,False,False,False,True
735,3,35,30,4.0,12,dry,suv,40,15,sedan,False,True,False,급정지,일반,False,3.65,0,0.9,0,False,5.25,True,False,True,False,2026-05-03T19:58:19.632843,,-2.27,2.27,False,False,False,False,True
736,3,35,30,5.0,12,dry,suv,0,0,,False,True,False,급정지,일반,False,4.9,0,0.6,0,False,999.0,True,False,True,False,2026-05-03T19:58:20.943263,,-2.28,2.28,False,False,False,False,True
737,3,35,30,5.0,12,dry,suv,40,15,sedan,False,True,False,급정지,일반,False,3.65,0,0.9,0,False,5.25,True,False,True,False,2026-05-03T19:58:22.267747,,-2.27,2.27,False,False,False,False,True
738,3,35,40,3.0,12,dry,suv,0,0,,False,True,False,급정지,일반,False,6.5,0,0.0,0,False,999.0,True,False,True,False,2026-05-03T19:58:23.565568,,-2.15,2.15,False,False,False,False,True
739,3,35,40,3.0,12,dry,suv,40,15,sedan,False,True,False,급정지,일반,False,5.15,0,0.9,0,False,8.29,True,False,True,False,2026-05-03T19:58:25.166737,,-2.11,2.11,False,False,False,False,True
740,3,35,40,4.0,12,dry,suv,0,0,,False,True,False,급정지,일반,False,6.5,0,0.0,0,False,999.0,True,False,True,False,2026-05-03T19:58:26.727856,,-2.15,2.15,False,False,False,False,True
741,3,35,40,4.0,12,dry,suv,40,15,sedan,False,True,False,급정지,일반,False,5.15,0,0.9,0,False,8.29,True,False,True,False,2026-05-03T19:58:28.324938,,-2.11,2.11,False,False,False,False,True
742,3,35,40,5.0,12,dry,suv,0,0,,False,True,False,급정지,일반,False,6.5,0,0.0,0,False,999.0,True,False,True,False,2026-05-03T19:58:29.881721,,-2.15,2.15,False,False,False,False,True
743,3,35,40,5.0,12,dry,suv,40,15,sedan,False,True,False,급정지,일반,False,5.15,0,0.9,0,False,8.29,True,False,True,False,2026-05-03T19:58:31.476667,,-2.11,2.11,False,False,False,False,True
744,3,35,50,3.0,12,dry,suv,0,0,,False,True,False,급정지,일반,False,7.7,0,0.0,0,False,999.0,True,False,True,False,2026-05-03T19:58:33.032742,,-2.12,2.12,False,False,False,False,True
745,3,35,50,3.0,12,dry,suv,40,15,sedan,False,True,False,급정지,일반,False,6.2,0,0.0,0,False,15,True,False,True,False,2026-05-03T19:58:34.828132,,-2.11,2.11,False,False,False,False,True
746,3,35,50,4.0,12,dry,suv,0,0,,False,True,False,급정지,일반,False,7.7,0,0.0,0,False,999.0,True,False,True,False,2026-05-03T19:58:36.549756,,-2.12,2.12,False,False,False,False,True
747,3,35,50,4.0,12,dry,suv,40,15,sedan,False,True,False,급정지,일반,False,6.2,0,1.0,0,False,15,True,False,True,False,2026-05-03T19:58:38.352144,,-2.25,2.25,False,False,False,False,True
748,3,35,50,5.0,12,dry,suv,0,0,,False,True,False,급정지,일반,False,7.7,0,0.0,0,False,999.0,True,False,True,False,2026-05-03T19:58:40.081841,,-2.12,2.12,False,False,False,False,True
749,3,35,50,5.0,12,dry,suv,40,15,sedan,False,True,False,급정지,일반,False,6.2,0,0.0,0,False,15,True,False,True,False,2026-05-03T19:58:41.875720,,-2.11,2.11,False,False,False,False,True
750,3,35,60,3.0,12,dry,suv,0,0,,False,True,False,급정지,일반,False,8.6,0,0.7,0,False,999.0,True,False,True,False,2026-05-03T19:58:43.653703,,-2.21,2.21,False,False,False,False,True
751,3,35,60,3.0,12,dry,suv,40,15,sedan,False,True,False,급정지,일반,False,7.45,0,0.6,0,False,15,True,False,True,False,2026-05-03T19:58:45.590398,,-2.12,2.12,False,False,False,False,True
752,3,35,60,4.0,12,dry,suv,0,0,,False,True,False,급정지,일반,False,8.6,0,0.8,0,False,999.0,True,False,True,False,2026-05-03T19:58:47.518846,,-2.28,2.28,False,False,False,False,True
753,3,35,60,4.0,12,dry,suv,40,15,sedan,False,True,False,급정지,일반,False,7.25,0,0.7,0,False,15,True,False,True,False,2026-05-03T19:58:49.455624,,-2.23,2.23,False,False,False,False,True
754,3,35,60,5.0,12,dry,suv,0,0,,False,True,False,급정지,일반,False,8.6,0,0.7,0,False,999.0,True,False,True,False,2026-05-03T19:58:51.352142,,-2.21,2.21,False,False,False,False,True
755,3,35,60,5.0,12,dry,suv,40,15,sedan,False,True,False,급정지,일반,False,7.25,0,0.7,0,False,15,True,False,True,False,2026-05-03T19:58:53.289878,,-2.23,2.23,False,False,False,False,True
756,3,35,70,3.0,12,dry,suv,0,0,,False,True,False,급정지,일반,False,9.65,0,0.0,0,False,999.0,True,False,True,False,2026-05-03T19:58:55.190910,,-2.14,2.14,False,False,False,False,True
757,3,35,70,3.0,12,dry,suv,40,15,sedan,False,True,False,급정지,일반,False,8.55,0,0.6,0,False,15,True,False,True,False,2026-05-03T19:58:57.300991,,-2.26,2.26,False,False,False,False,True
758,3,35,70,4.0,12,dry,suv,0,0,,False,True,False,급정지,일반,False,9.65,0,0.0,0,False,999.0,True,False,True,False,2026-05-03T19:58:59.417833,,-2.14,2.14,False,False,False,False,True
759,3,35,70,4.0,12,dry,suv,40,15,sedan,False,True,False,급정지,일반,False,8.55,0,0.6,0,False,15,True,False,True,False,2026-05-03T19:59:01.538879,,-2.26,2.26,False,False,False,False,True
760,3,35,70,5.0,12,dry,suv,0,0,,False,True,False,급정지,일반,False,9.65,0,0.0,0,False,999.0,True,False,True,False,2026-05-03T19:59:03.654849,,-2.14,2.14,False,False,False,False,True
761,3,35,70,5.0,12,dry,suv,40,15,sedan,False,True,False,급정지,일반,False,8.55,0,0.6,0,False,15,True,False,True,False,2026-05-03T19:59:05.773285,,-2.26,2.26,False,False,False,False,True
762,3,35,80,3.0,12,dry,suv,0,0,,False,True,False,급정지,일반,False,10.85,0,0.6,0,False,999.0,True,False,True,False,2026-05-03T19:59:07.896284,,-2.24,2.24,False,False,False,False,True
763,3,35,80,3.0,12,dry,suv,40,15,sedan,False,True,False,급정지,일반,False,9.25,0,0.7,0,False,15,True,False,True,False,2026-05-03T19:59:10.212021,,-2.46,2.46,False,False,False,False,True
764,3,35,80,4.0,12,dry,suv,0,0,,False,True,False,급정지,일반,False,10.85,0,0.6,0,False,999.0,True,False,True,False,2026-05-03T19:59:12.443364,,-2.24,2.24,False,False,False,False,True
765,3,35,80,4.0,12,dry,suv,40,15,sedan,False,True,False,급정지,일반,False,9.25,0,0.7,0,False,15,True,False,True,False,2026-05-03T19:59:14.788829,,-2.46,2.46,False,False,False,False,True
766,3,35,80,5.0,12,dry,suv,0,0,,False,True,False,급정지,일반,False,10.85,0,0.6,0,False,999.0,True,False,True,False,2026-05-03T19:59:17.025005,,-2.24,2.24,False,False,False,False,True
767,3,35,80,5.0,12,dry,suv,40,15,sedan,False,True,False,급정지,일반,False,9.25,0,0.7,0,False,15,True,False,True,False,2026-05-03T19:59:19.341251,,-2.46,2.46,False,False,False,False,True
768,3,40,10,3.0,12,dry,suv,0,0,,True,False,False,진행,일반,False,2.45,0,39.7,0,False,999.0,False,False,True,False,2026-05-03T19:59:21.563116,,41.21,41.21,False,False,True,False,True
769,3,40,10,3.0,12,dry,suv,45,15,sedan,True,False,True,진행,일반,False,2.45,0,39.7,0,False,15,False,False,True,False,2026-05-03T19:59:22.824825,,53.14,53.14,False,False,True,False,True
770,3,40,10,4.0,12,dry,suv,0,0,,True,False,False,진행,일반,False,2.45,0,39.7,0,False,999.0,False,False,True,False,2026-05-03T19:59:24.273064,,41.21,41.21,False,False,True,False,True
771,3,40,10,4.0,12,dry,suv,45,15,sedan,True,False,True,진행,일반,False,2.45,0,39.7,0,False,15,False,False,True,False,2026-05-03T19:59:25.530236,,53.14,53.14,False,False,True,False,True
772,3,40,10,5.0,12,dry,suv,0,0,,True,False,False,진행,일반,False,2.45,0,39.7,0,False,999.0,False,False,True,False,2026-05-03T19:59:26.977753,,41.21,41.21,False,False,True,False,True
773,3,40,10,5.0,12,dry,suv,45,15,sedan,True,False,True,진행,일반,False,2.45,0,39.7,0,False,15,False,False,True,False,2026-05-03T19:59:28.239885,,53.14,53.14,False,False,True,False,True
774,3,40,20,3.0,12,dry,suv,0,0,,False,False,False,급정지,딜레마,False,3.2,0,0.1,0,False,999.0,True,False,True,False,2026-05-03T19:59:29.685696,,-2.26,2.26,False,False,False,True,True
775,3,40,20,3.0,12,dry,suv,45,15,sedan,False,False,True,급정지,딜레마,False,1.55,0,0.0,0,False,12.76,True,False,True,False,2026-05-03T19:59:30.736854,,0.71,0.71,False,False,False,True,True
776,3,40,20,4.0,12,dry,suv,0,0,,True,False,False,진행,일반,False,3.4,0,39.7,0,False,999.0,False,False,True,False,2026-05-03T19:59:31.694599,,41.12,41.12,False,False,True,False,True
777,3,40,20,4.0,12,dry,suv,45,15,sedan,True,False,True,진행,일반,False,3.4,0,39.7,0,False,15,False,False,True,False,2026-05-03T19:59:33.096807,,53.05,53.05,False,False,True,False,True
778,3,40,20,5.0,12,dry,suv,0,0,,True,False,False,진행,일반,False,3.4,0,39.7,0,False,999.0,False,False,True,False,2026-05-03T19:59:34.696001,,41.12,41.12,False,False,True,False,True
779,3,40,20,5.0,12,dry,suv,45,15,sedan,True,False,True,진행,일반,False,3.4,0,39.7,0,False,15,False,False,True,False,2026-05-03T19:59:36.099889,,53.05,53.05,False,False,True,False,True
780,3,40,30,3.0,12,dry,suv,0,0,,False,True,False,급정지,일반,False,5.05,0,0.0,0,False,999.0,True,False,True,False,2026-05-03T19:59:37.702841,,-2.14,2.14,False,False,False,False,True
781,3,40,30,3.0,12,dry,suv,45,15,sedan,False,True,True,급정지,일반,False,3.15,0,0.0,0,False,4.08,True,False,True,False,2026-05-03T19:59:39.063153,,-2.1,2.1,False,False,False,False,True
782,3,40,30,4.0,12,dry,suv,0,0,,False,True,False,급정지,일반,False,5.05,0,0.0,0,False,999.0,True,False,True,False,2026-05-03T19:59:40.285655,,-2.14,2.14,False,False,False,False,True
783,3,40,30,4.0,12,dry,suv,45,15,sedan,False,True,True,급정지,일반,False,3.15,0,0.0,0,False,4.08,True,False,True,False,2026-05-03T19:59:41.643198,,-2.1,2.1,False,False,False,False,True
784,3,40,30,5.0,12,dry,suv,0,0,,True,True,False,진행,옵션,False,4.3,0,39.7,0,False,999.0,False,False,True,False,2026-05-03T19:59:42.860038,,41.03,41.03,False,False,True,False,True
785,3,40,30,5.0,12,dry,suv,45,15,sedan,True,True,True,진행,옵션,False,4.3,0,39.7,0,False,15,False,False,True,False,2026-05-03T19:59:44.411954,,52.96,52.96,False,False,True,False,True
786,3,40,40,3.0,12,dry,suv,0,0,,False,True,False,급정지,일반,False,6.0,0,0.1,0,False,999.0,True,False,True,False,2026-05-03T19:59:46.176896,,-2.18,2.18,False,False,False,False,True
787,3,40,40,3.0,12,dry,suv,45,15,sedan,False,True,True,감속,일반,False,4.05,0,0.0,0,False,7.61,True,False,True,False,2026-05-03T19:59:47.704581,,-1.75,1.75,False,False,False,False,True
788,3,40,40,4.0,12,dry,suv,0,0,,False,True,False,급정지,일반,False,6.0,0,0.1,0,False,999.0,True,False,True,False,2026-05-03T19:59:49.074650,,-2.18,2.18,False,False,False,False,True
789,3,40,40,4.0,12,dry,suv,45,15,sedan,False,True,True,감속,일반,False,4.1,0,0.0,0,False,7.21,True,False,True,False,2026-05-03T19:59:50.579945,,-1.81,1.81,False,False,False,False,True
790,3,40,40,5.0,12,dry,suv,0,0,,False,True,False,급정지,일반,False,6.0,0,0.1,0,False,999.0,True,False,True,False,2026-05-03T19:59:51.965692,,-2.18,2.18,False,False,False,False,True
791,3,40,40,5.0,12,dry,suv,45,15,sedan,False,True,True,감속,일반,False,4.05,0,0.0,0,False,7.61,True,False,True,False,2026-05-03T19:59:53.483106,,-1.75,1.75,False,False,False,False,True
792,3,40,50,3.0,12,dry,suv,0,0,,False,True,False,급정지,일반,False,6.95,0,0.7,0,False,999.0,True,False,True,False,2026-05-03T19:59:54.853057,,-2.27,2.27,False,False,False,False,True
793,3,40,50,3.0,12,dry,suv,45,15,sedan,False,True,True,감속,일반,False,5.0,0,0.6,0,False,12.05,True,False,True,False,2026-05-03T19:59:56.521240,,-1.74,1.74,False,False,False,False,True
794,3,40,50,4.0,12,dry,suv,0,0,,False,True,False,급정지,일반,False,6.95,0,0.7,0,False,999.0,True,False,True,False,2026-05-03T19:59:58.041042,,-2.27,2.27,False,False,False,False,True
795,3,40,50,4.0,12,dry,suv,45,15,sedan,False,True,True,감속,일반,False,5.0,0,0.6,0,False,12.05,True,False,True,False,2026-05-03T19:59:59.719933,,-1.74,1.74,False,False,False,False,True
796,3,40,50,5.0,12,dry,suv,0,0,,False,True,False,급정지,일반,False,6.95,0,0.7,0,False,999.0,True,False,True,False,2026-05-03T20:00:01.245683,,-2.27,2.27,False,False,False,False,True
797,3,40,50,5.0,12,dry,suv,45,15,sedan,False,True,True,감속,일반,False,5.0,0,0.6,0,False,12.05,True,False,True,False,2026-05-03T20:00:02.922538,,-1.74,1.74,False,False,False,False,True
798,3,40,60,3.0,12,dry,suv,0,0,,False,True,False,급정지,일반,False,8.05,0,0.7,0,False,999.0,True,False,True,False,2026-05-03T20:00:04.445675,,-2.26,2.26,False,False,False,False,True
799,3,40,60,3.0,12,dry,suv,45,15,sedan,False,True,True,감속,일반,False,6.0,0,0.0,0,False,15,True,False,True,False,2026-05-03T20:00:06.301327,,-1.79,1.79,False,False,False,False,True
800,3,40,60,4.0,12,dry,suv,0,0,,False,True,False,급정지,일반,False,8.05,0,0.7,0,False,999.0,True,False,True,False,2026-05-03T20:00:08.041997,,-2.26,2.26,False,False,False,False,True
801,3,40,60,4.0,12,dry,suv,45,15,sedan,False,True,True,감속,일반,False,6.0,0,0.0,0,False,15,True,False,True,False,2026-05-03T20:00:09.891762,,-1.79,1.79,False,False,False,False,True
802,3,40,60,5.0,12,dry,suv,0,0,,False,True,False,급정지,일반,False,8.05,0,0.7,0,False,999.0,True,False,True,False,2026-05-03T20:00:11.583224,,-2.26,2.26,False,False,False,False,True
803,3,40,60,5.0,12,dry,suv,45,15,sedan,False,True,True,감속,일반,False,6.0,0,0.0,0,False,15,True,False,True,False,2026-05-03T20:00:13.437009,,-1.79,1.79,False,False,False,False,True
804,3,40,70,3.0,12,dry,suv,0,0,,False,True,False,급정지,일반,False,8.95,0,0.1,0,False,999.0,True,False,True,False,2026-05-03T20:00:15.130002,,-2.18,2.18,False,False,False,False,True
805,3,40,70,3.0,12,dry,suv,45,15,sedan,False,True,True,감속,일반,False,7.05,0,0.9,0,False,15,True,False,True,False,2026-05-03T20:00:17.126854,,-1.73,1.73,False,False,False,False,True
806,3,40,70,4.0,12,dry,suv,0,0,,False,True,False,급정지,일반,False,8.95,0,0.7,0,False,999.0,True,False,True,False,2026-05-03T20:00:18.989969,,-2.18,2.18,False,False,False,False,True
807,3,40,70,4.0,12,dry,suv,45,15,sedan,False,True,True,감속,일반,False,7.05,0,0.9,0,False,15,True,False,True,False,2026-05-03T20:00:20.993205,,-1.73,1.73,False,False,False,False,True
808,3,40,70,5.0,12,dry,suv,0,0,,False,True,False,급정지,일반,False,8.95,0,0.7,0,False,999.0,True,False,True,False,2026-05-03T20:00:22.863412,,-2.18,2.18,False,False,False,False,True
809,3,40,70,5.0,12,dry,suv,45,15,sedan,False,True,True,감속,일반,False,7.05,0,0.9,0,False,15,True,False,True,False,2026-05-03T20:00:24.877573,,-1.73,1.73,False,False,False,False,True
810,3,40,80,3.0,12,dry,suv,0,0,,False,True,False,급정지,일반,False,10.2,0,0.0,0,False,999.0,True,False,True,False,2026-05-03T20:00:26.745721,,-2.04,2.04,False,False,False,False,True
811,3,40,80,3.0,12,dry,suv,45,15,sedan,False,True,True,감속,일반,False,8.05,0,0.0,0,False,15,True,False,True,False,2026-05-03T20:00:28.957409,,-1.76,1.76,False,False,False,False,True
812,3,40,80,4.0,12,dry,suv,0,0,,False,True,False,급정지,일반,False,10.2,0,0.0,0,False,999.0,True,False,True,False,2026-05-03T20:00:30.978453,,-2.04,2.04,False,False,False,False,True
813,3,40,80,4.0,12,dry,suv,45,15,sedan,False,True,True,감속,일반,False,8.05,0,0.0,0,False,15,True,False,True,False,2026-05-03T20:00:33.216854,,-1.76,1.76,False,False,False,False,True
814,3,40,80,5.0,12,dry,suv,0,0,,False,True,False,급정지,일반,False,10.2,0,0.0,0,False,999.0,True,False,True,False,2026-05-03T20:00:35.273563,,-2.04,2.04,False,False,False,False,True
815,3,40,80,5.0,12,dry,suv,45,15,sedan,False,True,True,감속,일반,False,8.05,0,0.0,0,False,15,True,False,True,False,2026-05-03T20:00:37.499991,,-1.76,1.76,False,False,False,False,True
816,3,45,10,3.0,12,dry,suv,0,0,,True,False,False,진행,일반,False,2.2,0,44.5,0,False,999.0,False,False,True,False,2026-05-03T20:00:39.534629,,43.8,43.8,False,False,True,False,True
817,3,45,10,3.0,12,dry,suv,50,15,sedan,True,False,True,진행,일반,False,2.2,0,44.5,0,False,15,False,False,True,False,2026-05-03T20:00:40.740314,,57.84,57.84,False,False,True,False,True
818,3,45,10,4.0,12,dry,suv,0,0,,True,False,False,진행,일반,False,2.2,0,44.5,0,False,999.0,False,False,True,False,2026-05-03T20:00:42.154616,,43.8,43.8,False,False,True,False,True
819,3,45,10,4.0,12,dry,suv,50,15,sedan,True,False,True,진행,일반,False,2.2,0,44.5,0,False,15,False,False,True,False,2026-05-03T20:00:43.370937,,57.84,57.84,False,False,True,False,True
820,3,45,10,5.0,12,dry,suv,0,0,,True,False,False,진행,일반,False,2.2,0,44.5,0,False,999.0,False,False,True,False,2026-05-03T20:00:44.786355,,43.8,43.8,False,False,True,False,True
821,3,45,10,5.0,12,dry,suv,50,15,sedan,True,False,True,진행,일반,False,2.2,0,44.5,0,False,15,False,False,True,False,2026-05-03T20:00:46.007419,,57.84,57.84,False,False,True,False,True
822,3,45,20,3.0,12,dry,suv,0,0,,False,False,False,급정지,딜레마,False,3.05,0,0.0,0,False,999.0,True,False,True,False,2026-05-03T20:00:47.423600,,-2.07,2.07,False,False,False,True,True
823,3,45,20,3.0,12,dry,suv,50,15,sedan,False,False,True,급정지,딜레마,False,1.55,0,0.0,0,False,12.73,True,False,True,False,2026-05-03T20:00:48.447889,,3.09,3.09,True,False,False,True,True
824,3,45,20,4.0,12,dry,suv,0,0,,True,False,False,진행,일반,False,3.0,0,44.5,0,False,999.0,False,False,True,False,2026-05-03T20:00:49.400926,,44.31,44.31,False,False,True,False,True
825,3,45,20,4.0,12,dry,suv,50,15,sedan,True,False,True,진행,일반,False,3.0,0,44.5,0,False,15,False,False,True,False,2026-05-03T20:00:50.754826,,57.73,57.73,False,False,True,False,True
826,3,45,20,5.0,12,dry,suv,0,0,,True,False,False,진행,일반,False,3.0,0,44.5,0,False,999.0,False,False,True,False,2026-05-03T20:00:52.290053,,44.31,44.31,False,False,True,False,True
827,3,45,20,5.0,12,dry,suv,50,15,sedan,True,False,True,진행,일반,False,3.0,0,44.5,0,False,15,False,False,True,False,2026-05-03T20:00:53.640001,,57.73,57.73,False,False,True,False,True
828,3,45,30,3.0,12,dry,suv,0,0,,False,True,False,급정지,일반,False,4.95,0,0.7,0,False,999.0,True,False,True,False,2026-05-03T20:00:55.180537,,-2.26,2.26,False,False,False,False,True
829,3,45,30,3.0,12,dry,suv,50,15,sedan,False,True,True,급정지,일반,False,2.55,0,0.0,0,False,5.74,True,False,True,False,2026-05-03T20:00:56.521287,,-2.06,2.06,False,False,False,False,True
830,3,45,30,4.0,12,dry,suv,0,0,,False,True,False,급정지,일반,False,4.95,0,0.7,0,False,999.0,True,False,True,False,2026-05-03T20:00:57.647880,,-2.26,2.26,False,False,False,False,True
831,3,45,30,4.0,12,dry,suv,50,15,sedan,False,True,True,급정지,일반,False,2.55,0,0.0,0,False,5.74,True,False,True,False,2026-05-03T20:00:58.985881,,-2.06,2.06,False,False,False,False,True
832,3,45,30,5.0,12,dry,suv,0,0,,True,True,False,진행,옵션,False,3.8,0,44.5,0,False,999.0,False,False,True,False,2026-05-03T20:01:00.100006,,44.21,44.21,False,False,True,False,True
833,3,45,30,5.0,12,dry,suv,50,15,sedan,True,True,True,진행,옵션,False,3.8,0,44.5,0,False,15,False,False,True,False,2026-05-03T20:01:01.591012,,57.63,57.63,False,False,True,False,True
834,3,45,40,3.0,12,dry,suv,0,0,,False,True,False,급정지,일반,False,6.05,0,0.7,0,False,999.0,True,False,True,False,2026-05-03T20:01:03.265033,,-2.24,2.24,False,False,False,False,True
835,3,45,40,3.0,12,dry,suv,50,15,sedan,False,True,True,급정지,일반,False,4.8,0,0.8,0,True,-0.02,True,False,False,False,2026-05-03T20:01:04.782862,,-0.33,0.33,False,False,False,False,True
836,3,45,40,4.0,12,dry,suv,0,0,,False,True,False,급정지,일반,False,6.05,0,0.7,0,False,999.0,True,False,True,False,2026-05-03T20:01:06.282618,,-2.24,2.24,False,False,False,False,True
837,3,45,40,4.0,12,dry,suv,50,15,sedan,False,True,True,급정지,일반,False,4.8,0,0.8,0,True,-0.02,True,False,False,False,2026-05-03T20:01:07.805224,,-0.33,0.33,False,False,False,False,True
838,3,45,40,5.0,12,dry,suv,0,0,,False,True,False,급정지,일반,False,6.05,0,0.7,0,False,999.0,True,False,True,False,2026-05-03T20:01:09.308938,,-2.24,2.24,False,False,False,False,True
839,3,45,40,5.0,12,dry,suv,50,15,sedan,False,True,True,급정지,일반,False,4.8,0,0.8,0,True,-0.02,True,False,False,False,2026-05-03T20:01:10.825803,,-0.33,0.33,False,False,False,False,True
840,3,45,50,3.0,12,dry,suv,0,0,,False,True,False,급정지,일반,False,6.9,0,0.6,0,False,999.0,True,False,True,False,2026-05-03T20:01:12.321046,,-2.25,2.25,False,False,False,False,True
841,3,45,50,3.0,12,dry,suv,50,15,sedan,False,True,True,감속,일반,False,4.8,0,0.7,0,False,6.28,True,False,True,False,2026-05-03T20:01:13.982128,,-1.73,1.73,False,False,False,False,True
842,3,45,50,4.0,12,dry,suv,0,0,,False,True,False,급정지,일반,False,6.9,0,0.6,0,False,999.0,True,False,True,False,2026-05-03T20:01:15.476897,,-2.25,2.25,False,False,False,False,True
843,3,45,50,4.0,12,dry,suv,50,15,sedan,False,True,True,감속,일반,False,4.8,0,0.7,0,False,6.28,True,False,True,False,2026-05-03T20:01:17.133840,,-1.73,1.73,False,False,False,False,True
844,3,45,50,5.0,12,dry,suv,0,0,,False,True,False,급정지,일반,False,6.9,0,0.6,0,False,999.0,True,False,True,False,2026-05-03T20:01:18.636890,,-2.25,2.25,False,False,False,False,True
845,3,45,50,5.0,12,dry,suv,50,15,sedan,False,True,True,감속,일반,False,4.8,0,0.7,0,False,6.28,True,False,True,False,2026-05-03T20:01:20.306012,,-1.73,1.73,False,False,False,False,True
846,3,45,60,3.0,12,dry,suv,0,0,,False,True,False,급정지,일반,False,7.4,0,0.8,0,False,999.0,True,False,True,False,2026-05-03T20:01:21.799869,,-2.37,2.37,False,False,False,False,True
847,3,45,60,3.0,12,dry,suv,50,15,sedan,False,True,True,감속,일반,False,5.6,0,0.0,0,False,11.45,True,False,True,False,2026-05-03T20:01:23.536826,,-1.81,1.81,False,False,False,False,True
848,3,45,60,4.0,12,dry,suv,0,0,,False,True,False,급정지,일반,False,7.4,0,0.8,0,False,999.0,True,False,True,False,2026-05-03T20:01:25.161090,,-2.37,2.37,False,False,False,False,True
849,3,45,60,4.0,12,dry,suv,50,15,sedan,False,True,True,감속,일반,False,5.6,0,0.0,0,False,11.45,True,False,True,False,2026-05-03T20:01:26.904747,,-1.81,1.81,False,False,False,False,True
850,3,45,60,5.0,12,dry,suv,0,0,,False,True,False,급정지,일반,False,7.4,0,0.8,0,False,999.0,True,False,True,False,2026-05-03T20:01:28.580574,,-2.37,2.37,False,False,False,False,True
851,3,45,60,5.0,12,dry,suv,50,15,sedan,False,True,True,감속,일반,False,5.6,0,0.0,0,False,11.45,True,False,True,False,2026-05-03T20:01:30.322114,,-1.81,1.81,False,False,False,False,True
852,3,45,70,3.0,12,dry,suv,0,0,,False,True,False,급정지,일반,False,8.55,0,0.1,0,False,999.0,True,False,True,False,2026-05-03T20:01:31.940271,,-2.2,2.2,False,False,False,False,True
853,3,45,70,3.0,12,dry,suv,50,15,sedan,False,True,True,감속,일반,False,6.55,0,0.0,0,False,15,True,False,True,False,2026-05-03T20:01:33.876936,,-1.7,1.7,False,False,False,False,True
854,3,45,70,4.0,12,dry,suv,0,0,,False,True,False,급정지,일반,False,8.55,0,0.1,0,False,999.0,True,False,True,False,2026-05-03T20:01:35.661075,,-2.2,2.2,False,False,False,False,True
855,3,45,70,4.0,12,dry,suv,50,15,sedan,False,True,True,감속,일반,False,6.55,0,0.0,0,False,15,True,False,True,False,2026-05-03T20:01:37.598894,,-1.7,1.7,False,False,False,False,True
856,3,45,70,5.0,12,dry,suv,0,0,,False,True,False,급정지,일반,False,8.55,0,0.1,0,False,999.0,True,False,True,False,2026-05-03T20:01:39.376134,,-2.2,2.2,False,False,False,False,True
857,3,45,70,5.0,12,dry,suv,50,15,sedan,False,True,True,감속,일반,False,6.55,0,0.0,0,False,15,True,False,True,False,2026-05-03T20:01:41.311161,,-1.7,1.7,False,False,False,False,True
858,3,45,80,3.0,12,dry,suv,0,0,,False,True,False,급정지,일반,False,9.2,0,0.9,0,False,999.0,True,False,True,False,2026-05-03T20:01:43.094671,,-2.43,2.43,False,False,False,False,True
859,3,45,80,3.0,12,dry,suv,50,15,sedan,False,True,True,감속,일반,False,7.4,0,0.1,0,False,15,True,False,True,False,2026-05-03T20:01:45.137151,,-1.78,1.78,False,False,False,False,True
860,3,45,80,4.0,12,dry,suv,0,0,,False,True,False,급정지,일반,False,9.2,0,0.9,0,False,999.0,True,False,True,False,2026-05-03T20:01:47.051649,,-2.43,2.43,False,False,False,False,True
861,3,45,80,4.0,12,dry,suv,50,15,sedan,False,True,True,감속,일반,False,7.4,0,0.1,0,False,15,True,False,True,False,2026-05-03T20:01:49.098340,,-1.78,1.78,False,False,False,False,True
862,3,45,80,5.0,12,dry,suv,0,0,,False,True,False,급정지,일반,False,9.2,0,0.9,0,False,999.0,True,False,True,False,2026-05-03T20:01:51.025854,,-2.43,2.43,False,False,False,False,True
863,3,45,80,5.0,12,dry,suv,50,15,sedan,False,True,True,감속,일반,False,7.4,0,0.1,0,False,15,True,False,True,False,2026-05-03T20:01:53.070377,,-1.78,1.78,False,False,False,False,True
864,3,50,10,3.0,12,dry,suv,0,0,,True,False,False,진행,일반,False,2.0,0,49.4,0,False,999.0,False,False,True,False,2026-05-03T20:01:54.996957,,46.94,46.94,False,False,True,False,True
865,3,50,10,3.0,12,dry,suv,55,15,sedan,True,False,True,진행,일반,False,2.0,0,49.4,0,False,15,False,False,True,False,2026-05-03T20:01:56.170627,,61.85,61.85,False,False,True,False,True
866,3,50,10,4.0,12,dry,suv,0,0,,True,False,False,진행,일반,False,2.0,0,49.4,0,False,999.0,False,False,True,False,2026-05-03T20:01:57.541921,,46.94,46.94,False,False,True,False,True
867,3,50,10,4.0,12,dry,suv,55,15,sedan,True,False,True,진행,일반,False,2.0,0,49.4,0,False,15,False,False,True,False,2026-05-03T20:01:58.714814,,61.85,61.85,False,False,True,False,True
868,3,50,10,5.0,12,dry,suv,0,0,,True,False,False,진행,일반,False,2.0,0,49.4,0,False,999.0,False,False,True,False,2026-05-03T20:02:00.081208,,46.94,46.94,False,False,True,False,True
869,3,50,10,5.0,12,dry,suv,55,15,sedan,True,False,True,진행,일반,False,2.0,0,49.4,0,False,15,False,False,True,False,2026-05-03T20:02:01.260145,,61.85,61.85,False,False,True,False,True
870,3,50,20,3.0,12,dry,suv,0,0,,False,False,False,급정지,딜레마,False,2.65,0,0.0,0,False,999.0,True,False,True,False,2026-05-03T20:02:02.631638,,-2.02,2.02,False,False,False,True,True
871,3,50,20,3.0,12,dry,suv,55,15,sedan,False,False,True,급정지,딜레마,False,1.55,0,0.0,0,False,13.12,False,False,False,False,2026-05-03T20:02:03.581618,,5.91,5.91,True,False,False,True,False
872,3,50,20,4.0,12,dry,suv,0,0,,True,False,False,진행,일반,False,2.7,0,49.4,0,False,999.0,False,False,True,False,2026-05-03T20:02:04.527019,,47.23,47.23,False,False,True,False,True
873,3,50,20,4.0,12,dry,suv,55,15,sedan,True,False,True,진행,일반,False,2.7,0,49.4,0,False,15,False,False,True,False,2026-05-03T20:02:05.837491,,62.14,62.14,False,False,True,False,True
874,3,50,20,5.0,12,dry,suv,0,0,,True,False,False,진행,일반,False,2.7,0,49.4,0,False,999.0,False,False,True,False,2026-05-03T20:02:07.335882,,47.23,47.23,False,False,True,False,True
875,3,50,20,5.0,12,dry,suv,55,15,sedan,True,False,True,진행,일반,False,2.7,0,49.4,0,False,15,False,False,True,False,2026-05-03T20:02:08.629545,,62.14,62.14,False,False,True,False,True
876,3,50,30,3.0,12,dry,suv,0,0,,False,True,False,급정지,일반,False,4.6,0,0.5,0,False,999.0,True,False,True,False,2026-05-03T20:02:10.123879,,-2.19,2.19,False,False,False,False,True
877,3,50,30,3.0,12,dry,suv,55,15,sedan,False,True,True,급정지,일반,False,1.55,0,0.1,0,False,15,True,False,True,False,2026-05-03T20:02:11.402156,,-1.46,1.46,False,False,False,False,True
878,3,50,30,4.0,12,dry,suv,0,0,,True,True,False,진행,옵션,False,3.45,0,49.4,0,False,999.0,False,False,True,False,2026-05-03T20:02:12.346966,,46.83,46.83,False,False,True,False,True
879,3,50,30,4.0,12,dry,suv,55,15,sedan,True,True,True,진행,옵션,False,3.45,0,49.4,0,False,15,False,False,True,False,2026-05-03T20:02:13.765968,,61.74,61.74,False,False,True,False,True
880,3,50,30,5.0,12,dry,suv,0,0,,True,True,False,진행,옵션,False,3.45,0,49.4,0,False,999.0,False,False,True,False,2026-05-03T20:02:15.364947,,46.83,46.83,False,False,True,False,True
881,3,50,30,5.0,12,dry,suv,55,15,sedan,True,True,True,진행,옵션,False,3.45,0,49.4,0,False,15,False,False,True,False,2026-05-03T20:02:16.784178,,61.74,61.74,False,False,True,False,True
882,3,50,40,3.0,12,dry,suv,0,0,,False,True,False,급정지,일반,False,5.6,0,0.8,0,False,999.0,True,False,True,False,2026-05-03T20:02:18.395819,,-2.46,2.46,False,False,False,False,True
883,3,50,40,3.0,12,dry,suv,55,15,sedan,False,True,True,급정지,일반,False,3.55,0,0.8,0,True,0.44,True,False,False,False,2026-05-03T20:02:19.845992,,-2.17,2.17,False,False,False,False,True
884,3,50,40,4.0,12,dry,suv,0,0,,False,True,False,급정지,일반,False,5.6,0,0.8,0,False,999.0,True,False,True,False,2026-05-03T20:02:21.137948,,-2.46,2.46,False,False,False,False,True
885,3,50,40,4.0,12,dry,suv,55,15,sedan,False,True,True,급정지,일반,False,3.55,0,0.8,0,True,0.44,True,False,False,False,2026-05-03T20:02:22.591216,,-2.17,2.17,False,False,False,False,True
886,3,50,40,5.0,12,dry,suv,0,0,,True,True,False,진행,옵션,False,4.15,0,49.4,0,False,999.0,False,False,True,False,2026-05-03T20:02:23.876479,,47.12,47.12,False,False,True,False,True
887,3,50,40,5.0,12,dry,suv,55,15,sedan,True,True,True,진행,옵션,False,4.2,0,49.4,0,False,15,False,False,True,False,2026-05-03T20:02:25.415919,,62.03,62.03,False,False,True,False,True
888,3,50,50,3.0,12,dry,suv,0,0,,False,True,False,급정지,일반,False,6.5,0,0.7,0,False,999.0,True,False,True,False,2026-05-03T20:02:27.137000,,-2.39,2.39,False,False,False,False,True
889,3,50,50,3.0,12,dry,suv,55,15,sedan,False,True,True,감속,일반,False,4.6,0,0.1,0,True,0.98,True,False,False,False,2026-05-03T20:02:28.735975,,-1.73,1.73,False,False,False,False,True
890,3,50,50,4.0,12,dry,suv,0,0,,False,True,False,급정지,일반,False,6.5,0,0.7,0,False,999.0,True,False,True,False,2026-05-03T20:02:30.198561,,-2.39,2.39,False,False,False,False,True
891,3,50,50,4.0,12,dry,suv,55,15,sedan,False,True,True,감속,일반,False,4.65,0,0.0,0,True,0.56,True,False,False,False,2026-05-03T20:02:31.783599,,-1.73,1.73,False,False,False,False,True
892,3,50,50,5.0,12,dry,suv,0,0,,False,True,False,급정지,일반,False,6.5,0,0.7,0,False,999.0,True,False,True,False,2026-05-03T20:02:33.252192,,-2.39,2.39,False,False,False,False,True
893,3,50,50,5.0,12,dry,suv,55,15,sedan,False,True,True,감속,일반,False,4.65,0,0.0,0,True,0.56,True,False,False,False,2026-05-03T20:02:34.841112,,-1.73,1.73,False,False,False,False,True
894,3,50,60,3.0,12,dry,suv,0,0,,False,True,False,급정지,일반,False,7.65,0,0.0,0,False,999.0,True,False,True,False,2026-05-03T20:02:36.316295,,-2.18,2.18,False,False,False,False,True
895,3,50,60,3.0,12,dry,suv,55,15,sedan,False,True,True,감속,일반,False,5.45,0,0.0,0,False,4.49,True,False,True,False,2026-05-03T20:02:38.103820,,-1.72,1.72,False,False,False,False,True
896,3,50,60,4.0,12,dry,suv,0,0,,False,True,False,급정지,일반,False,7.65,0,0.0,0,False,999.0,True,False,True,False,2026-05-03T20:02:39.708034,,-2.18,2.18,False,False,False,False,True
897,3,50,60,4.0,12,dry,suv,55,15,sedan,False,True,True,감속,일반,False,5.45,0,0.0,0,False,4.49,True,False,True,False,2026-05-03T20:02:41.493956,,-1.72,1.72,False,False,False,False,True
898,3,50,60,5.0,12,dry,suv,0,0,,False,True,False,급정지,일반,False,7.65,0,0.0,0,False,999.0,True,False,True,False,2026-05-03T20:02:43.089290,,-2.18,2.18,False,False,False,False,True
899,3,50,60,5.0,12,dry,suv,55,15,sedan,False,True,True,감속,일반,False,5.45,0,0.0,0,False,4.43,True,False,True,False,2026-05-03T20:02:44.878541,,-1.78,1.78,False,False,False,False,True
900,3,50,70,3.0,12,dry,suv,0,0,,False,True,False,급정지,일반,False,8.05,0,0.7,0,False,999.0,True,False,True,False,2026-05-03T20:02:46.526980,,-2.45,2.45,False,False,False,False,True
901,3,50,70,3.0,12,dry,suv,55,15,sedan,False,True,True,감속,일반,False,6.2,0,0.0,0,False,9.85,True,False,True,False,2026-05-03T20:02:48.376506,,-1.74,1.74,False,False,False,False,True
902,3,50,70,4.0,12,dry,suv,0,0,,False,True,False,급정지,일반,False,8.05,0,0.7,0,False,999.0,True,False,True,False,2026-05-03T20:02:50.100135,,-2.45,2.45,False,False,False,False,True
903,3,50,70,4.0,12,dry,suv,55,15,sedan,False,True,True,감속,일반,False,6.2,0,0.0,0,False,9.85,True,False,True,False,2026-05-03T20:02:51.942152,,-1.74,1.74,False,False,False,False,True
904,3,50,70,5.0,12,dry,suv,0,0,,False,True,False,급정지,일반,False,8.05,0,0.7,0,False,999.0,True,False,True,False,2026-05-03T20:02:53.676501,,-2.45,2.45,False,False,False,False,True
905,3,50,70,5.0,12,dry,suv,55,15,sedan,False,True,True,감속,일반,False,6.2,0,0.0,0,False,9.85,True,False,True,False,2026-05-03T20:02:55.521204,,-1.74,1.74,False,False,False,False,True
906,3,50,80,3.0,12,dry,suv,0,0,,False,True,False,급정지,일반,False,9.45,0,0.0,0,False,999.0,True,False,True,False,2026-05-03T20:02:57.245863,,-2.13,2.13,False,False,False,False,True
907,3,50,80,3.0,12,dry,suv,55,15,sedan,False,True,True,감속,일반,False,7.0,0,0.0,0,False,15,True,False,True,False,2026-05-03T20:02:59.324837,,-1.77,1.77,False,False,False,False,True
908,3,50,80,4.0,12,dry,suv,0,0,,False,True,False,급정지,일반,False,9.45,0,0.0,0,False,999.0,True,False,True,False,2026-05-03T20:03:01.181002,,-2.13,2.13,False,False,False,False,True
909,3,50,80,4.0,12,dry,suv,55,15,sedan,False,True,True,감속,일반,False,7.0,0,0.0,0,False,15,True,False,True,False,2026-05-03T20:03:03.267064,,-1.77,1.77,False,False,False,False,True
910,3,50,80,5.0,12,dry,suv,0,0,,False,True,False,급정지,일반,False,9.45,0,0.0,0,False,999.0,True,False,True,False,2026-05-03T20:03:05.132622,,-2.13,2.13,False,False,False,False,True
911,3,50,80,5.0,12,dry,suv,55,15,sedan,False,True,True,감속,일반,False,7.0,0,0.0,0,False,15,True,False,True,False,2026-05-03T20:03:07.220131,,-1.77,1.77,False,False,False,False,True
912,3,55,10,3.0,12,dry,suv,0,0,,True,False,False,진행,일반,False,1.8,0,54.3,0,False,999.0,False,False,True,False,2026-05-03T20:03:09.083801,,50.28,50.28,False,False,True,False,True
913,3,55,10,3.0,12,dry,suv,60,15,sedan,True,False,True,진행,일반,False,1.8,0,54.3,0,False,15,False,False,True,False,2026-05-03T20:03:10.241067,,66.68,66.68,False,False,True,False,True
914,3,55,10,4.0,12,dry,suv,0,0,,True,False,False,진행,일반,False,1.8,0,54.3,0,False,999.0,False,False,True,False,2026-05-03T20:03:11.583061,,50.28,50.28,False,False,True,False,True
915,3,55,10,4.0,12,dry,suv,60,15,sedan,True,False,True,진행,일반,False,1.8,0,54.3,0,False,15,False,False,True,False,2026-05-03T20:03:12.729116,,66.68,66.68,False,False,True,False,True
916,3,55,10,5.0,12,dry,suv,0,0,,True,False,False,진행,일반,False,1.8,0,54.3,0,False,999.0,False,False,True,False,2026-05-03T20:03:14.066003,,50.28,50.28,False,False,True,False,True
917,3,55,10,5.0,12,dry,suv,60,15,sedan,True,False,True,진행,일반,False,1.8,0,54.3,0,False,15,False,False,True,False,2026-05-03T20:03:15.211768,,66.68,66.68,False,False,True,False,True
918,3,55,20,3.0,12,dry,suv,0,0,,True,False,False,진행,일반,False,2.5,0,54.3,0,False,999.0,False,False,True,False,2026-05-03T20:03:16.556039,,50.07,50.07,False,False,True,False,True
919,3,55,20,3.0,12,dry,suv,60,15,sedan,True,False,True,진행,일반,False,2.5,0,54.3,0,False,15,False,False,True,False,2026-05-03T20:03:17.812069,,66.48,66.48,False,False,True,False,True
920,3,55,20,4.0,12,dry,suv,0,0,,True,False,False,진행,일반,False,2.45,0,54.3,0,False,999.0,False,False,True,False,2026-05-03T20:03:19.261571,,50.08,50.08,False,False,True,False,True
921,3,55,20,4.0,12,dry,suv,60,15,sedan,True,False,True,진행,일반,False,2.5,0,54.3,0,False,15,False,False,True,False,2026-05-03T20:03:20.525102,,66.48,66.48,False,False,True,False,True
922,3,55,20,5.0,12,dry,suv,0,0,,True,False,False,진행,일반,False,2.45,0,54.3,0,False,999.0,False,False,True,False,2026-05-03T20:03:21.975117,,50.08,50.08,False,False,True,False,True
923,3,55,20,5.0,12,dry,suv,60,15,sedan,True,False,True,진행,일반,False,2.5,0,54.3,0,False,15,False,False,True,False,2026-05-03T20:03:23.243805,,66.48,66.48,False,False,True,False,True
924,3,55,30,3.0,12,dry,suv,0,0,,False,False,False,급정지,딜레마,False,4.25,0,0.6,0,False,999.0,True,False,True,False,2026-05-03T20:03:24.695163,,-2.28,2.28,False,False,False,True,True
925,3,55,30,3.0,12,dry,suv,60,15,sedan,False,False,True,급정지,딜레마,False,1.55,0,0.1,0,False,15,True,False,True,False,2026-05-03T20:03:25.913316,,1.93,1.93,False,False,False,True,True
926,3,55,30,4.0,12,dry,suv,0,0,,True,False,False,진행,일반,False,3.15,0,54.3,0,False,999.0,False,False,True,False,2026-05-03T20:03:26.864867,,49.87,49.87,False,False,True,False,True
927,3,55,30,4.0,12,dry,suv,60,15,sedan,True,False,True,진행,일반,False,3.15,0,54.3,0,False,15,False,False,True,False,2026-05-03T20:03:28.230301,,66.28,66.28,False,False,True,False,True
928,3,55,30,5.0,12,dry,suv,0,0,,True,False,False,진행,일반,False,3.15,0,54.3,0,False,999.0,False,False,True,False,2026-05-03T20:03:29.780129,,49.88,49.88,False,False,True,False,True
929,3,55,30,5.0,12,dry,suv,60,15,sedan,True,False,True,진행,일반,False,3.15,0,54.3,0,False,15,False,False,True,False,2026-05-03T20:03:31.150168,,66.28,66.28,False,False,True,False,True
930,3,55,40,3.0,12,dry,suv,0,0,,False,True,False,급정지,일반,False,5.75,0,0.7,0,False,999.0,True,False,True,False,2026-05-03T20:03:32.705638,,-2.23,2.23,False,False,False,False,True
931,3,55,40,3.0,12,dry,suv,60,15,sedan,False,True,True,급정지,일반,False,3.0,0,0.6,0,False,2.04,True,False,True,False,2026-05-03T20:03:34.169357,,-2.16,2.16,False,False,False,False,True
932,3,55,40,4.0,12,dry,suv,0,0,,False,True,False,급정지,일반,False,5.75,0,0.7,0,False,999.0,True,False,True,False,2026-05-03T20:03:35.368036,,-2.23,2.23,False,False,False,False,True
933,3,55,40,4.0,12,dry,suv,60,15,sedan,False,True,True,급정지,일반,False,3.0,0,0.6,0,False,2.04,True,False,True,False,2026-05-03T20:03:36.832974,,-2.16,2.16,False,False,False,False,True
934,3,55,40,5.0,12,dry,suv,0,0,,True,True,False,진행,옵션,False,3.8,0,54.3,0,False,999.0,False,False,True,False,2026-05-03T20:03:38.030491,,50.43,50.43,False,False,True,False,True
935,3,55,40,5.0,12,dry,suv,60,15,sedan,True,True,True,진행,옵션,False,3.8,0,54.3,0,False,15,False,False,True,False,2026-05-03T20:03:39.510020,,66.83,66.83,False,False,True,False,True
936,3,55,50,3.0,12,dry,suv,0,0,,False,True,False,급정지,일반,False,6.8,0,0.7,0,False,999.0,True,False,True,False,2026-05-03T20:03:41.182033,,-2.22,2.22,False,False,False,False,True
937,3,55,50,3.0,12,dry,suv,60,15,sedan,False,True,True,급정지,일반,False,4.35,0,0.1,0,True,-0.06,True,False,False,False,2026-05-03T20:03:42.819072,,-2.01,2.01,False,False,False,False,True
938,3,55,50,4.0,12,dry,suv,0,0,,False,True,False,급정지,일반,False,6.8,0,0.7,0,False,999.0,True,False,True,False,2026-05-03T20:03:44.233436,,-2.22,2.22,False,False,False,False,True
939,3,55,50,4.0,12,dry,suv,60,15,sedan,False,True,True,급정지,일반,False,4.35,0,0.1,0,True,-0.06,True,False,False,False,2026-05-03T20:03:45.892831,,-2.01,2.01,False,False,False,False,True
940,3,55,50,5.0,12,dry,suv,0,0,,True,True,False,진행,옵션,False,4.45,0,54.3,0,False,999.0,False,False,True,False,2026-05-03T20:03:47.314815,,50.22,50.22,False,False,True,False,True
941,3,55,50,5.0,12,dry,suv,60,15,sedan,True,True,True,진행,옵션,False,4.45,0,54.3,0,False,15,False,False,True,False,2026-05-03T20:03:48.913275,,66.62,66.62,False,False,True,False,True
942,3,55,60,3.0,12,dry,suv,0,0,,False,True,False,급정지,일반,False,7.55,0,0.0,0,False,999.0,True,False,True,False,2026-05-03T20:03:50.691233,,-2.15,2.15,False,False,False,False,True
943,3,55,60,3.0,12,dry,suv,60,15,sedan,False,True,True,감속,일반,False,5.45,0,0.1,0,True,-0.08,True,False,False,False,2026-05-03T20:03:52.465901,,-0.93,0.93,False,False,False,False,True
944,3,55,60,4.0,12,dry,suv,0,0,,False,True,False,급정지,일반,False,7.55,0,0.0,0,False,999.0,True,False,True,False,2026-05-03T20:03:54.082124,,-2.15,2.15,False,False,False,False,True
945,3,55,60,4.0,12,dry,suv,60,15,sedan,False,True,True,감속,일반,False,5.45,0,0.1,0,True,-0.08,True,False,False,False,2026-05-03T20:03:55.851609,,-0.93,0.93,False,False,False,False,True
946,3,55,60,5.0,12,dry,suv,0,0,,False,True,False,급정지,일반,False,7.55,0,0.0,0,False,999.0,True,False,True,False,2026-05-03T20:03:57.456047,,-2.15,2.15,False,False,False,False,True
947,3,55,60,5.0,12,dry,suv,60,15,sedan,False,True,True,감속,일반,False,5.45,0,0.1,0,True,-0.08,True,False,False,False,2026-05-03T20:03:59.221722,,-0.93,0.93,False,False,False,False,True
948,3,55,70,3.0,12,dry,suv,0,0,,False,True,False,급정지,일반,False,8.25,0,0.0,0,False,999.0,True,False,True,False,2026-05-03T20:04:00.822419,,-2.19,2.19,False,False,False,False,True
949,3,55,70,3.0,12,dry,suv,60,15,sedan,False,True,True,감속,일반,False,5.95,0,0.8,0,False,2.77,True,False,True,False,2026-05-03T20:04:02.702792,,-1.81,1.81,False,False,False,False,True
950,3,55,70,4.0,12,dry,suv,0,0,,False,True,False,급정지,일반,False,8.25,0,0.0,0,False,999.0,True,False,True,False,2026-05-03T20:04:04.452189,,-2.19,2.19,False,False,False,False,True
951,3,55,70,4.0,12,dry,suv,60,15,sedan,False,True,True,감속,일반,False,5.95,0,0.8,0,False,2.77,True,False,True,False,2026-05-03T20:04:06.341050,,-1.81,1.81,False,False,False,False,True
952,3,55,70,5.0,12,dry,suv,0,0,,False,True,False,급정지,일반,False,8.25,0,0.0,0,False,999.0,True,False,True,False,2026-05-03T20:04:08.032348,,-2.19,2.19,False,False,False,False,True
953,3,55,70,5.0,12,dry,suv,60,15,sedan,False,True,True,감속,일반,False,5.95,0,0.8,0,False,2.77,True,False,True,False,2026-05-03T20:04:09.904255,,-1.81,1.81,False,False,False,False,True
954,3,55,80,3.0,12,dry,suv,0,0,,False,True,False,급정지,일반,False,9.0,0,0.7,0,False,999.0,True,False,True,False,2026-05-03T20:04:11.580487,,-2.24,2.24,False,False,False,False,True
955,3,55,80,3.0,12,dry,suv,60,15,sedan,False,True,True,감속,일반,False,6.7,0,0.1,0,False,7.92,True,False,True,False,2026-05-03T20:04:13.610041,,-1.72,1.72,False,False,False,False,True
956,3,55,80,4.0,12,dry,suv,0,0,,False,True,False,급정지,일반,False,9.0,0,0.7,0,False,999.0,True,False,True,False,2026-05-03T20:04:15.435253,,-2.24,2.24,False,False,False,False,True
957,3,55,80,4.0,12,dry,suv,60,15,sedan,False,True,True,감속,일반,False,6.7,0,0.1,0,False,7.92,True,False,True,False,2026-05-03T20:04:17.449262,,-1.72,1.72,False,False,False,False,True
958,3,55,80,5.0,12,dry,suv,0,0,,False,True,False,급정지,일반,False,9.0,0,0.7,0,False,999.0,True,False,True,False,2026-05-03T20:04:19.263279,,-2.24,2.24,False,False,False,False,True
959,3,55,80,5.0,12,dry,suv,60,15,sedan,False,True,True,감속,일반,False,6.7,0,0.1,0,False,7.92,True,False,True,False,2026-05-03T20:04:21.279188,,-1.72,1.72,False,False,False,False,True
960,3,60,10,3.0,12,dry,suv,0,0,,True,False,False,진행,일반,False,1.65,0,59.2,0,False,999.0,False,False,True,False,2026-05-03T20:04:23.092263,,53.21,53.21,False,False,True,False,True
961,3,60,10,3.0,12,dry,suv,65,15,sedan,True,False,True,진행,일반,False,1.65,0,59.2,0,False,15,False,False,True,False,2026-05-03T20:04:24.216264,,71.1,71.1,False,False,True,False,True
962,3,60,10,4.0,12,dry,suv,0,0,,True,False,False,진행,일반,False,1.65,0,59.2,0,False,999.0,False,False,True,False,2026-05-03T20:04:25.525898,,53.21,53.21,False,False,True,False,True
963,3,60,10,4.0,12,dry,suv,65,15,sedan,True,False,True,진행,일반,False,1.65,0,59.2,0,False,15,False,False,True,False,2026-05-03T20:04:26.668119,,71.1,71.1,False,False,True,False,True
964,3,60,10,5.0,12,dry,suv,0,0,,True,False,False,진행,일반,False,1.65,0,59.2,0,False,999.0,False,False,True,False,2026-05-03T20:04:27.992332,,53.21,53.21,False,False,True,False,True
965,3,60,10,5.0,12,dry,suv,65,15,sedan,True,False,True,진행,일반,False,1.65,0,59.2,0,False,15,False,False,True,False,2026-05-03T20:04:29.122814,,71.1,71.1,False,False,True,False,True
966,3,60,20,3.0,12,dry,suv,0,0,,True,False,False,진행,일반,False,2.25,0,59.2,0,False,999.0,False,False,True,False,2026-05-03T20:04:30.431818,,53.07,53.07,False,False,True,False,True
967,3,60,20,3.0,12,dry,suv,65,15,sedan,True,False,True,진행,일반,False,2.3,0,59.2,0,False,15,False,False,True,False,2026-05-03T20:04:31.646205,,70.96,70.96,False,False,True,False,True
968,3,60,20,4.0,12,dry,suv,0,0,,True,False,False,진행,일반,False,2.25,0,59.2,0,False,999.0,False,False,True,False,2026-05-03T20:04:33.062403,,53.07,53.07,False,False,True,False,True
969,3,60,20,4.0,12,dry,suv,65,15,sedan,True,False,True,진행,일반,False,2.3,0,59.2,0,False,15,False,False,True,False,2026-05-03T20:04:34.282047,,70.96,70.96,False,False,True,False,True
970,3,60,20,5.0,12,dry,suv,0,0,,True,False,False,진행,일반,False,2.25,0,59.2,0,False,999.0,False,False,True,False,2026-05-03T20:04:35.698016,,53.07,53.07,False,False,True,False,True
971,3,60,20,5.0,12,dry,suv,65,15,sedan,True,False,True,진행,일반,False,2.3,0,59.2,0,False,15,False,False,True,False,2026-05-03T20:04:36.926035,,70.96,70.96,False,False,True,False,True
972,3,60,30,3.0,12,dry,suv,0,0,,False,False,False,급정지,딜레마,False,3.7,0,0.1,0,False,999.0,True,False,True,False,2026-05-03T20:04:38.331216,,-2.24,2.24,False,False,False,True,True
973,3,60,30,3.0,12,dry,suv,65,15,sedan,False,False,True,급정지,딜레마,False,1.55,0,0.1,0,False,15,True,False,True,False,2026-05-03T20:04:39.460236,,4.88,4.88,True,False,False,True,True
974,3,60,30,4.0,12,dry,suv,0,0,,True,False,False,진행,일반,False,2.9,0,59.2,0,False,999.0,False,False,True,False,2026-05-03T20:04:40.402047,,52.93,52.93,False,False,True,False,True
975,3,60,30,4.0,12,dry,suv,65,15,sedan,True,False,True,진행,일반,False,2.9,0,59.2,0,False,15,False,False,True,False,2026-05-03T20:04:41.733087,,70.82,70.82,False,False,True,False,True
976,3,60,30,5.0,12,dry,suv,0,0,,True,False,False,진행,일반,False,2.9,0,59.2,0,False,999.0,False,False,True,False,2026-05-03T20:04:43.245495,,52.93,52.93,False,False,True,False,True
977,3,60,30,5.0,12,dry,suv,65,15,sedan,True,False,True,진행,일반,False,2.9,0,59.2,0,False,15,False,False,True,False,2026-05-03T20:04:44.567046,,70.82,70.82,False,False,True,False,True
978,3,60,40,3.0,12,dry,suv,0,0,,False,True,False,급정지,일반,False,5.2,0,0.7,0,False,999.0,True,False,True,False,2026-05-03T20:04:46.076000,,-2.46,2.46,False,False,False,False,True
979,3,60,40,3.0,12,dry,suv,65,15,sedan,False,True,True,급정지,일반,False,2.45,0,0.0,0,False,5.84,True,False,True,False,2026-05-03T20:04:47.464895,,-2.03,2.03,False,False,False,False,True
980,3,60,40,4.0,12,dry,suv,0,0,,True,True,False,진행,옵션,False,3.5,0,59.2,0,False,999.0,False,False,True,False,2026-05-03T20:04:48.574932,,52.79,52.79,False,False,True,False,True
981,3,60,40,4.0,12,dry,suv,65,15,sedan,True,True,True,진행,옵션,False,3.5,0,59.2,0,False,15,False,False,True,False,2026-05-03T20:04:49.992071,,70.68,70.68,False,False,True,False,True
982,3,60,40,5.0,12,dry,suv,0,0,,True,True,False,진행,옵션,False,3.5,0,59.2,0,False,999.0,False,False,True,False,2026-05-03T20:04:51.604827,,52.79,52.79,False,False,True,False,True
983,3,60,40,5.0,12,dry,suv,65,15,sedan,True,True,True,진행,옵션,False,3.5,0,59.2,0,False,15,False,False,True,False,2026-05-03T20:04:53.035098,,70.68,70.68,False,False,True,False,True
984,3,60,50,3.0,12,dry,suv,0,0,,False,True,False,급정지,일반,False,6.55,0,0.0,0,False,999.0,True,False,True,False,2026-05-03T20:04:54.649705,,-2.3,2.3,False,False,False,False,True
985,3,60,50,3.0,12,dry,suv,65,15,sedan,False,True,True,급정지,일반,False,3.95,0,0.1,0,True,-0.06,True,False,False,False,2026-05-03T20:04:56.249634,,-1.17,1.17,False,False,False,False,True
986,3,60,50,4.0,12,dry,suv,0,0,,False,True,False,급정지,일반,False,6.55,0,0.0,0,False,999.0,True,False,True,False,2026-05-03T20:04:57.606011,,-2.3,2.3,False,False,False,False,True
987,3,60,50,4.0,12,dry,suv,65,15,sedan,False,True,True,급정지,일반,False,3.95,0,0.1,0,True,-0.06,True,False,False,False,2026-05-03T20:04:59.204097,,-1.17,1.17,False,False,False,False,True
988,3,60,50,5.0,12,dry,suv,0,0,,True,True,False,진행,옵션,False,4.1,0,59.2,0,False,999.0,False,False,True,False,2026-05-03T20:05:00.555373,,53.47,53.47,False,False,True,False,True
989,3,60,50,5.0,12,dry,suv,65,15,sedan,True,True,True,진행,옵션,False,4.1,0,59.2,0,False,15,False,False,True,False,2026-05-03T20:05:02.093686,,71.36,71.36,False,False,True,False,True
990,3,60,60,3.0,12,dry,suv,0,0,,False,True,False,급정지,일반,False,7.45,0,0.0,0,False,999.0,True,False,True,False,2026-05-03T20:05:03.817151,,-2.17,2.17,False,False,False,False,True
991,3,60,60,3.0,12,dry,suv,65,15,sedan,False,True,True,급정지,일반,False,5.25,0,0.9,0,True,-0.05,True,False,False,False,2026-05-03T20:05:05.570322,,-1.45,1.45,False,False,False,False,True
992,3,60,60,4.0,12,dry,suv,0,0,,False,True,False,급정지,일반,False,7.45,0,0.0,0,False,999.0,True,False,True,False,2026-05-03T20:05:07.137126,,-2.17,2.17,False,False,False,False,True
993,3,60,60,4.0,12,dry,suv,65,15,sedan,False,True,True,급정지,일반,False,5.25,0,0.9,0,True,-0.05,True,False,False,False,2026-05-03T20:05:08.901155,,-1.45,1.45,False,False,False,False,True
994,3,60,60,5.0,12,dry,suv,0,0,,False,True,False,급정지,일반,False,7.45,0,0.0,0,False,999.0,True,False,True,False,2026-05-03T20:05:10.468912,,-2.17,2.17,False,False,False,False,True
995,3,60,60,5.0,12,dry,suv,65,15,sedan,False,True,True,급정지,일반,False,5.25,0,0.9,0,True,-0.05,True,False,False,False,2026-05-03T20:05:12.231277,,-1.45,1.45,False,False,False,False,True
996,3,60,70,3.0,12,dry,suv,0,0,,False,True,False,급정지,일반,False,8.2,0,0.9,0,False,999.0,True,False,True,False,2026-05-03T20:05:13.802305,,-2.19,2.19,False,False,False,False,True
997,3,60,70,3.0,12,dry,suv,65,15,sedan,False,True,True,감속,일반,False,5.65,0,0.7,0,True,-0.1,True,False,False,False,2026-05-03T20:05:15.678739,,-1.44,1.44,False,False,False,False,True
998,3,60,70,4.0,12,dry,suv,0,0,,False,True,False,급정지,일반,False,8.45,0,0.0,0,False,999.0,True,False,True,False,2026-05-03T20:05:17.312073,,-2.08,2.08,False,False,False,False,True
999,3,60,70,4.0,12,dry,suv,65,15,sedan,False,True,True,감속,일반,False,5.65,0,0.7,0,True,-0.1,True,False,False,False,2026-05-03T20:05:19.232126,,-1.44,1.44,False,False,False,False,True
1000,3,60,70,5.0,12,dry,suv,0,0,,False,True,False,급정지,일반,False,8.25,0,0.0,0,False,999.0,True,False,True,False,2026-05-03T20:05:20.921271,,-2.19,2.19,False,False,False,False,True
1001,3,60,70,5.0,12,dry,suv,65,15,sedan,False,True,True,감속,일반,False,5.65,0,0.7,0,True,-0.1,True,False,False,False,2026-05-03T20:05:22.811884,,-1.44,1.44,False,False,False,False,True
1002,3,60,80,3.0,12,dry,suv,0,0,,False,True,False,급정지,일반,False,8.6,0,0.7,0,False,999.0,True,False,True,False,2026-05-03T20:05:24.441812,,-2.44,2.44,False,False,False,False,True
1003,3,60,80,3.0,12,dry,suv,65,15,sedan,False,True,True,감속,일반,False,6.4,0,0.7,0,True,0.7,True,False,False,False,2026-05-03T20:05:26.377708,,-1.75,1.75,False,False,False,False,True
1004,3,60,80,4.0,12,dry,suv,0,0,,False,True,False,급정지,일반,False,8.6,0,0.7,0,False,999.0,True,False,True,False,2026-05-03T20:05:28.134989,,-2.44,2.44,False,False,False,False,True
1005,3,60,80,4.0,12,dry,suv,65,15,sedan,False,True,True,감속,일반,False,6.4,0,0.7,0,True,0.7,True,False,False,False,2026-05-03T20:05:30.072197,,-1.75,1.75,False,False,False,False,True
1006,3,60,80,5.0,12,dry,suv,0,0,,False,True,False,급정지,일반,False,8.6,0,0.7,0,False,999.0,True,False,True,False,2026-05-03T20:05:31.825990,,-2.44,2.44,False,False,False,False,True
1007,3,60,80,5.0,12,dry,suv,65,15,sedan,False,True,True,감속,일반,False,6.4,0,0.7,0,True,0.7,True,False,False,False,2026-05-03T20:05:33.763391,,-1.75,1.75,False,False,False,False,True
1008,3,30,10,3.0,12,wet,suv,0,0,,False,False,False,급정지,딜레마,False,2.75,0,0.0,0,False,999.0,True,False,True,False,2026-05-03T20:05:35.541322,,-2.34,2.34,False,False,False,True,True
1009,3,30,10,3.0,12,wet,suv,35,15,sedan,False,False,False,급정지,딜레마,False,1.55,0,0.0,0,False,8.72,True,False,True,False,2026-05-03T20:05:36.680851,,1.97,1.97,False,False,False,True,True
1010,3,30,10,4.0,12,wet,suv,0,0,,True,False,False,진행,일반,False,3.25,0,29.9,0,False,999.0,False,False,True,False,2026-05-03T20:05:37.824115,,35.2,35.2,False,False,True,False,True
1011,3,30,10,4.0,12,wet,suv,35,15,sedan,True,False,False,진행,일반,False,3.25,0,29.9,0,False,14.21,False,False,True,False,2026-05-03T20:05:39.500280,,44.12,44.12,False,False,True,False,True
1012,3,30,10,5.0,12,wet,suv,0,0,,True,False,False,진행,일반,False,3.25,0,29.9,0,False,999.0,False,False,True,False,2026-05-03T20:05:41.395503,,35.2,35.2,False,False,True,False,True
1013,3,30,10,5.0,12,wet,suv,35,15,sedan,True,False,False,진행,일반,False,3.25,0,29.9,0,False,14.21,False,False,True,False,2026-05-03T20:05:43.066079,,44.12,44.12,False,False,True,False,True
1014,3,30,20,3.0,12,wet,suv,0,0,,False,True,False,급정지,일반,False,4.95,0,0.8,0,False,999.0,True,False,True,False,2026-05-03T20:05:44.965009,,-2.34,2.34,False,False,False,False,True
1015,3,30,20,3.0,12,wet,suv,35,15,sedan,False,True,False,급정지,일반,False,2.7,0,1.0,0,False,4.48,True,False,True,False,2026-05-03T20:05:46.574142,,-2.54,2.54,False,False,False,False,True
1016,3,30,20,4.0,12,wet,suv,0,0,,False,True,False,급정지,일반,False,4.95,0,0.8,0,False,999.0,True,False,True,False,2026-05-03T20:05:47.948811,,-2.34,2.34,False,False,False,False,True
1017,3,30,20,4.0,12,wet,suv,35,15,sedan,False,True,False,급정지,일반,False,2.7,0,1.0,0,False,4.48,True,False,True,False,2026-05-03T20:05:49.551280,,-2.54,2.54,False,False,False,False,True
1018,3,30,20,5.0,12,wet,suv,0,0,,True,True,False,진행,옵션,False,4.45,0,29.9,0,False,999.0,False,False,True,False,2026-05-03T20:05:50.928047,,35.15,35.15,False,False,True,False,True
1019,3,30,20,5.0,12,wet,suv,35,15,sedan,True,True,False,진행,옵션,False,4.5,0,29.9,0,False,12.48,False,False,True,False,2026-05-03T20:05:52.847198,,44.07,44.07,False,False,True,False,True
1020,3,30,30,3.0,12,wet,suv,0,0,,False,True,False,급정지,일반,False,6.7,0,0.0,0,False,999.0,True,False,True,False,2026-05-03T20:05:54.997213,,-2.26,2.26,False,False,False,False,True
1021,3,30,30,3.0,12,wet,suv,35,15,sedan,False,True,False,급정지,일반,False,5.35,0,0.0,0,True,-0.07,True,False,False,False,2026-05-03T20:05:56.947696,,-1.57,1.57,False,False,False,False,True
1022,3,30,30,4.0,12,wet,suv,0,0,,False,True,False,급정지,일반,False,6.7,0,0.0,0,False,999.0,True,False,True,False,2026-05-03T20:05:58.624160,,-2.26,2.26,False,False,False,False,True
1023,3,30,30,4.0,12,wet,suv,35,15,sedan,False,True,False,급정지,일반,False,5.35,0,0.0,0,True,-0.07,True,False,False,False,2026-05-03T20:06:00.544984,,-1.57,1.57,False,False,False,False,True
1024,3,30,30,5.0,12,wet,suv,0,0,,False,True,False,급정지,일반,False,6.7,0,0.0,0,False,999.0,True,False,True,False,2026-05-03T20:06:02.454331,,-2.26,2.26,False,False,False,False,True
1025,3,30,30,5.0,12,wet,suv,35,15,sedan,False,True,False,급정지,일반,False,5.35,0,0.0,0,True,-0.07,True,False,False,False,2026-05-03T20:06:04.415416,,-1.57,1.57,False,False,False,False,True
1026,3,30,40,3.0,12,wet,suv,0,0,,False,True,False,급정지,일반,False,7.85,0,0.6,0,False,999.0,True,False,True,False,2026-05-03T20:06:06.320132,,-2.3,2.3,False,False,False,False,True
1027,3,30,40,3.0,12,wet,suv,35,15,sedan,False,True,False,급정지,일반,False,6.7,0,0.9,0,False,6.47,True,False,True,False,2026-05-03T20:06:08.503951,,-2.33,2.33,False,False,False,False,True
1028,3,30,40,4.0,12,wet,suv,0,0,,False,True,False,급정지,일반,False,7.85,0,0.6,0,False,999.0,True,False,True,False,2026-05-03T20:06:10.676071,,-2.3,2.3,False,False,False,False,True
1029,3,30,40,4.0,12,wet,suv,35,15,sedan,False,True,False,급정지,일반,False,6.7,0,0.9,0,False,6.47,True,False,True,False,2026-05-03T20:06:12.858217,,-2.33,2.33,False,False,False,False,True
1030,3,30,40,5.0,12,wet,suv,0,0,,False,True,False,급정지,일반,False,7.85,0,0.6,0,False,999.0,True,False,True,False,2026-05-03T20:06:15.032707,,-2.3,2.3,False,False,False,False,True
1031,3,30,40,5.0,12,wet,suv,35,15,sedan,False,True,False,급정지,일반,False,6.7,0,0.9,0,False,6.47,True,False,True,False,2026-05-03T20:06:16.906177,,-2.33,2.33,False,False,False,False,True
1032,3,30,50,3.0,12,wet,suv,0,0,,False,True,False,급정지,일반,False,9.0,0,0.7,0,False,999.0,True,False,True,False,2026-05-03T20:06:19.023972,,-2.47,2.47,False,False,False,False,True
1033,3,30,50,3.0,12,wet,suv,35,15,sedan,False,True,False,급정지,일반,False,7.8,0,1.0,0,False,12.76,True,False,True,False,2026-05-03T20:06:21.444965,,-2.52,2.52,False,False,False,False,True
1034,3,30,50,4.0,12,wet,suv,0,0,,False,True,False,급정지,일반,False,9.0,0,0.7,0,False,999.0,True,False,True,False,2026-05-03T20:06:23.833077,,-2.47,2.47,False,False,False,False,True
1035,3,30,50,4.0,12,wet,suv,35,15,sedan,False,True,False,급정지,일반,False,7.8,0,1.0,0,False,12.75,True,False,True,False,2026-05-03T20:06:26.248241,,-2.52,2.52,False,False,False,False,True
1036,3,30,50,5.0,12,wet,suv,0,0,,False,True,False,급정지,일반,False,9.0,0,0.7,0,False,999.0,True,False,True,False,2026-05-03T20:06:28.653323,,-2.47,2.47,False,False,False,False,True
1037,3,30,50,5.0,12,wet,suv,35,15,sedan,False,True,False,급정지,일반,False,7.8,0,1.0,0,False,12.75,True,False,True,False,2026-05-03T20:06:31.069295,,-2.52,2.52,False,False,False,False,True
1038,3,30,60,3.0,12,wet,suv,0,0,,False,True,False,급정지,일반,False,10.8,0,0.1,0,False,999.0,True,False,True,False,2026-05-03T20:06:33.462527,,-2.35,2.35,False,False,False,False,True
1039,3,30,60,3.0,12,wet,suv,35,15,sedan,False,True,False,급정지,일반,False,9.25,0,0.7,0,False,15,True,False,True,False,2026-05-03T20:06:36.236474,,-2.44,2.44,False,False,False,False,True
1040,3,30,60,4.0,12,wet,suv,0,0,,False,True,False,급정지,일반,False,10.8,0,0.1,0,False,999.0,True,False,True,False,2026-05-03T20:06:38.928827,,-2.35,2.35,False,False,False,False,True
1041,3,30,60,4.0,12,wet,suv,35,15,sedan,False,True,False,급정지,일반,False,9.1,0,1.0,0,False,15,True,False,True,False,2026-05-03T20:06:41.711311,,-2.62,2.62,False,False,False,False,True
1042,3,30,60,5.0,12,wet,suv,0,0,,False,True,False,급정지,일반,False,10.8,0,0.1,0,False,999.0,True,False,True,False,2026-05-03T20:06:44.012415,,-2.35,2.35,False,False,False,False,True
1043,3,30,60,5.0,12,wet,suv,35,15,sedan,False,True,False,급정지,일반,False,9.1,0,1.0,0,False,15,True,False,True,False,2026-05-03T20:06:46.759313,,-2.62,2.62,False,False,False,False,True
1044,3,30,70,3.0,12,wet,suv,0,0,,False,True,False,급정지,일반,False,11.9,0,0.6,0,False,999.0,True,False,True,False,2026-05-03T20:06:49.412437,,-2.35,2.35,False,False,False,False,True
1045,3,30,70,3.0,12,wet,suv,35,15,sedan,False,True,False,급정지,일반,False,10.55,0,0.9,0,False,15,True,False,True,False,2026-05-03T20:06:52.406725,,-2.4,2.4,False,False,False,False,True
1046,3,30,70,4.0,12,wet,suv,0,0,,False,True,False,급정지,일반,False,11.9,0,0.6,0,False,999.0,True,False,True,False,2026-05-03T20:06:55.348760,,-2.35,2.35,False,False,False,False,True
1047,3,30,70,4.0,12,wet,suv,35,15,sedan,False,True,False,급정지,일반,False,10.55,0,0.9,0,False,15,True,False,True,False,2026-05-03T20:06:58.348274,,-2.4,2.4,False,False,False,False,True
1048,3,30,70,5.0,12,wet,suv,0,0,,False,True,False,급정지,일반,False,11.9,0,0.6,0,False,999.0,True,False,True,False,2026-05-03T20:07:01.303451,,-2.35,2.35,False,False,False,False,True
1049,3,30,70,5.0,12,wet,suv,35,15,sedan,False,True,False,급정지,일반,False,10.55,0,0.9,0,False,15,True,False,True,False,2026-05-03T20:07:03.840386,,-2.4,2.4,False,False,False,False,True
1050,3,30,80,3.0,12,wet,suv,0,0,,False,True,False,급정지,일반,False,13.25,0,0.7,0,False,999.0,True,False,True,False,2026-05-03T20:07:06.788288,,-2.42,2.42,False,False,False,False,True
1051,3,30,80,3.0,12,wet,suv,35,15,sedan,False,True,False,급정지,일반,False,11.95,0,0.8,0,False,15,True,False,True,False,2026-05-03T20:07:10.044200,,-2.59,2.59,False,False,False,False,True
1052,3,30,80,4.0,12,wet,suv,0,0,,False,True,False,급정지,일반,False,13.25,0,0.7,0,False,999.0,True,False,True,False,2026-05-03T20:07:13.267154,,-2.42,2.42,False,False,False,False,True
1053,3,30,80,4.0,12,wet,suv,35,15,sedan,False,True,False,급정지,일반,False,11.95,0,0.8,0,False,15,True,False,True,False,2026-05-03T20:07:16.030367,,-2.59,2.59,False,False,False,False,True
1054,3,30,80,5.0,12,wet,suv,0,0,,False,True,False,급정지,일반,False,13.25,0,0.7,0,False,999.0,True,False,True,False,2026-05-03T20:07:19.197217,,-2.42,2.42,False,False,False,False,True
1055,3,30,80,5.0,12,wet,suv,35,15,sedan,False,True,False,급정지,일반,False,11.95,0,0.8,0,False,15,True,False,True,False,2026-05-03T20:07:22.462236,,-2.59,2.59,False,False,False,False,True
1056,3,35,10,3.0,12,wet,suv,0,0,,False,False,False,급정지,딜레마,False,1.55,0,0.9,0,False,999.0,True,False,True,False,2026-05-03T20:07:25.695013,,-2.79,2.79,False,False,False,True,True
1057,3,35,10,3.0,12,wet,suv,40,15,sedan,False,False,False,급정지,딜레마,False,1.55,0,0.0,0,False,9.67,False,False,False,False,2026-05-03T20:07:26.608324,,5.29,5.29,True,False,False,True,False
1058,3,35,10,4.0,12,wet,suv,0,0,,True,False,False,진행,일반,False,2.8,0,34.7,0,False,999.0,False,False,True,False,2026-05-03T20:07:27.751960,,38.28,38.28,False,False,True,False,True
1059,3,35,10,4.0,12,wet,suv,40,15,sedan,True,False,False,진행,일반,False,2.8,0,34.7,0,False,15,False,False,True,False,2026-05-03T20:07:29.331203,,48.71,48.71,False,False,True,False,True
1060,3,35,10,5.0,12,wet,suv,0,0,,True,False,False,진행,일반,False,2.8,0,34.8,0,False,999.0,False,False,True,False,2026-05-03T20:07:31.141040,,37.8,37.8,False,False,True,False,True
1061,3,35,10,5.0,12,wet,suv,40,15,sedan,True,False,False,진행,일반,False,2.8,0,34.7,0,False,15,False,False,True,False,2026-05-03T20:07:32.709609,,48.71,48.71,False,False,True,False,True
1062,3,35,20,3.0,12,wet,suv,0,0,,False,False,False,급정지,딜레마,False,4.25,0,0.8,0,False,999.0,True,False,True,False,2026-05-03T20:07:34.518407,,-2.55,2.55,False,False,False,True,True
1063,3,35,20,3.0,12,wet,suv,40,15,sedan,False,False,False,급정지,딜레마,False,1.65,0,0.8,0,False,10.93,True,False,True,False,2026-05-03T20:07:35.977237,,-2.4,2.4,False,False,False,True,True
1064,3,35,20,4.0,12,wet,suv,0,0,,False,False,False,급정지,딜레마,False,4.25,0,0.8,0,False,999.0,True,False,True,False,2026-05-03T20:07:37.133024,,-2.55,2.55,False,False,False,True,True
1065,3,35,20,4.0,12,wet,suv,40,15,sedan,False,False,False,급정지,딜레마,False,1.65,0,0.8,0,False,10.93,True,False,True,False,2026-05-03T20:07:38.592477,,-2.4,2.4,False,False,False,True,True
1066,3,35,20,5.0,12,wet,suv,0,0,,True,False,False,진행,일반,False,3.85,0,34.7,0,False,999.0,False,False,True,False,2026-05-03T20:07:39.748385,,37.94,37.94,False,False,True,False,True
1067,3,35,20,5.0,12,wet,suv,40,15,sedan,True,False,False,진행,일반,False,3.85,0,34.7,0,False,15,False,False,True,False,2026-05-03T20:07:41.529808,,48.37,48.37,False,False,True,False,True
1068,3,35,30,3.0,12,wet,suv,0,0,,False,True,False,급정지,일반,False,6.45,0,0.7,0,False,999.0,True,False,True,False,2026-05-03T20:07:43.538315,,-2.4,2.4,False,False,False,False,True
1069,3,35,30,3.0,12,wet,suv,40,15,sedan,False,True,False,급정지,일반,False,4.6,0,0.0,0,True,-0.05,True,False,False,False,2026-05-03T20:07:45.441399,,-0.8,0.8,False,False,False,False,True
1070,3,35,30,4.0,12,wet,suv,0,0,,False,True,False,급정지,일반,False,6.45,0,0.7,0,False,999.0,True,False,True,False,2026-05-03T20:07:47.190544,,-2.4,2.4,False,False,False,False,True
1071,3,35,30,4.0,12,wet,suv,40,15,sedan,False,True,False,급정지,일반,False,4.6,0,0.0,0,True,-0.05,True,False,False,False,2026-05-03T20:07:49.098243,,-0.8,0.8,False,False,False,False,True
1072,3,35,30,5.0,12,wet,suv,0,0,,False,True,False,급정지,일반,False,6.75,0,0.0,0,False,999.0,True,False,True,False,2026-05-03T20:07:50.849426,,-2.26,2.26,False,False,False,False,True
1073,3,35,30,5.0,12,wet,suv,40,15,sedan,False,True,False,급정지,일반,False,4.6,0,0.0,0,True,-0.05,True,False,False,False,2026-05-03T20:07:52.532076,,-0.8,0.8,False,False,False,False,True
1074,3,35,40,3.0,12,wet,suv,0,0,,False,True,False,급정지,일반,False,7.45,0,0.9,0,False,999.0,True,False,True,False,2026-05-03T20:07:54.217305,,-2.51,2.51,False,False,False,False,True
1075,3,35,40,3.0,12,wet,suv,40,15,sedan,False,True,False,급정지,일반,False,5.9,0,0.1,0,True,-0.07,True,False,False,False,2026-05-03T20:07:56.020295,,-1.76,1.76,False,False,False,False,True
1076,3,35,40,4.0,12,wet,suv,0,0,,False,True,False,급정지,일반,False,7.9,0,0.0,0,False,999.0,True,False,True,False,2026-05-03T20:07:57.956194,,-2.25,2.25,False,False,False,False,True
1077,3,35,40,4.0,12,wet,suv,40,15,sedan,False,True,False,급정지,일반,False,5.9,0,0.1,0,True,-0.07,True,False,False,False,2026-05-03T20:08:00.152486,,-1.76,1.76,False,False,False,False,True
1078,3,35,40,5.0,12,wet,suv,0,0,,False,True,False,급정지,일반,False,7.9,0,0.0,0,False,999.0,True,False,True,False,2026-05-03T20:08:01.916149,,-2.25,2.25,False,False,False,False,True
1079,3,35,40,5.0,12,wet,suv,40,15,sedan,False,True,False,급정지,일반,False,5.9,0,0.1,0,True,-0.07,True,False,False,False,2026-05-03T20:08:04.083475,,-1.76,1.76,False,False,False,False,True
1080,3,35,50,3.0,12,wet,suv,0,0,,False,True,False,급정지,일반,False,8.7,0,0.6,0,False,999.0,True,False,True,False,2026-05-03T20:08:06.090336,,-2.46,2.46,False,False,False,False,True
1081,3,35,50,3.0,12,wet,suv,40,15,sedan,False,True,False,급정지,일반,False,7.9,0,0.0,0,True,-0.08,True,False,False,False,2026-05-03T20:08:08.442458,,-1.83,1.83,False,False,False,False,True
1082,3,35,50,4.0,12,wet,suv,0,0,,False,True,False,급정지,일반,False,8.7,0,0.6,0,False,999.0,True,False,True,False,2026-05-03T20:08:10.856171,,-2.46,2.46,False,False,False,False,True
1083,3,35,50,4.0,12,wet,suv,40,15,sedan,False,True,False,급정지,일반,False,7.9,0,0.0,0,True,-0.08,True,False,False,False,2026-05-03T20:08:13.215409,,-1.83,1.83,False,False,False,False,True
1084,3,35,50,5.0,12,wet,suv,0,0,,False,True,False,급정지,일반,False,8.7,0,0.6,0,False,999.0,True,False,True,False,2026-05-03T20:08:15.625110,,-2.46,2.46,False,False,False,False,True
1085,3,35,50,5.0,12,wet,suv,40,15,sedan,False,True,False,급정지,일반,False,7.9,0,0.0,0,True,-0.08,True,False,False,False,2026-05-03T20:08:17.971488,,-1.83,1.83,False,False,False,False,True
1086,3,35,60,3.0,12,wet,suv,0,0,,False,True,False,급정지,일반,False,9.9,0,0.7,0,False,999.0,True,False,True,False,2026-05-03T20:08:20.387882,,-2.49,2.49,False,False,False,False,True
1087,3,35,60,3.0,12,wet,suv,40,15,sedan,False,True,False,급정지,일반,False,9.2,0,0.0,0,False,5.36,True,False,True,False,2026-05-03T20:08:22.978430,,-2.31,2.31,False,False,False,False,True
1088,3,35,60,4.0,12,wet,suv,0,0,,False,True,False,급정지,일반,False,9.9,0,0.7,0,False,999.0,True,False,True,False,2026-05-03T20:08:25.662989,,-2.49,2.49,False,False,False,False,True
1089,3,35,60,4.0,12,wet,suv,40,15,sedan,False,True,False,급정지,일반,False,8.8,0,0.9,0,False,6.07,True,False,True,False,2026-05-03T20:08:28.248320,,-2.42,2.42,False,False,False,False,True
1090,3,35,60,5.0,12,wet,suv,0,0,,False,True,False,급정지,일반,False,9.9,0,0.7,0,False,999.0,True,False,True,False,2026-05-03T20:08:30.498364,,-2.49,2.49,False,False,False,False,True
1091,3,35,60,5.0,12,wet,suv,40,15,sedan,False,True,False,급정지,일반,False,8.8,0,0.9,0,False,6.07,True,False,True,False,2026-05-03T20:08:33.055178,,-2.42,2.42,False,False,False,False,True
1092,3,35,70,3.0,12,wet,suv,0,0,,False,True,False,급정지,일반,False,11.25,0,0.9,0,False,999.0,True,False,True,False,2026-05-03T20:08:35.642534,,-2.43,2.43,False,False,False,False,True
1093,3,35,70,3.0,12,wet,suv,40,15,sedan,False,True,False,급정지,일반,False,9.7,0,1.0,0,False,14.55,True,False,True,False,2026-05-03T20:08:38.511831,,-2.48,2.48,False,False,False,False,True
1094,3,35,70,4.0,12,wet,suv,0,0,,False,True,False,급정지,일반,False,11.25,0,0.9,0,False,999.0,True,False,True,False,2026-05-03T20:08:41.282515,,-2.43,2.43,False,False,False,False,True
1095,3,35,70,4.0,12,wet,suv,40,15,sedan,False,True,False,급정지,일반,False,9.7,0,1.0,0,False,14.55,True,False,True,False,2026-05-03T20:08:44.146204,,-2.48,2.48,False,False,False,False,True
1096,3,35,70,5.0,12,wet,suv,0,0,,False,True,False,급정지,일반,False,11.25,0,0.9,0,False,999.0,True,False,True,False,2026-05-03T20:08:46.915623,,-2.43,2.43,False,False,False,False,True
1097,3,35,70,5.0,12,wet,suv,40,15,sedan,False,True,False,급정지,일반,False,9.7,0,1.0,0,False,14.55,True,False,True,False,2026-05-03T20:08:49.782015,,-2.48,2.48,False,False,False,False,True
1098,3,35,80,3.0,12,wet,suv,0,0,,False,True,False,급정지,일반,False,12.45,0,0.1,0,False,999.0,True,False,True,False,2026-05-03T20:08:52.559432,,-2.4,2.4,False,False,False,False,True
1099,3,35,80,3.0,12,wet,suv,40,15,sedan,False,True,False,급정지,일반,False,10.95,0,0.1,0,False,15,True,False,True,False,2026-05-03T20:08:55.657445,,-2.48,2.48,False,False,False,False,True
1100,3,35,80,4.0,12,wet,suv,0,0,,False,True,False,급정지,일반,False,12.45,0,0.1,0,False,999.0,True,False,True,False,2026-05-03T20:08:58.747340,,-2.4,2.4,False,False,False,False,True
1101,3,35,80,4.0,12,wet,suv,40,15,sedan,False,True,False,급정지,일반,False,10.95,0,0.1,0,False,15,True,False,True,False,2026-05-03T20:09:01.853429,,-2.48,2.48,False,False,False,False,True
1102,3,35,80,5.0,12,wet,suv,0,0,,False,True,False,급정지,일반,False,12.05,0,0.8,0,False,999.0,True,False,True,False,2026-05-03T20:09:04.872799,,-2.54,2.54,False,False,False,False,True
1103,3,35,80,5.0,12,wet,suv,40,15,sedan,False,True,False,급정지,일반,False,10.95,0,0.1,0,False,15,True,False,True,False,2026-05-03T20:09:07.900507,,-2.48,2.48,False,False,False,False,True
1104,3,40,10,3.0,12,wet,suv,0,0,,True,False,False,진행,일반,False,2.45,0,39.7,0,False,999.0,False,False,True,False,2026-05-03T20:09:10.499346,,41.21,41.21,False,False,True,False,True
1105,3,40,10,3.0,12,wet,suv,45,15,sedan,True,False,True,진행,일반,False,2.45,0,39.7,0,False,15,False,False,True,False,2026-05-03T20:09:11.978423,,53.14,53.14,False,False,True,False,True
1106,3,40,10,4.0,12,wet,suv,0,0,,True,False,False,진행,일반,False,2.45,0,39.7,0,False,999.0,False,False,True,False,2026-05-03T20:09:13.708397,,41.21,41.21,False,False,True,False,True
1107,3,40,10,4.0,12,wet,suv,45,15,sedan,True,False,True,진행,일반,False,2.45,0,39.7,0,False,15,False,False,True,False,2026-05-03T20:09:15.007383,,53.14,53.14,False,False,True,False,True
1108,3,40,10,5.0,12,wet,suv,0,0,,True,False,False,진행,일반,False,2.45,0,39.7,0,False,999.0,False,False,True,False,2026-05-03T20:09:16.666226,,41.21,41.21,False,False,True,False,True
1109,3,40,10,5.0,12,wet,suv,45,15,sedan,True,False,True,진행,일반,False,2.45,0,39.7,0,False,15,False,False,True,False,2026-05-03T20:09:18.170716,,53.14,53.14,False,False,True,False,True
1110,3,40,20,3.0,12,wet,suv,0,0,,False,False,False,급정지,딜레마,False,4.15,0,0.6,0,False,999.0,True,False,True,False,2026-05-03T20:09:19.904562,,-2.48,2.48,False,False,False,True,True
1111,3,40,20,3.0,12,wet,suv,45,15,sedan,False,False,True,급정지,딜레마,False,1.55,0,0.0,0,False,12.66,True,False,True,False,2026-05-03T20:09:21.155144,,0.71,0.71,False,False,False,True,True
1112,3,40,20,4.0,12,wet,suv,0,0,,True,False,False,진행,일반,False,3.4,0,39.7,0,False,999.0,False,False,True,False,2026-05-03T20:09:22.222672,,41.12,41.12,False,False,True,False,True
1113,3,40,20,4.0,12,wet,suv,45,15,sedan,True,False,True,진행,일반,False,3.4,0,39.7,0,False,15,False,False,True,False,2026-05-03T20:09:23.912662,,53.05,53.05,False,False,True,False,True
1114,3,40,20,5.0,12,wet,suv,0,0,,True,False,False,진행,일반,False,3.4,0,39.7,0,False,999.0,False,False,True,False,2026-05-03T20:09:25.830003,,41.12,41.12,False,False,True,False,True
1115,3,40,20,5.0,12,wet,suv,45,15,sedan,True,False,True,진행,일반,False,3.4,0,39.7,0,False,15,False,False,True,False,2026-05-03T20:09:27.512579,,53.05,53.05,False,False,True,False,True
