scenario_id,exp,speed_kmh,distance_m,yellow_time_s,intersection_width_m,road_condition,ego_type,rear_speed_kmh,gap_m,rear_type,theoretical_pass,can_stop_emg,rear_collision_theory,decision,zone,pass_before_red,actual_travel_time_s,avg_speed_kmh,final_speed_kmh,time_margin_s,actual_collision,min_gap_m,safe_stop,red_entry,success,match_theory,timestamp,error,stop_overrun_m,dist_to_stopline_m,in_crosswalk,in_intersection,past_intersection,is_dilemma_zone,decision_feasible
0,3,30,10,3.0,12,dry,sedan,0,0,,False,False,False,급정지,딜레마구간,False,1.7,0,0.0,0,False,999.0,True,False,True,False,2026-05-03T22:24:05.291751,,-1.94,1.94,False,False,False,True,True
1,3,30,10,3.0,12,dry,sedan,35,15,sedan,False,False,False,급정지,딜레마구간,False,1.55,0,0.0,0,False,9.88,True,False,True,False,2026-05-03T22:24:06.040474,,3.02,3.02,True,False,False,True,True
2,3,30,10,4.0,12,dry,sedan,0,0,,True,False,False,진행,일반구간,False,3.2,0,30.0,0,False,999.0,False,False,True,False,2026-05-03T22:24:06.919547,,34.77,34.77,False,False,True,False,True
3,3,30,10,4.0,12,dry,sedan,35,15,sedan,True,False,False,진행,일반구간,False,3.2,0,30.0,0,False,14.87,False,False,True,False,2026-05-03T22:24:08.240746,,43.64,43.64,False,False,True,False,True
4,3,30,10,5.0,12,dry,sedan,0,0,,True,False,False,진행,일반구간,False,3.2,0,30.0,0,False,999.0,False,False,True,False,2026-05-03T22:24:09.764406,,34.77,34.77,False,False,True,False,True
5,3,30,10,5.0,12,dry,sedan,35,15,sedan,True,False,False,진행,일반구간,False,3.2,0,30.0,0,False,14.87,False,False,True,False,2026-05-03T22:24:11.078275,,43.64,43.64,False,False,True,False,True
6,3,30,20,3.0,12,dry,sedan,0,0,,False,True,False,급정지,일반구간,False,3.4,0,0.6,0,False,999.0,True,False,True,False,2026-05-03T22:24:12.573377,,-2.13,2.13,False,False,False,False,True
7,3,30,20,3.0,12,dry,sedan,35,15,sedan,False,True,False,급정지,일반구간,False,1.95,0,0.0,0,False,11.63,True,False,True,False,2026-05-03T22:24:13.575163,,-1.89,1.89,False,False,False,False,True
8,3,30,20,4.0,12,dry,sedan,0,0,,False,True,False,급정지,일반구간,False,3.4,0,0.6,0,False,999.0,True,False,True,False,2026-05-03T22:24:14.512296,,-2.13,2.13,False,False,False,False,True
9,3,30,20,4.0,12,dry,sedan,35,15,sedan,False,True,False,급정지,일반구간,False,1.95,0,0.0,0,False,11.63,True,False,True,False,2026-05-03T22:24:15.505616,,-1.89,1.89,False,False,False,False,True
10,3,30,20,5.0,12,dry,sedan,0,0,,True,True,False,진행,진행/정지선택구간,False,4.4,0,30.0,0,False,999.0,False,False,True,False,2026-05-03T22:24:16.442527,,34.76,34.76,False,False,True,False,True
11,3,30,20,5.0,12,dry,sedan,35,15,sedan,True,True,False,진행,진행/정지선택구간,False,4.4,0,30.0,0,False,13.22,False,False,True,False,2026-05-03T22:24:17.960005,,43.64,43.64,False,False,True,False,True
12,3,30,30,3.0,12,dry,sedan,0,0,,False,True,False,급정지,일반구간,False,4.65,0,0.5,0,False,999.0,True,False,True,False,2026-05-03T22:24:19.678817,,-2.39,2.39,False,False,False,False,True
13,3,30,30,3.0,12,dry,sedan,35,15,sedan,False,True,False,급정지,일반구간,False,3.85,0,0.0,0,False,10.44,True,False,True,False,2026-05-03T22:24:20.879686,,-2.03,2.03,False,False,False,False,True
14,3,30,30,4.0,12,dry,sedan,0,0,,False,True,False,급정지,일반구간,False,4.65,0,0.5,0,False,999.0,True,False,True,False,2026-05-03T22:24:22.146295,,-2.39,2.39,False,False,False,False,True
15,3,30,30,4.0,12,dry,sedan,35,15,sedan,False,True,False,급정지,일반구간,False,3.85,0,0.0,0,False,10.44,True,False,True,False,2026-05-03T22:24:23.376626,,-2.03,2.03,False,False,False,False,True
16,3,30,30,5.0,12,dry,sedan,0,0,,False,True,False,급정지,일반구간,False,4.65,0,0.5,0,False,999.0,True,False,True,False,2026-05-03T22:24:24.633577,,-2.39,2.39,False,False,False,False,True
17,3,30,30,5.0,12,dry,sedan,35,15,sedan,False,True,False,급정지,일반구간,False,3.85,0,0.0,0,False,10.44,True,False,True,False,2026-05-03T22:24:25.835618,,-2.03,2.03,False,False,False,False,True
18,3,30,40,3.0,12,dry,sedan,0,0,,False,True,False,급정지,일반구간,False,6.25,0,0.0,0,False,999.0,True,False,True,False,2026-05-03T22:24:27.085602,,-2.17,2.17,False,False,False,False,True
19,3,30,40,3.0,12,dry,sedan,35,15,sedan,False,True,False,급정지,일반구간,False,4.9,0,0.8,0,False,15,True,False,True,False,2026-05-03T22:24:28.571178,,-2.09,2.09,False,False,False,False,True
20,3,30,40,4.0,12,dry,sedan,0,0,,False,True,False,급정지,일반구간,False,6.25,0,0.0,0,False,999.0,True,False,True,False,2026-05-03T22:24:29.993484,,-2.17,2.17,False,False,False,False,True
21,3,30,40,4.0,12,dry,sedan,35,15,sedan,False,True,False,급정지,일반구간,False,4.8,0,1.0,0,False,15,True,False,True,False,2026-05-03T22:24:31.475635,,-2.49,2.49,False,False,False,False,True
22,3,30,40,5.0,12,dry,sedan,0,0,,False,True,False,급정지,일반구간,False,6.25,0,0.0,0,False,999.0,True,False,True,False,2026-05-03T22:24:32.921887,,-2.17,2.17,False,False,False,False,True
23,3,30,40,5.0,12,dry,sedan,35,15,sedan,False,True,False,급정지,일반구간,False,4.8,0,1.0,0,False,15,True,False,True,False,2026-05-03T22:24:34.452170,,-2.49,2.49,False,False,False,False,True
24,3,30,50,3.0,12,dry,sedan,0,0,,False,True,False,급정지,일반구간,False,7.55,0,0.7,0,False,999.0,True,False,True,False,2026-05-03T22:24:35.919808,,-2.24,2.24,False,False,False,False,True
25,3,30,50,3.0,12,dry,sedan,35,15,sedan,False,True,False,급정지,일반구간,False,6.25,0,0.0,0,False,15,True,False,True,False,2026-05-03T22:24:37.675650,,-2.2,2.2,False,False,False,False,True
26,3,30,50,4.0,12,dry,sedan,0,0,,False,True,False,급정지,일반구간,False,7.55,0,0.7,0,False,999.0,True,False,True,False,2026-05-03T22:24:39.369090,,-2.24,2.24,False,False,False,False,True
27,3,30,50,4.0,12,dry,sedan,35,15,sedan,False,True,False,급정지,일반구간,False,6.25,0,0.0,0,False,15,True,False,True,False,2026-05-03T22:24:41.101156,,-2.2,2.2,False,False,False,False,True
28,3,30,50,5.0,12,dry,sedan,0,0,,False,True,False,급정지,일반구간,False,7.55,0,0.7,0,False,999.0,True,False,True,False,2026-05-03T22:24:42.790979,,-2.24,2.24,False,False,False,False,True
29,3,30,50,5.0,12,dry,sedan,35,15,sedan,False,True,False,급정지,일반구간,False,6.25,0,0.0,0,False,15,True,False,True,False,2026-05-03T22:24:44.520238,,-2.2,2.2,False,False,False,False,True
30,3,30,60,3.0,12,dry,sedan,0,0,,False,True,False,급정지,일반구간,False,8.75,0,0.7,0,False,999.0,True,False,True,False,2026-05-03T22:24:46.233794,,-2.48,2.48,False,False,False,False,True
31,3,30,60,3.0,12,dry,sedan,35,15,sedan,False,True,False,급정지,일반구간,False,7.6,0,1.0,0,False,15,True,False,True,False,2026-05-03T22:24:48.215036,,-2.37,2.37,False,False,False,False,True
32,3,30,60,4.0,12,dry,sedan,0,0,,False,True,False,급정지,일반구간,False,8.75,0,0.7,0,False,999.0,True,False,True,False,2026-05-03T22:24:50.149751,,-2.48,2.48,False,False,False,False,True
33,3,30,60,4.0,12,dry,sedan,35,15,sedan,False,True,False,급정지,일반구간,False,7.6,0,1.0,0,False,15,True,False,True,False,2026-05-03T22:24:52.101969,,-2.37,2.37,False,False,False,False,True
34,3,30,60,5.0,12,dry,sedan,0,0,,False,True,False,급정지,일반구간,False,8.75,0,0.7,0,False,999.0,True,False,True,False,2026-05-03T22:24:54.070723,,-2.48,2.48,False,False,False,False,True
35,3,30,60,5.0,12,dry,sedan,35,15,sedan,False,True,False,급정지,일반구간,False,7.6,0,1.0,0,False,15,True,False,True,False,2026-05-03T22:24:56.034246,,-2.37,2.37,False,False,False,False,True
36,3,30,70,3.0,12,dry,sedan,0,0,,False,True,False,급정지,일반구간,False,10.35,0,0.7,0,False,999.0,True,False,True,False,2026-05-03T22:24:57.956096,,-2.18,2.18,False,False,False,False,True
37,3,30,70,3.0,12,dry,sedan,35,15,sedan,False,True,False,급정지,일반구간,False,8.95,0,0.5,0,False,15,True,False,True,False,2026-05-03T22:25:00.136886,,-2.15,2.15,False,False,False,False,True
38,3,30,70,4.0,12,dry,sedan,0,0,,False,True,False,급정지,일반구간,False,10.35,0,0.7,0,False,999.0,True,False,True,False,2026-05-03T22:25:02.241993,,-2.18,2.18,False,False,False,False,True
39,3,30,70,4.0,12,dry,sedan,35,15,sedan,False,True,False,급정지,일반구간,False,8.9,0,0.5,0,False,15,True,False,True,False,2026-05-03T22:25:04.418366,,-2.26,2.26,False,False,False,False,True
40,3,30,70,5.0,12,dry,sedan,0,0,,False,True,False,급정지,일반구간,False,10.15,0,1.0,0,False,999.0,True,False,True,False,2026-05-03T22:25:06.522026,,-2.1,2.1,False,False,False,False,True
41,3,30,70,5.0,12,dry,sedan,35,15,sedan,False,True,False,급정지,일반구간,False,8.95,0,0.5,0,False,15,True,False,True,False,2026-05-03T22:25:08.655696,,-2.15,2.15,False,False,False,False,True
42,3,30,80,3.0,12,dry,sedan,0,0,,False,True,False,급정지,일반구간,False,11.85,0,0.6,0,False,999.0,True,False,True,False,2026-05-03T22:25:10.751784,,-2.24,2.24,False,False,False,False,True
43,3,30,80,3.0,12,dry,sedan,35,15,sedan,False,True,False,급정지,일반구간,False,10.3,0,0.8,0,False,15,True,False,True,False,2026-05-03T22:25:13.172163,,-2.45,2.45,False,False,False,False,True
44,3,30,80,4.0,12,dry,sedan,0,0,,False,True,False,급정지,일반구간,False,11.85,0,0.6,0,False,999.0,True,False,True,False,2026-05-03T22:25:15.527877,,-2.24,2.24,False,False,False,False,True
45,3,30,80,4.0,12,dry,sedan,35,15,sedan,False,True,False,급정지,일반구간,False,10.3,0,0.8,0,False,15,True,False,True,False,2026-05-03T22:25:17.955738,,-2.45,2.45,False,False,False,False,True
46,3,30,80,5.0,12,dry,sedan,0,0,,False,True,False,급정지,일반구간,False,11.85,0,0.6,0,False,999.0,True,False,True,False,2026-05-03T22:25:20.292150,,-2.24,2.24,False,False,False,False,True
47,3,30,80,5.0,12,dry,sedan,35,15,sedan,False,True,False,급정지,일반구간,False,10.3,0,0.8,0,False,15,True,False,True,False,2026-05-03T22:25:22.745906,,-2.45,2.45,False,False,False,False,True
48,3,35,10,3.0,12,dry,sedan,0,0,,False,False,False,급정지,딜레마구간,False,1.65,0,0.0,0,False,999.0,True,False,True,False,2026-05-03T22:25:25.086848,,-2.05,2.05,False,False,False,True,True
49,3,35,10,3.0,12,dry,sedan,40,15,sedan,False,False,False,급정지,딜레마구간,False,1.55,0,0.0,0,False,10.37,False,False,False,False,2026-05-03T22:25:25.787838,,5.88,5.88,True,False,False,True,False
50,3,35,10,4.0,12,dry,sedan,0,0,,True,False,False,진행,일반구간,False,2.75,0,34.9,0,False,999.0,False,False,True,False,2026-05-03T22:25:26.673912,,37.64,37.64,False,False,True,False,True
51,3,35,10,4.0,12,dry,sedan,40,15,sedan,True,False,False,진행,일반구간,False,2.75,0,34.8,0,False,15,False,False,True,False,2026-05-03T22:25:27.903751,,48.5,48.5,False,False,True,False,True
52,3,35,10,5.0,12,dry,sedan,0,0,,True,False,False,진행,일반구간,False,2.75,0,34.9,0,False,999.0,False,False,True,False,2026-05-03T22:25:29.342291,,37.64,37.64,False,False,True,False,True
53,3,35,10,5.0,12,dry,sedan,40,15,sedan,True,False,False,진행,일반구간,False,2.75,0,34.8,0,False,15,False,False,True,False,2026-05-03T22:25:30.577941,,48.5,48.5,False,False,True,False,True
54,3,35,20,3.0,12,dry,sedan,0,0,,False,True,False,급정지,일반구간,False,3.5,0,0.0,0,False,999.0,True,False,True,False,2026-05-03T22:25:31.987522,,-2.19,2.19,False,False,False,False,True
55,3,35,20,3.0,12,dry,sedan,40,15,sedan,False,True,False,급정지,일반구간,False,1.55,0,0.0,0,False,12.46,True,False,True,False,2026-05-03T22:25:32.995714,,-2.03,2.03,False,False,False,False,True
56,3,35,20,4.0,12,dry,sedan,0,0,,False,True,False,급정지,일반구간,False,3.5,0,0.0,0,False,999.0,True,False,True,False,2026-05-03T22:25:33.866782,,-2.19,2.19,False,False,False,False,True
57,3,35,20,4.0,12,dry,sedan,40,15,sedan,False,True,False,급정지,일반구간,False,1.55,0,0.0,0,False,12.46,True,False,True,False,2026-05-03T22:25:34.879412,,-2.03,2.03,False,False,False,False,True
58,3,35,20,5.0,12,dry,sedan,0,0,,True,True,False,진행,진행/정지선택구간,False,3.8,0,34.8,0,False,999.0,False,False,True,False,2026-05-03T22:25:35.748880,,37.81,37.81,False,False,True,False,True
59,3,35,20,5.0,12,dry,sedan,40,15,sedan,True,True,False,진행,진행/정지선택구간,False,3.8,0,34.8,0,False,15,False,False,True,False,2026-05-03T22:25:37.147939,,48.18,48.18,False,False,True,False,True
60,3,35,30,3.0,12,dry,sedan,0,0,,False,True,False,급정지,일반구간,False,4.95,0,0.0,0,False,999.0,True,False,True,False,2026-05-03T22:25:38.736351,,-2.11,2.11,False,False,False,False,True
61,3,35,30,3.0,12,dry,sedan,40,15,sedan,False,True,False,급정지,일반구간,False,3.7,0,0.0,0,False,5.14,True,False,True,False,2026-05-03T22:25:39.991531,,-2.07,2.07,False,False,False,False,True
62,3,35,30,4.0,12,dry,sedan,0,0,,False,True,False,급정지,일반구간,False,4.95,0,0.0,0,False,999.0,True,False,True,False,2026-05-03T22:25:41.222703,,-2.11,2.11,False,False,False,False,True
63,3,35,30,4.0,12,dry,sedan,40,15,sedan,False,True,False,급정지,일반구간,False,3.7,0,0.0,0,False,5.14,True,False,True,False,2026-05-03T22:25:42.486439,,-2.07,2.07,False,False,False,False,True
64,3,35,30,5.0,12,dry,sedan,0,0,,False,True,False,급정지,일반구간,False,4.95,0,0.0,0,False,999.0,True,False,True,False,2026-05-03T22:25:43.717202,,-2.11,2.11,False,False,False,False,True
65,3,35,30,5.0,12,dry,sedan,40,15,sedan,False,True,False,급정지,일반구간,False,3.7,0,0.0,0,False,5.14,True,False,True,False,2026-05-03T22:25:44.966707,,-2.07,2.07,False,False,False,False,True
66,3,35,40,3.0,12,dry,sedan,0,0,,False,True,False,급정지,일반구간,False,5.65,0,0.0,0,False,999.0,True,False,True,False,2026-05-03T22:25:46.190173,,-2.26,2.26,False,False,False,False,True
67,3,35,40,3.0,12,dry,sedan,40,15,sedan,False,True,False,급정지,일반구간,False,4.45,0,0.5,0,False,10.95,True,False,True,False,2026-05-03T22:25:47.554928,,-2.27,2.27,False,False,False,False,True
68,3,35,40,4.0,12,dry,sedan,0,0,,False,True,False,급정지,일반구간,False,5.65,0,0.0,0,False,999.0,True,False,True,False,2026-05-03T22:25:48.903753,,-2.26,2.26,False,False,False,False,True
69,3,35,40,4.0,12,dry,sedan,40,15,sedan,False,True,False,급정지,일반구간,False,4.45,0,0.5,0,False,10.95,True,False,True,False,2026-05-03T22:25:50.272078,,-2.27,2.27,False,False,False,False,True
70,3,35,40,5.0,12,dry,sedan,0,0,,False,True,False,급정지,일반구간,False,5.65,0,0.0,0,False,999.0,True,False,True,False,2026-05-03T22:25:51.623822,,-2.26,2.26,False,False,False,False,True
71,3,35,40,5.0,12,dry,sedan,40,15,sedan,False,True,False,급정지,일반구간,False,4.45,0,0.5,0,False,10.95,True,False,True,False,2026-05-03T22:25:52.989463,,-2.27,2.27,False,False,False,False,True
72,3,35,50,3.0,12,dry,sedan,0,0,,False,True,False,급정지,일반구간,False,7.0,0,0.5,0,False,999.0,True,False,True,False,2026-05-03T22:25:54.337342,,-2.19,2.19,False,False,False,False,True
73,3,35,50,3.0,12,dry,sedan,40,15,sedan,False,True,False,급정지,일반구간,False,5.95,0,0.0,0,False,15,True,False,True,False,2026-05-03T22:25:55.927855,,-2.14,2.14,False,False,False,False,True
74,3,35,50,4.0,12,dry,sedan,0,0,,False,True,False,급정지,일반구간,False,7.05,0,0.7,0,False,999.0,True,False,True,False,2026-05-03T22:25:57.526678,,-2.16,2.16,False,False,False,False,True
75,3,35,50,4.0,12,dry,sedan,40,15,sedan,False,True,False,급정지,일반구간,False,5.95,0,0.0,0,False,15,True,False,True,False,2026-05-03T22:25:59.124873,,-2.14,2.14,False,False,False,False,True
76,3,35,50,5.0,12,dry,sedan,0,0,,False,True,False,급정지,일반구간,False,7.0,0,0.5,0,False,999.0,True,False,True,False,2026-05-03T22:26:00.724636,,-2.19,2.19,False,False,False,False,True
77,3,35,50,5.0,12,dry,sedan,40,15,sedan,False,True,False,급정지,일반구간,False,5.95,0,0.0,0,False,15,True,False,True,False,2026-05-03T22:26:02.313727,,-2.14,2.14,False,False,False,False,True
78,3,35,60,3.0,12,dry,sedan,0,0,,False,True,False,급정지,일반구간,False,8.25,0,0.6,0,False,999.0,True,False,True,False,2026-05-03T22:26:03.912309,,-2.19,2.19,False,False,False,False,True
79,3,35,60,3.0,12,dry,sedan,40,15,sedan,False,True,False,급정지,일반구간,False,6.7,0,0.5,0,False,15,True,False,True,False,2026-05-03T22:26:05.730027,,-2.26,2.26,False,False,False,False,True
80,3,35,60,4.0,12,dry,sedan,0,0,,False,True,False,급정지,일반구간,False,8.25,0,0.6,0,False,999.0,True,False,True,False,2026-05-03T22:26:07.455740,,-2.19,2.19,False,False,False,False,True
81,3,35,60,4.0,12,dry,sedan,40,15,sedan,False,True,False,급정지,일반구간,False,6.7,0,0.5,0,False,15,True,False,True,False,2026-05-03T22:26:09.261927,,-2.26,2.26,False,False,False,False,True
82,3,35,60,5.0,12,dry,sedan,0,0,,False,True,False,급정지,일반구간,False,8.25,0,0.6,0,False,999.0,True,False,True,False,2026-05-03T22:26:10.984568,,-2.19,2.19,False,False,False,False,True
83,3,35,60,5.0,12,dry,sedan,40,15,sedan,False,True,False,급정지,일반구간,False,6.7,0,0.5,0,False,15,True,False,True,False,2026-05-03T22:26:12.783526,,-2.26,2.26,False,False,False,False,True
84,3,35,70,3.0,12,dry,sedan,0,0,,False,True,False,급정지,일반구간,False,9.15,0,0.0,0,False,999.0,True,False,True,False,2026-05-03T22:26:14.504628,,-2.1,2.1,False,False,False,False,True
85,3,35,70,3.0,12,dry,sedan,40,15,sedan,False,True,False,급정지,일반구간,False,8.4,0,0.0,0,False,15,True,False,True,False,2026-05-03T22:26:16.451830,,-2.1,2.1,False,False,False,False,True
86,3,35,70,4.0,12,dry,sedan,0,0,,False,True,False,급정지,일반구간,False,9.3,0,0.6,0,False,999.0,True,False,True,False,2026-05-03T22:26:18.456726,,-2.25,2.25,False,False,False,False,True
87,3,35,70,4.0,12,dry,sedan,40,15,sedan,False,True,False,급정지,일반구간,False,8.4,0,0.0,0,False,15,True,False,True,False,2026-05-03T22:26:20.427671,,-2.1,2.1,False,False,False,False,True
88,3,35,70,5.0,12,dry,sedan,0,0,,False,True,False,급정지,일반구간,False,9.15,0,0.0,0,False,999.0,True,False,True,False,2026-05-03T22:26:22.431433,,-2.1,2.1,False,False,False,False,True
89,3,35,70,5.0,12,dry,sedan,40,15,sedan,False,True,False,급정지,일반구간,False,8.4,0,0.0,0,False,15,True,False,True,False,2026-05-03T22:26:24.378353,,-2.1,2.1,False,False,False,False,True
90,3,35,80,3.0,12,dry,sedan,0,0,,False,True,False,급정지,일반구간,False,10.55,0,0.0,0,False,999.0,True,False,True,False,2026-05-03T22:26:26.400980,,-2.11,2.11,False,False,False,False,True
91,3,35,80,3.0,12,dry,sedan,40,15,sedan,False,True,False,급정지,일반구간,False,9.0,0,0.6,0,False,15,True,False,True,False,2026-05-03T22:26:28.584565,,-2.3,2.3,False,False,False,False,True
92,3,35,80,4.0,12,dry,sedan,0,0,,False,True,False,급정지,일반구간,False,10.55,0,0.0,0,False,999.0,True,False,True,False,2026-05-03T22:26:30.687754,,-2.11,2.11,False,False,False,False,True
93,3,35,80,4.0,12,dry,sedan,40,15,sedan,False,True,False,급정지,일반구간,False,9.05,0,1.0,0,False,15,True,False,True,False,2026-05-03T22:26:32.867999,,-2.46,2.46,False,False,False,False,True
94,3,35,80,5.0,12,dry,sedan,0,0,,False,True,False,급정지,일반구간,False,10.4,0,0.0,0,False,999.0,True,False,True,False,2026-05-03T22:26:34.979315,,-1.96,1.96,False,False,False,False,True
95,3,35,80,5.0,12,dry,sedan,40,15,sedan,False,True,False,급정지,일반구간,False,9.05,0,1.0,0,False,15,True,False,True,False,2026-05-03T22:26:37.134612,,-2.46,2.46,False,False,False,False,True
96,3,40,10,3.0,12,dry,sedan,0,0,,True,False,False,진행,일반구간,False,2.45,0,39.7,0,False,999.0,False,False,True,False,2026-05-03T22:26:39.247573,,40.94,40.94,False,False,True,False,True
97,3,40,10,3.0,12,dry,sedan,45,15,sedan,True,False,True,진행,일반구간,False,2.45,0,39.7,0,False,15,False,False,True,False,2026-05-03T22:26:40.424545,,52.81,52.81,False,False,True,False,True
98,3,40,10,4.0,12,dry,sedan,0,0,,True,False,False,진행,일반구간,False,2.45,0,39.7,0,False,999.0,False,False,True,False,2026-05-03T22:26:41.778872,,40.93,40.93,False,False,True,False,True
99,3,40,10,4.0,12,dry,sedan,45,15,sedan,True,False,True,진행,일반구간,False,2.45,0,39.7,0,False,15,False,False,True,False,2026-05-03T22:26:42.945775,,52.81,52.81,False,False,True,False,True
100,3,40,10,5.0,12,dry,sedan,0,0,,True,False,False,진행,일반구간,False,2.45,0,39.7,0,False,999.0,False,False,True,False,2026-05-03T22:26:44.305720,,40.94,40.94,False,False,True,False,True
101,3,40,10,5.0,12,dry,sedan,45,15,sedan,True,False,True,진행,일반구간,False,2.45,0,39.7,0,False,15,False,False,True,False,2026-05-03T22:26:45.461828,,52.81,52.81,False,False,True,False,True
102,3,40,20,3.0,12,dry,sedan,0,0,,False,False,False,급정지,딜레마구간,False,3.1,0,0.0,0,False,999.0,True,False,True,False,2026-05-03T22:26:46.826095,,-2.04,2.04,False,False,False,True,True
103,3,40,20,3.0,12,dry,sedan,45,15,sedan,False,False,True,급정지,딜레마구간,False,1.55,0,0.0,0,False,12.98,True,False,True,False,2026-05-03T22:26:47.764534,,0.93,0.93,False,False,False,True,True
104,3,40,20,4.0,12,dry,sedan,0,0,,True,False,False,진행,일반구간,False,3.35,0,39.7,0,False,999.0,False,False,True,False,2026-05-03T22:26:48.627141,,40.87,40.87,False,False,True,False,True
105,3,40,20,4.0,12,dry,sedan,45,15,sedan,True,False,True,진행,일반구간,False,3.35,0,39.7,0,False,15,False,False,True,False,2026-05-03T22:26:49.940825,,52.74,52.74,False,False,True,False,True
106,3,40,20,5.0,12,dry,sedan,0,0,,True,False,False,진행,일반구간,False,3.35,0,39.7,0,False,999.0,False,False,True,False,2026-05-03T22:26:51.442230,,40.87,40.87,False,False,True,False,True
107,3,40,20,5.0,12,dry,sedan,45,15,sedan,True,False,True,진행,일반구간,False,3.35,0,39.7,0,False,15,False,False,True,False,2026-05-03T22:26:52.770627,,52.74,52.74,False,False,True,False,True
108,3,40,30,3.0,12,dry,sedan,0,0,,False,True,False,급정지,일반구간,False,4.4,0,0.5,0,False,999.0,True,False,True,False,2026-05-03T22:26:54.278801,,-2.43,2.43,False,False,False,False,True
109,3,40,30,3.0,12,dry,sedan,45,15,sedan,False,True,True,급정지,일반구간,False,2.8,0,0.0,0,False,7.19,True,False,True,False,2026-05-03T22:26:55.446760,,-2.05,2.05,False,False,False,False,True
110,3,40,30,4.0,12,dry,sedan,0,0,,False,True,False,급정지,일반구간,False,4.4,0,0.5,0,False,999.0,True,False,True,False,2026-05-03T22:26:56.525672,,-2.43,2.43,False,False,False,False,True
111,3,40,30,4.0,12,dry,sedan,45,15,sedan,False,True,True,급정지,일반구간,False,2.8,0,0.0,0,False,7.19,True,False,True,False,2026-05-03T22:26:57.682260,,-2.05,2.05,False,False,False,False,True
112,3,40,30,5.0,12,dry,sedan,0,0,,True,True,False,진행,진행/정지선택구간,False,4.25,0,39.7,0,False,999.0,False,False,True,False,2026-05-03T22:26:58.756100,,40.8,40.8,False,False,True,False,True
113,3,40,30,5.0,12,dry,sedan,45,15,sedan,True,True,True,진행,진행/정지선택구간,False,4.25,0,39.7,0,False,15,False,False,True,False,2026-05-03T22:27:00.221451,,52.67,52.67,False,False,True,False,True
114,3,40,40,3.0,12,dry,sedan,0,0,,False,True,False,급정지,일반구간,False,5.45,0,0.0,0,False,999.0,True,False,True,False,2026-05-03T22:27:01.874550,,-2.1,2.1,False,False,False,False,True
115,3,40,40,3.0,12,dry,sedan,45,15,sedan,False,True,True,감속,일반구간,False,4.0,0,0.0,0,False,8.19,True,False,True,False,2026-05-03T22:27:03.204475,,-1.51,1.51,False,False,False,False,True
116,3,40,40,4.0,12,dry,sedan,0,0,,False,True,False,급정지,일반구간,False,5.45,0,0.0,0,False,999.0,True,False,True,False,2026-05-03T22:27:04.478023,,-2.1,2.1,False,False,False,False,True
117,3,40,40,4.0,12,dry,sedan,45,15,sedan,False,True,True,감속,일반구간,False,4.0,0,0.0,0,False,8.19,True,False,True,False,2026-05-03T22:27:05.809538,,-1.51,1.51,False,False,False,False,True
118,3,40,40,5.0,12,dry,sedan,0,0,,False,True,False,급정지,일반구간,False,5.45,0,0.0,0,False,999.0,True,False,True,False,2026-05-03T22:27:07.082137,,-2.1,2.1,False,False,False,False,True
119,3,40,40,5.0,12,dry,sedan,45,15,sedan,False,True,True,감속,일반구간,False,4.0,0,0.0,0,False,8.19,True,False,True,False,2026-05-03T22:27:08.413761,,-1.51,1.51,False,False,False,False,True
120,3,40,50,3.0,12,dry,sedan,0,0,,False,True,False,급정지,일반구간,False,6.4,0,0.5,0,False,999.0,True,False,True,False,2026-05-03T22:27:09.688384,,-2.28,2.28,False,False,False,False,True
121,3,40,50,3.0,12,dry,sedan,45,15,sedan,False,True,True,감속,일반구간,False,4.9,0,0.0,0,False,12.78,True,False,True,False,2026-05-03T22:27:11.178528,,-1.52,1.52,False,False,False,False,True
122,3,40,50,4.0,12,dry,sedan,0,0,,False,True,False,급정지,일반구간,False,6.4,0,0.5,0,False,999.0,True,False,True,False,2026-05-03T22:27:12.611690,,-2.28,2.28,False,False,False,False,True
123,3,40,50,4.0,12,dry,sedan,45,15,sedan,False,True,True,감속,일반구간,False,4.9,0,0.0,0,False,12.78,True,False,True,False,2026-05-03T22:27:14.103516,,-1.52,1.52,False,False,False,False,True
124,3,40,50,5.0,12,dry,sedan,0,0,,False,True,False,급정지,일반구간,False,6.4,0,0.5,0,False,999.0,True,False,True,False,2026-05-03T22:27:15.525740,,-2.28,2.28,False,False,False,False,True
125,3,40,50,5.0,12,dry,sedan,45,15,sedan,False,True,True,감속,일반구간,False,4.9,0,0.0,0,False,12.78,True,False,True,False,2026-05-03T22:27:17.014717,,-1.52,1.52,False,False,False,False,True
126,3,40,60,3.0,12,dry,sedan,0,0,,False,True,False,급정지,일반구간,False,7.65,0,0.6,0,False,999.0,True,False,True,False,2026-05-03T22:27:18.448487,,-2.19,2.19,False,False,False,False,True
127,3,40,60,3.0,12,dry,sedan,45,15,sedan,False,True,True,감속,일반구간,False,5.9,0,0.0,0,False,15,True,False,True,False,2026-05-03T22:27:20.149735,,-1.53,1.53,False,False,False,False,True
128,3,40,60,4.0,12,dry,sedan,0,0,,False,True,False,급정지,일반구간,False,7.65,0,0.6,0,False,999.0,True,False,True,False,2026-05-03T22:27:21.752059,,-2.19,2.19,False,False,False,False,True
129,3,40,60,4.0,12,dry,sedan,45,15,sedan,False,True,True,감속,일반구간,False,5.9,0,0.0,0,False,15,True,False,True,False,2026-05-03T22:27:23.468011,,-1.53,1.53,False,False,False,False,True
130,3,40,60,5.0,12,dry,sedan,0,0,,False,True,False,급정지,일반구간,False,7.65,0,0.6,0,False,999.0,True,False,True,False,2026-05-03T22:27:25.074889,,-2.19,2.19,False,False,False,False,True
131,3,40,60,5.0,12,dry,sedan,45,15,sedan,False,True,True,감속,일반구간,False,5.9,0,0.0,0,False,15,True,False,True,False,2026-05-03T22:27:26.773502,,-1.53,1.53,False,False,False,False,True
132,3,40,70,3.0,12,dry,sedan,0,0,,False,True,False,급정지,일반구간,False,8.35,0,0.5,0,False,999.0,True,False,True,False,2026-05-03T22:27:28.362467,,-2.46,2.46,False,False,False,False,True
133,3,40,70,3.0,12,dry,sedan,45,15,sedan,False,True,True,감속,일반구간,False,6.8,0,0.5,0,False,15,True,False,True,False,2026-05-03T22:27:30.176210,,-1.53,1.53,False,False,False,False,True
134,3,40,70,4.0,12,dry,sedan,0,0,,False,True,False,급정지,일반구간,False,8.35,0,0.5,0,False,999.0,True,False,True,False,2026-05-03T22:27:31.913573,,-2.46,2.46,False,False,False,False,True
135,3,40,70,4.0,12,dry,sedan,45,15,sedan,False,True,True,감속,일반구간,False,6.8,0,0.5,0,False,15,True,False,True,False,2026-05-03T22:27:33.726789,,-1.53,1.53,False,False,False,False,True
136,3,40,70,5.0,12,dry,sedan,0,0,,False,True,False,급정지,일반구간,False,8.7,0,0.0,0,False,999.0,True,False,True,False,2026-05-03T22:27:35.462232,,-2.12,2.12,False,False,False,False,True
137,3,40,70,5.0,12,dry,sedan,45,15,sedan,False,True,True,감속,일반구간,False,6.8,0,0.5,0,False,15,True,False,True,False,2026-05-03T22:27:37.335767,,-1.53,1.53,False,False,False,False,True
138,3,40,80,3.0,12,dry,sedan,0,0,,False,True,False,급정지,일반구간,False,9.55,0,0.0,0,False,999.0,True,False,True,False,2026-05-03T22:27:39.073047,,-2.1,2.1,False,False,False,False,True
139,3,40,80,3.0,12,dry,sedan,45,15,sedan,False,True,True,감속,일반구간,False,7.85,0,0.0,0,False,15,True,False,True,False,2026-05-03T22:27:41.105783,,-1.52,1.52,False,False,False,False,True
140,3,40,80,4.0,12,dry,sedan,0,0,,False,True,False,급정지,일반구간,False,9.55,0,0.0,0,False,999.0,True,False,True,False,2026-05-03T22:27:43.022917,,-2.1,2.1,False,False,False,False,True
141,3,40,80,4.0,12,dry,sedan,45,15,sedan,False,True,True,감속,일반구간,False,7.85,0,0.0,0,False,15,True,False,True,False,2026-05-03T22:27:45.035564,,-1.52,1.52,False,False,False,False,True
142,3,40,80,5.0,12,dry,sedan,0,0,,False,True,False,급정지,일반구간,False,9.65,0,0.7,0,False,999.0,True,False,True,False,2026-05-03T22:27:46.945803,,-2.25,2.25,False,False,False,False,True
143,3,40,80,5.0,12,dry,sedan,45,15,sedan,False,True,True,감속,일반구간,False,7.85,0,0.0,0,False,15,True,False,True,False,2026-05-03T22:27:48.976744,,-1.52,1.52,False,False,False,False,True
144,3,45,10,3.0,12,dry,sedan,0,0,,True,False,False,진행,일반구간,False,2.15,0,44.6,0,False,999.0,False,False,True,False,2026-05-03T22:27:50.889181,,44.05,44.05,False,False,True,False,True
145,3,45,10,3.0,12,dry,sedan,50,15,sedan,True,False,True,진행,일반구간,False,2.15,0,44.6,0,False,15,False,False,True,False,2026-05-03T22:27:52.012061,,57.4,57.4,False,False,True,False,True
146,3,45,10,4.0,12,dry,sedan,0,0,,True,False,False,진행,일반구간,False,2.15,0,44.6,0,False,999.0,False,False,True,False,2026-05-03T22:27:53.335082,,44.05,44.05,False,False,True,False,True
147,3,45,10,4.0,12,dry,sedan,50,15,sedan,True,False,True,진행,일반구간,False,2.15,0,44.6,0,False,15,False,False,True,False,2026-05-03T22:27:54.460861,,57.4,57.4,False,False,True,False,True
148,3,45,10,5.0,12,dry,sedan,0,0,,True,False,False,진행,일반구간,False,2.15,0,44.6,0,False,999.0,False,False,True,False,2026-05-03T22:27:55.773661,,44.05,44.05,False,False,True,False,True
149,3,45,10,5.0,12,dry,sedan,50,15,sedan,True,False,True,진행,일반구간,False,2.15,0,44.6,0,False,15,False,False,True,False,2026-05-03T22:27:56.898358,,57.4,57.4,False,False,True,False,True
150,3,45,20,3.0,12,dry,sedan,0,0,,False,False,False,급정지,딜레마구간,False,2.85,0,0.0,0,False,999.0,True,False,True,False,2026-05-03T22:27:58.218153,,-1.96,1.96,False,False,False,True,True
151,3,45,20,3.0,12,dry,sedan,50,15,sedan,False,False,True,급정지,딜레마구간,False,1.55,0,0.0,0,False,13.09,True,False,True,False,2026-05-03T22:27:59.114823,,3.44,3.44,True,False,False,True,True
152,3,45,20,4.0,12,dry,sedan,0,0,,True,False,False,진행,일반구간,False,3.0,0,44.6,0,False,999.0,False,False,True,False,2026-05-03T22:27:59.982262,,43.95,43.95,False,False,True,False,True
153,3,45,20,4.0,12,dry,sedan,50,15,sedan,True,False,True,진행,일반구간,False,3.0,0,44.6,0,False,15,False,False,True,False,2026-05-03T22:28:01.252345,,57.31,57.31,False,False,True,False,True
154,3,45,20,5.0,12,dry,sedan,0,0,,True,False,False,진행,일반구간,False,3.0,0,44.6,0,False,999.0,False,False,True,False,2026-05-03T22:28:02.712614,,43.96,43.96,False,False,True,False,True
155,3,45,20,5.0,12,dry,sedan,50,15,sedan,True,False,True,진행,일반구간,False,3.0,0,44.6,0,False,15,False,False,True,False,2026-05-03T22:28:03.971076,,57.31,57.31,False,False,True,False,True
156,3,45,30,3.0,12,dry,sedan,0,0,,False,True,False,급정지,일반구간,False,4.55,0,0.0,0,False,999.0,True,False,True,False,2026-05-03T22:28:05.413600,,-2.11,2.11,False,False,False,False,True
157,3,45,30,3.0,12,dry,sedan,50,15,sedan,False,True,True,급정지,일반구간,False,2.2,0,0.0,0,False,9.74,True,False,True,False,2026-05-03T22:28:06.594895,,-1.99,1.99,False,False,False,False,True
158,3,45,30,4.0,12,dry,sedan,0,0,,False,True,False,급정지,일반구간,False,4.55,0,0.0,0,False,999.0,True,False,True,False,2026-05-03T22:28:07.566047,,-2.11,2.11,False,False,False,False,True
159,3,45,30,4.0,12,dry,sedan,50,15,sedan,False,True,True,급정지,일반구간,False,2.2,0,0.0,0,False,9.74,True,False,True,False,2026-05-03T22:28:08.747117,,-1.99,1.99,False,False,False,False,True
160,3,45,30,5.0,12,dry,sedan,0,0,,True,True,False,진행,진행/정지선택구간,False,3.8,0,44.6,0,False,999.0,False,False,True,False,2026-05-03T22:28:09.718295,,43.86,43.86,False,False,True,False,True
161,3,45,30,5.0,12,dry,sedan,50,15,sedan,True,True,True,진행,진행/정지선택구간,False,3.8,0,44.6,0,False,15,False,False,True,False,2026-05-03T22:28:11.106638,,57.22,57.22,False,False,True,False,True
162,3,45,40,3.0,12,dry,sedan,0,0,,False,True,False,급정지,일반구간,False,5.55,0,0.5,0,False,999.0,True,False,True,False,2026-05-03T22:28:12.681442,,-2.23,2.23,False,False,False,False,True
163,3,45,40,3.0,12,dry,sedan,50,15,sedan,False,True,True,감속,일반구간,False,3.8,0,0.0,0,False,4.13,True,False,True,False,2026-05-03T22:28:14.029037,,-1.5,1.5,False,False,False,False,True
164,3,45,40,4.0,12,dry,sedan,0,0,,False,True,False,급정지,일반구간,False,5.55,0,0.5,0,False,999.0,True,False,True,False,2026-05-03T22:28:15.269773,,-2.23,2.23,False,False,False,False,True
165,3,45,40,4.0,12,dry,sedan,50,15,sedan,False,True,True,감속,일반구간,False,3.8,0,0.0,0,False,4.13,True,False,True,False,2026-05-03T22:28:16.618298,,-1.5,1.5,False,False,False,False,True
166,3,45,40,5.0,12,dry,sedan,0,0,,False,True,False,급정지,일반구간,False,5.55,0,0.5,0,False,999.0,True,False,True,False,2026-05-03T22:28:17.857177,,-2.23,2.23,False,False,False,False,True
167,3,45,40,5.0,12,dry,sedan,50,15,sedan,False,True,True,감속,일반구간,False,3.8,0,0.0,0,False,4.13,True,False,True,False,2026-05-03T22:28:19.205871,,-1.5,1.5,False,False,False,False,True
168,3,45,50,3.0,12,dry,sedan,0,0,,False,True,False,급정지,일반구간,False,6.35,0,0.0,0,False,999.0,True,False,True,False,2026-05-03T22:28:20.443901,,-2.09,2.09,False,False,False,False,True
169,3,45,50,3.0,12,dry,sedan,50,15,sedan,False,True,True,감속,일반구간,False,4.65,0,0.6,0,False,7.51,True,False,True,False,2026-05-03T22:28:21.925854,,-1.53,1.53,False,False,False,False,True
170,3,45,50,4.0,12,dry,sedan,0,0,,False,True,False,급정지,일반구간,False,6.35,0,0.0,0,False,999.0,True,False,True,False,2026-05-03T22:28:23.305801,,-2.09,2.09,False,False,False,False,True
171,3,45,50,4.0,12,dry,sedan,50,15,sedan,False,True,True,감속,일반구간,False,4.65,0,0.6,0,False,7.51,True,False,True,False,2026-05-03T22:28:24.786805,,-1.53,1.53,False,False,False,False,True
172,3,45,50,5.0,12,dry,sedan,0,0,,False,True,False,급정지,일반구간,False,6.35,0,0.0,0,False,999.0,True,False,True,False,2026-05-03T22:28:26.179051,,-2.09,2.09,False,False,False,False,True
173,3,45,50,5.0,12,dry,sedan,50,15,sedan,False,True,True,감속,일반구간,False,4.6,0,0.0,0,False,7.92,True,False,True,False,2026-05-03T22:28:27.661025,,-1.46,1.46,False,False,False,False,True
174,3,45,60,3.0,12,dry,sedan,0,0,,False,True,False,급정지,일반구간,False,7.15,0,0.9,0,False,999.0,True,False,True,False,2026-05-03T22:28:29.034447,,-2.04,2.04,False,False,False,False,True
175,3,45,60,3.0,12,dry,sedan,50,15,sedan,False,True,True,감속,일반구간,False,5.45,0,0.0,0,False,12.55,True,False,True,False,2026-05-03T22:28:30.648830,,-1.5,1.5,False,False,False,False,True
176,3,45,60,4.0,12,dry,sedan,0,0,,False,True,False,급정지,일반구간,False,7.15,0,0.0,0,False,999.0,True,False,True,False,2026-05-03T22:28:32.159801,,-2.08,2.08,False,False,False,False,True
177,3,45,60,4.0,12,dry,sedan,50,15,sedan,False,True,True,감속,일반구간,False,5.45,0,0.0,0,False,12.55,True,False,True,False,2026-05-03T22:28:33.774920,,-1.5,1.5,False,False,False,False,True
178,3,45,60,5.0,12,dry,sedan,0,0,,False,True,False,급정지,일반구간,False,7.15,0,0.0,0,False,999.0,True,False,True,False,2026-05-03T22:28:35.290451,,-2.08,2.08,False,False,False,False,True
179,3,45,60,5.0,12,dry,sedan,50,15,sedan,False,True,True,감속,일반구간,False,5.45,0,0.0,0,False,12.55,True,False,True,False,2026-05-03T22:28:36.903660,,-1.5,1.5,False,False,False,False,True
180,3,45,70,3.0,12,dry,sedan,0,0,,False,True,False,급정지,일반구간,False,8.15,0,0.0,0,False,999.0,True,False,True,False,2026-05-03T22:28:38.416783,,-2.05,2.05,False,False,False,False,True
181,3,45,70,3.0,12,dry,sedan,50,15,sedan,False,True,True,감속,일반구간,False,6.3,0,0.8,0,False,15,True,False,True,False,2026-05-03T22:28:40.196655,,-1.5,1.5,False,False,False,False,True
182,3,45,70,4.0,12,dry,sedan,0,0,,False,True,False,급정지,일반구간,False,8.15,0,0.0,0,False,999.0,True,False,True,False,2026-05-03T22:28:41.850898,,-2.05,2.05,False,False,False,False,True
183,3,45,70,4.0,12,dry,sedan,50,15,sedan,False,True,True,감속,일반구간,False,6.3,0,0.8,0,False,15,True,False,True,False,2026-05-03T22:28:43.649135,,-1.5,1.5,False,False,False,False,True
184,3,45,70,5.0,12,dry,sedan,0,0,,False,True,False,급정지,일반구간,False,8.15,0,0.0,0,False,999.0,True,False,True,False,2026-05-03T22:28:45.306152,,-2.05,2.05,False,False,False,False,True
185,3,45,70,5.0,12,dry,sedan,50,15,sedan,False,True,True,감속,일반구간,False,6.3,0,0.8,0,False,15,True,False,True,False,2026-05-03T22:28:47.087986,,-1.5,1.5,False,False,False,False,True
186,3,45,80,3.0,12,dry,sedan,0,0,,False,True,False,급정지,일반구간,False,9.3,0,0.0,0,False,999.0,True,False,True,False,2026-05-03T22:28:48.741774,,-2.13,2.13,False,False,False,False,True
187,3,45,80,3.0,12,dry,sedan,50,15,sedan,False,True,True,감속,일반구간,False,7.25,0,0.0,0,False,15,True,False,True,False,2026-05-03T22:28:50.713788,,-1.48,1.48,False,False,False,False,True
188,3,45,80,4.0,12,dry,sedan,0,0,,False,True,False,급정지,일반구간,False,9.2,0,0.0,0,False,999.0,True,False,True,False,2026-05-03T22:28:52.541066,,-2.12,2.12,False,False,False,False,True
189,3,45,80,4.0,12,dry,sedan,50,15,sedan,False,True,True,감속,일반구간,False,7.25,0,0.0,0,False,15,True,False,True,False,2026-05-03T22:28:54.520243,,-1.48,1.48,False,False,False,False,True
190,3,45,80,5.0,12,dry,sedan,0,0,,False,True,False,급정지,일반구간,False,9.3,0,0.0,0,False,999.0,True,False,True,False,2026-05-03T22:28:56.338870,,-2.13,2.13,False,False,False,False,True
191,3,45,80,5.0,12,dry,sedan,50,15,sedan,False,True,True,감속,일반구간,False,7.25,0,0.0,0,False,15,True,False,True,False,2026-05-03T22:28:58.309145,,-1.48,1.48,False,False,False,False,True
192,3,50,10,3.0,12,dry,sedan,0,0,,True,False,False,진행,일반구간,False,1.95,0,49.5,0,False,999.0,False,False,True,False,2026-05-03T22:29:00.121412,,47.17,47.17,False,False,True,False,True
193,3,50,10,3.0,12,dry,sedan,55,15,sedan,True,False,True,진행,일반구간,False,1.95,0,49.5,0,False,15,False,False,True,False,2026-05-03T22:29:01.212393,,61.99,61.99,False,False,True,False,True
194,3,50,10,4.0,12,dry,sedan,0,0,,True,False,False,진행,일반구간,False,1.95,0,49.5,0,False,999.0,False,False,True,False,2026-05-03T22:29:02.488955,,47.17,47.17,False,False,True,False,True
195,3,50,10,4.0,12,dry,sedan,55,15,sedan,True,False,True,진행,일반구간,False,1.95,0,49.5,0,False,15,False,False,True,False,2026-05-03T22:29:03.579173,,62.01,62.01,False,False,True,False,True
196,3,50,10,5.0,12,dry,sedan,0,0,,True,False,False,진행,일반구간,False,1.95,0,49.5,0,False,999.0,False,False,True,False,2026-05-03T22:29:04.862449,,47.17,47.17,False,False,True,False,True
197,3,50,10,5.0,12,dry,sedan,55,15,sedan,True,False,True,진행,일반구간,False,1.95,0,49.5,0,False,15,False,False,True,False,2026-05-03T22:29:05.953540,,62.01,62.01,False,False,True,False,True
198,3,50,20,3.0,12,dry,sedan,0,0,,False,False,False,급정지,딜레마구간,False,2.6,0,0.0,0,False,999.0,True,False,True,False,2026-05-03T22:29:07.240125,,-1.93,1.93,False,False,False,True,True
199,3,50,20,3.0,12,dry,sedan,55,15,sedan,False,False,True,급정지,딜레마구간,False,1.55,0,0.0,0,False,13.25,False,False,False,False,2026-05-03T22:29:08.097834,,6.04,6.04,False,True,False,True,False
200,3,50,20,4.0,12,dry,sedan,0,0,,True,False,False,진행,일반구간,False,2.7,0,49.5,0,False,999.0,False,False,True,False,2026-05-03T22:29:08.975745,,46.78,46.78,False,False,True,False,True
201,3,50,20,4.0,12,dry,sedan,55,15,sedan,True,False,True,진행,일반구간,False,2.7,0,49.5,0,False,15,False,False,True,False,2026-05-03T22:29:10.168779,,61.62,61.62,False,False,True,False,True
202,3,50,20,5.0,12,dry,sedan,0,0,,True,False,False,진행,일반구간,False,2.7,0,49.5,0,False,999.0,False,False,True,False,2026-05-03T22:29:11.561399,,46.78,46.78,False,False,True,False,True
203,3,50,20,5.0,12,dry,sedan,55,15,sedan,True,False,True,진행,일반구간,False,2.7,0,49.5,0,False,15,False,False,True,False,2026-05-03T22:29:12.778064,,61.62,61.62,False,False,True,False,True
204,3,50,30,3.0,12,dry,sedan,0,0,,False,True,False,급정지,일반구간,False,4.45,0,0.6,0,False,999.0,True,False,True,False,2026-05-03T22:29:14.173772,,-2.12,2.12,False,False,False,False,True
205,3,50,30,3.0,12,dry,sedan,55,15,sedan,False,True,True,급정지,일반구간,False,1.55,0,0.0,0,False,15,True,False,True,False,2026-05-03T22:29:15.340310,,-1.09,1.09,False,False,False,False,True
206,3,50,30,4.0,12,dry,sedan,0,0,,True,True,False,진행,진행/정지선택구간,False,3.4,0,49.4,0,False,999.0,False,False,True,False,2026-05-03T22:29:16.208013,,47.08,47.08,False,False,True,False,True
207,3,50,30,4.0,12,dry,sedan,55,15,sedan,True,True,True,진행,진행/정지선택구간,False,3.4,0,49.4,0,False,15,False,False,True,False,2026-05-03T22:29:17.540589,,61.92,61.92,False,False,True,False,True
208,3,50,30,5.0,12,dry,sedan,0,0,,True,True,False,진행,진행/정지선택구간,False,3.4,0,49.4,0,False,999.0,False,False,True,False,2026-05-03T22:29:19.057315,,47.08,47.08,False,False,True,False,True
209,3,50,30,5.0,12,dry,sedan,55,15,sedan,True,True,True,진행,진행/정지선택구간,False,3.4,0,49.4,0,False,15,False,False,True,False,2026-05-03T22:29:20.388252,,61.92,61.92,False,False,True,False,True
210,3,50,40,3.0,12,dry,sedan,0,0,,False,True,False,급정지,일반구간,False,5.6,0,0.7,0,False,999.0,True,False,True,False,2026-05-03T22:29:21.905823,,-2.17,2.17,False,False,False,False,True
211,3,50,40,3.0,12,dry,sedan,55,15,sedan,False,True,True,급정지,일반구간,False,3.95,0,0.4,0,True,0.03,True,False,False,False,2026-05-03T22:29:23.262244,,-1.0,1.0,False,False,False,False,True
212,3,50,40,4.0,12,dry,sedan,0,0,,False,True,False,급정지,일반구간,False,5.6,0,0.7,0,False,999.0,True,False,True,False,2026-05-03T22:29:24.527785,,-2.17,2.17,False,False,False,False,True
213,3,50,40,4.0,12,dry,sedan,55,15,sedan,False,True,True,급정지,일반구간,False,3.95,0,0.4,0,True,0.03,True,False,False,False,2026-05-03T22:29:25.883566,,-1.0,1.0,False,False,False,False,True
214,3,50,40,5.0,12,dry,sedan,0,0,,True,True,False,진행,진행/정지선택구간,False,4.15,0,49.4,0,False,999.0,False,False,True,False,2026-05-03T22:29:27.148970,,46.7,46.7,False,False,True,False,True
215,3,50,40,5.0,12,dry,sedan,55,15,sedan,True,True,True,진행,진행/정지선택구간,False,4.15,0,49.4,0,False,15,False,False,True,False,2026-05-03T22:29:28.610724,,61.53,61.53,False,False,True,False,True
216,3,50,50,3.0,12,dry,sedan,0,0,,False,True,False,급정지,일반구간,False,6.1,0,0.7,0,False,999.0,True,False,True,False,2026-05-03T22:29:30.247867,,-2.41,2.41,False,False,False,False,True
217,3,50,50,3.0,12,dry,sedan,55,15,sedan,False,True,True,감속,일반구간,False,4.45,0,0.5,0,False,2.53,True,False,True,False,2026-05-03T22:29:31.686869,,-1.47,1.47,False,False,False,False,True
218,3,50,50,4.0,12,dry,sedan,0,0,,False,True,False,급정지,일반구간,False,6.1,0,0.7,0,False,999.0,True,False,True,False,2026-05-03T22:29:33.033600,,-2.41,2.41,False,False,False,False,True
219,3,50,50,4.0,12,dry,sedan,55,15,sedan,False,True,True,감속,일반구간,False,4.45,0,0.5,0,False,2.53,True,False,True,False,2026-05-03T22:29:34.473929,,-1.47,1.47,False,False,False,False,True
220,3,50,50,5.0,12,dry,sedan,0,0,,False,True,False,급정지,일반구간,False,6.45,0,0.5,0,False,999.0,True,False,True,False,2026-05-03T22:29:35.821985,,-2.25,2.25,False,False,False,False,True
221,3,50,50,5.0,12,dry,sedan,55,15,sedan,False,True,True,감속,일반구간,False,4.45,0,0.5,0,False,2.53,True,False,True,False,2026-05-03T22:29:37.318735,,-1.47,1.47,False,False,False,False,True
222,3,50,60,3.0,12,dry,sedan,0,0,,False,True,False,급정지,일반구간,False,7.1,0,0.5,0,False,999.0,True,False,True,False,2026-05-03T22:29:38.668105,,-2.22,2.22,False,False,False,False,True
223,3,50,60,3.0,12,dry,sedan,55,15,sedan,False,True,True,감속,일반구간,False,5.15,0,0.0,0,False,6.61,True,False,True,False,2026-05-03T22:29:40.272251,,-1.74,1.74,False,False,False,False,True
224,3,50,60,4.0,12,dry,sedan,0,0,,False,True,False,급정지,일반구간,False,7.1,0,0.5,0,False,999.0,True,False,True,False,2026-05-03T22:29:41.733990,,-2.22,2.22,False,False,False,False,True
225,3,50,60,4.0,12,dry,sedan,55,15,sedan,False,True,True,감속,일반구간,False,5.15,0,0.0,0,False,6.61,True,False,True,False,2026-05-03T22:29:43.339846,,-1.74,1.74,False,False,False,False,True
226,3,50,60,5.0,12,dry,sedan,0,0,,False,True,False,급정지,일반구간,False,7.1,0,0.5,0,False,999.0,True,False,True,False,2026-05-03T22:29:44.803728,,-2.22,2.22,False,False,False,False,True
227,3,50,60,5.0,12,dry,sedan,55,15,sedan,False,True,True,감속,일반구간,False,5.15,0,0.0,0,False,6.61,True,False,True,False,2026-05-03T22:29:46.410337,,-1.74,1.74,False,False,False,False,True
228,3,50,70,3.0,12,dry,sedan,0,0,,False,True,False,급정지,일반구간,False,7.85,0,0.7,0,False,999.0,True,False,True,False,2026-05-03T22:29:47.874443,,-2.19,2.19,False,False,False,False,True
229,3,50,70,3.0,12,dry,sedan,55,15,sedan,False,True,True,감속,일반구간,False,5.95,0,0.0,0,False,11.45,True,False,True,False,2026-05-03T22:29:49.603710,,-1.57,1.57,False,False,False,False,True
230,3,50,70,4.0,12,dry,sedan,0,0,,False,True,False,급정지,일반구간,False,7.85,0,0.7,0,False,999.0,True,False,True,False,2026-05-03T22:29:51.198267,,-2.19,2.19,False,False,False,False,True
231,3,50,70,4.0,12,dry,sedan,55,15,sedan,False,True,True,감속,일반구간,False,5.95,0,0.0,0,False,11.45,True,False,True,False,2026-05-03T22:29:52.927373,,-1.57,1.57,False,False,False,False,True
232,3,50,70,5.0,12,dry,sedan,0,0,,False,True,False,급정지,일반구간,False,7.85,0,0.7,0,False,999.0,True,False,True,False,2026-05-03T22:29:54.521849,,-2.19,2.19,False,False,False,False,True
233,3,50,70,5.0,12,dry,sedan,55,15,sedan,False,True,True,감속,일반구간,False,5.95,0,0.0,0,False,11.45,True,False,True,False,2026-05-03T22:29:56.253416,,-1.57,1.57,False,False,False,False,True
234,3,50,80,3.0,12,dry,sedan,0,0,,False,True,False,급정지,일반구간,False,8.7,0,0.0,0,False,999.0,True,False,True,False,2026-05-03T22:29:57.862223,,-2.13,2.13,False,False,False,False,True
235,3,50,80,3.0,12,dry,sedan,55,15,sedan,False,True,True,감속,일반구간,False,6.75,0,0.5,0,False,15,True,False,True,False,2026-05-03T22:29:59.735912,,-1.51,1.51,False,False,False,False,True
236,3,50,80,4.0,12,dry,sedan,0,0,,False,True,False,급정지,일반구간,False,8.7,0,0.0,0,False,999.0,True,False,True,False,2026-05-03T22:30:01.466835,,-2.13,2.13,False,False,False,False,True
237,3,50,80,4.0,12,dry,sedan,55,15,sedan,False,True,True,감속,일반구간,False,6.75,0,0.5,0,False,15,True,False,True,False,2026-05-03T22:30:03.337781,,-1.51,1.51,False,False,False,False,True
238,3,50,80,5.0,12,dry,sedan,0,0,,False,True,False,급정지,일반구간,False,8.7,0,0.0,0,False,999.0,True,False,True,False,2026-05-03T22:30:05.067996,,-2.13,2.13,False,False,False,False,True
239,3,50,80,5.0,12,dry,sedan,55,15,sedan,False,True,True,감속,일반구간,False,6.75,0,0.5,0,False,15,True,False,True,False,2026-05-03T22:30:06.939439,,-1.51,1.51,False,False,False,False,True
240,3,55,10,3.0,12,dry,sedan,0,0,,True,False,False,진행,일반구간,False,1.8,0,54.3,0,False,999.0,False,False,True,False,2026-05-03T22:30:08.668592,,49.75,49.75,False,False,True,False,True
241,3,55,10,3.0,12,dry,sedan,60,15,sedan,True,False,True,진행,일반구간,False,1.8,0,54.3,0,False,15,False,False,True,False,2026-05-03T22:30:09.734979,,66.07,66.07,False,False,True,False,True
242,3,55,10,4.0,12,dry,sedan,0,0,,True,False,False,진행,일반구간,False,1.8,0,54.3,0,False,999.0,False,False,True,False,2026-05-03T22:30:10.982075,,49.75,49.75,False,False,True,False,True
243,3,55,10,4.0,12,dry,sedan,60,15,sedan,True,False,True,진행,일반구간,False,1.8,0,54.3,0,False,15,False,False,True,False,2026-05-03T22:30:12.039451,,66.07,66.07,False,False,True,False,True
244,3,55,10,5.0,12,dry,sedan,0,0,,True,False,False,진행,일반구간,False,1.8,0,54.3,0,False,999.0,False,False,True,False,2026-05-03T22:30:13.282227,,49.75,49.75,False,False,True,False,True
245,3,55,10,5.0,12,dry,sedan,60,15,sedan,True,False,True,진행,일반구간,False,1.8,0,54.3,0,False,15,False,False,True,False,2026-05-03T22:30:14.338403,,66.07,66.07,False,False,True,False,True
246,3,55,20,3.0,12,dry,sedan,0,0,,True,False,False,진행,일반구간,False,2.45,0,54.3,0,False,999.0,False,False,True,False,2026-05-03T22:30:15.583613,,49.56,49.56,False,False,True,False,True
247,3,55,20,3.0,12,dry,sedan,60,15,sedan,True,False,True,진행,일반구간,False,2.45,0,54.3,0,False,15,False,False,True,False,2026-05-03T22:30:16.746883,,66.64,66.64,False,False,True,False,True
248,3,55,20,4.0,12,dry,sedan,0,0,,True,False,False,진행,일반구간,False,2.45,0,54.3,0,False,999.0,False,False,True,False,2026-05-03T22:30:18.105869,,49.56,49.56,False,False,True,False,True
249,3,55,20,4.0,12,dry,sedan,60,15,sedan,True,False,True,진행,일반구간,False,2.45,0,54.3,0,False,15,False,False,True,False,2026-05-03T22:30:19.269561,,66.64,66.64,False,False,True,False,True
250,3,55,20,5.0,12,dry,sedan,0,0,,True,False,False,진행,일반구간,False,2.45,0,54.3,0,False,999.0,False,False,True,False,2026-05-03T22:30:20.643528,,49.56,49.56,False,False,True,False,True
251,3,55,20,5.0,12,dry,sedan,60,15,sedan,True,False,True,진행,일반구간,False,2.45,0,54.3,0,False,15,False,False,True,False,2026-05-03T22:30:21.791962,,66.64,66.64,False,False,True,False,True
252,3,55,30,3.0,12,dry,sedan,0,0,,False,False,False,급정지,딜레마구간,False,4.15,0,0.0,0,False,999.0,True,False,True,False,2026-05-03T22:30:23.147992,,-2.11,2.11,False,False,False,True,True
253,3,55,30,3.0,12,dry,sedan,60,15,sedan,False,False,True,급정지,딜레마구간,False,1.55,0,0.0,0,False,15,True,False,True,False,2026-05-03T22:30:24.263674,,2.08,2.08,True,False,False,True,True
254,3,55,30,4.0,12,dry,sedan,0,0,,True,False,False,진행,일반구간,False,3.1,0,54.3,0,False,999.0,False,False,True,False,2026-05-03T22:30:25.126001,,50.12,50.12,False,False,True,False,True
255,3,55,30,4.0,12,dry,sedan,60,15,sedan,True,False,True,진행,일반구간,False,3.1,0,54.3,0,False,15,False,False,True,False,2026-05-03T22:30:26.405853,,66.44,66.44,False,False,True,False,True
256,3,55,30,5.0,12,dry,sedan,0,0,,True,False,False,진행,일반구간,False,3.1,0,54.3,0,False,999.0,False,False,True,False,2026-05-03T22:30:27.872578,,50.12,50.12,False,False,True,False,True
257,3,55,30,5.0,12,dry,sedan,60,15,sedan,True,False,True,진행,일반구간,False,3.1,0,54.3,0,False,15,False,False,True,False,2026-05-03T22:30:29.152862,,66.44,66.44,False,False,True,False,True
258,3,55,40,3.0,12,dry,sedan,0,0,,False,True,False,급정지,일반구간,False,5.2,0,0.0,0,False,999.0,True,False,True,False,2026-05-03T22:30:30.618009,,-2.23,2.23,False,False,False,False,True
259,3,55,40,3.0,12,dry,sedan,60,15,sedan,False,True,True,급정지,일반구간,False,2.95,0,0.0,0,False,2.99,True,False,True,False,2026-05-03T22:30:31.920393,,-1.85,1.85,False,False,False,False,True
260,3,55,40,4.0,12,dry,sedan,0,0,,False,True,False,급정지,일반구간,False,5.2,0,0.0,0,False,999.0,True,False,True,False,2026-05-03T22:30:33.028659,,-2.23,2.23,False,False,False,False,True
261,3,55,40,4.0,12,dry,sedan,60,15,sedan,False,True,True,급정지,일반구간,False,2.9,0,0.6,0,False,3.57,True,False,True,False,2026-05-03T22:30:34.321271,,-1.92,1.92,False,False,False,False,True
262,3,55,40,5.0,12,dry,sedan,0,0,,True,True,False,진행,진행/정지선택구간,False,3.75,0,54.3,0,False,999.0,False,False,True,False,2026-05-03T22:30:35.409548,,49.93,49.93,False,False,True,False,True
263,3,55,40,5.0,12,dry,sedan,60,15,sedan,True,True,True,진행,진행/정지선택구간,False,3.8,0,54.3,0,False,15,False,False,True,False,2026-05-03T22:30:36.811135,,66.25,66.25,False,False,True,False,True
264,3,55,50,3.0,12,dry,sedan,0,0,,False,True,False,급정지,일반구간,False,6.35,0,0.5,0,False,999.0,True,False,True,False,2026-05-03T22:30:38.388241,,-2.2,2.2,False,False,False,False,True
265,3,55,50,3.0,12,dry,sedan,60,15,sedan,False,True,True,급정지,일반구간,False,4.3,0,0.0,0,True,0.01,True,False,False,False,2026-05-03T22:30:39.869125,,-1.75,1.75,False,False,False,False,True
266,3,55,50,4.0,12,dry,sedan,0,0,,False,True,False,급정지,일반구간,False,6.35,0,0.5,0,False,999.0,True,False,True,False,2026-05-03T22:30:41.201899,,-2.2,2.2,False,False,False,False,True
267,3,55,50,4.0,12,dry,sedan,60,15,sedan,False,True,True,급정지,일반구간,False,4.3,0,0.0,0,True,0.01,True,False,False,False,2026-05-03T22:30:42.684319,,-1.75,1.75,False,False,False,False,True
268,3,55,50,5.0,12,dry,sedan,0,0,,True,True,False,진행,진행/정지선택구간,False,4.45,0,54.3,0,False,999.0,False,False,True,False,2026-05-03T22:30:44.006971,,49.74,49.74,False,False,True,False,True
269,3,55,50,5.0,12,dry,sedan,60,15,sedan,True,True,True,진행,진행/정지선택구간,False,4.45,0,54.3,0,False,15,False,False,True,False,2026-05-03T22:30:45.502342,,66.06,66.06,False,False,True,False,True
270,3,55,60,3.0,12,dry,sedan,0,0,,False,True,False,급정지,일반구간,False,6.85,0,1.0,0,False,999.0,True,False,True,False,2026-05-03T22:30:47.184606,,-2.37,2.37,False,False,False,False,True
271,3,55,60,3.0,12,dry,sedan,60,15,sedan,False,True,True,감속,일반구간,False,4.95,0,0.0,0,True,1.15,True,False,False,False,2026-05-03T22:30:48.749008,,-1.63,1.63,False,False,False,False,True
272,3,55,60,4.0,12,dry,sedan,0,0,,False,True,False,급정지,일반구간,False,6.85,0,1.0,0,False,999.0,True,False,True,False,2026-05-03T22:30:50.179086,,-2.37,2.37,False,False,False,False,True
273,3,55,60,4.0,12,dry,sedan,60,15,sedan,False,True,True,감속,일반구간,False,4.95,0,0.0,0,True,1.15,True,False,False,False,2026-05-03T22:30:51.740590,,-1.63,1.63,False,False,False,False,True
274,3,55,60,5.0,12,dry,sedan,0,0,,False,True,False,급정지,일반구간,False,6.85,0,0.0,0,False,999.0,True,False,True,False,2026-05-03T22:30:53.172046,,-2.09,2.09,False,False,False,False,True
275,3,55,60,5.0,12,dry,sedan,60,15,sedan,False,True,True,감속,일반구간,False,4.95,0,0.0,0,True,1.15,True,False,False,False,2026-05-03T22:30:54.735768,,-1.63,1.63,False,False,False,False,True
276,3,55,70,3.0,12,dry,sedan,0,0,,False,True,False,급정지,일반구간,False,7.5,0,0.5,0,False,999.0,True,False,True,False,2026-05-03T22:30:56.166766,,-2.45,2.45,False,False,False,False,True
277,3,55,70,3.0,12,dry,sedan,60,15,sedan,False,True,True,감속,일반구간,False,5.8,0,0.0,0,False,4.25,True,False,True,False,2026-05-03T22:30:57.838072,,-1.43,1.43,False,False,False,False,True
278,3,55,70,4.0,12,dry,sedan,0,0,,False,True,False,급정지,일반구간,False,7.8,0,0.0,0,False,999.0,True,False,True,False,2026-05-03T22:30:59.423806,,-2.21,2.21,False,False,False,False,True
279,3,55,70,4.0,12,dry,sedan,60,15,sedan,False,True,True,감속,일반구간,False,5.8,0,0.0,0,False,4.25,True,False,True,False,2026-05-03T22:31:01.149807,,-1.43,1.43,False,False,False,False,True
280,3,55,70,5.0,12,dry,sedan,0,0,,False,True,False,급정지,일반구간,False,7.5,0,0.5,0,False,999.0,True,False,True,False,2026-05-03T22:31:02.722263,,-2.45,2.45,False,False,False,False,True
281,3,55,70,5.0,12,dry,sedan,60,15,sedan,False,True,True,감속,일반구간,False,5.8,0,0.0,0,False,4.25,True,False,True,False,2026-05-03T22:31:04.393790,,-1.43,1.43,False,False,False,False,True
282,3,55,80,3.0,12,dry,sedan,0,0,,False,True,False,급정지,일반구간,False,8.6,0,0.7,0,False,999.0,True,False,True,False,2026-05-03T22:31:05.965799,,-2.16,2.16,False,False,False,False,True
283,3,55,80,3.0,12,dry,sedan,60,15,sedan,False,True,True,감속,일반구간,False,6.4,0,0.6,0,False,9.95,True,False,True,False,2026-05-03T22:31:07.820169,,-1.54,1.54,False,False,False,False,True
284,3,55,80,4.0,12,dry,sedan,0,0,,False,True,False,급정지,일반구간,False,8.6,0,0.7,0,False,999.0,True,False,True,False,2026-05-03T22:31:09.490540,,-2.16,2.16,False,False,False,False,True
285,3,55,80,4.0,12,dry,sedan,60,15,sedan,False,True,True,감속,일반구간,False,6.4,0,0.6,0,False,9.95,True,False,True,False,2026-05-03T22:31:11.346717,,-1.54,1.54,False,False,False,False,True
286,3,55,80,5.0,12,dry,sedan,0,0,,False,True,False,급정지,일반구간,False,8.6,0,0.7,0,False,999.0,True,False,True,False,2026-05-03T22:31:13.018477,,-2.16,2.16,False,False,False,False,True
287,3,55,80,5.0,12,dry,sedan,60,15,sedan,False,True,True,감속,일반구간,False,6.4,0,0.6,0,False,9.95,True,False,True,False,2026-05-03T22:31:14.870496,,-1.54,1.54,False,False,False,False,True
288,3,60,10,3.0,12,dry,sedan,0,0,,True,False,False,진행,일반구간,False,1.65,0,59.2,0,False,999.0,False,False,True,False,2026-05-03T22:31:16.542358,,52.64,52.64,False,False,True,False,True
289,3,60,10,3.0,12,dry,sedan,65,15,sedan,True,False,True,진행,일반구간,False,1.65,0,59.2,0,False,15,False,False,True,False,2026-05-03T22:31:17.582306,,70.45,70.45,False,False,True,False,True
290,3,60,10,4.0,12,dry,sedan,0,0,,True,False,False,진행,일반구간,False,1.65,0,59.2,0,False,999.0,False,False,True,False,2026-05-03T22:31:18.803888,,52.64,52.64,False,False,True,False,True
291,3,60,10,4.0,12,dry,sedan,65,15,sedan,True,False,True,진행,일반구간,False,1.65,0,59.2,0,False,15,False,False,True,False,2026-05-03T22:31:19.834654,,70.43,70.43,False,False,True,False,True
292,3,60,10,5.0,12,dry,sedan,0,0,,True,False,False,진행,일반구간,False,1.65,0,59.2,0,False,999.0,False,False,True,False,2026-05-03T22:31:21.063542,,52.64,52.64,False,False,True,False,True
293,3,60,10,5.0,12,dry,sedan,65,15,sedan,True,False,True,진행,일반구간,False,1.65,0,59.2,0,False,15,False,False,True,False,2026-05-03T22:31:22.095948,,70.45,70.45,False,False,True,False,True
294,3,60,20,3.0,12,dry,sedan,0,0,,True,False,False,진행,일반구간,False,2.25,0,59.2,0,False,999.0,False,False,True,False,2026-05-03T22:31:23.313923,,53.33,53.33,False,False,True,False,True
295,3,60,20,3.0,12,dry,sedan,65,15,sedan,True,False,True,진행,일반구간,False,2.25,0,59.2,0,False,15,False,False,True,False,2026-05-03T22:31:24.452324,,71.14,71.14,False,False,True,False,True
296,3,60,20,4.0,12,dry,sedan,0,0,,True,False,False,진행,일반구간,False,2.25,0,59.2,0,False,999.0,False,False,True,False,2026-05-03T22:31:25.775268,,53.33,53.33,False,False,True,False,True
297,3,60,20,4.0,12,dry,sedan,65,15,sedan,True,False,True,진행,일반구간,False,2.25,0,59.2,0,False,15,False,False,True,False,2026-05-03T22:31:26.913037,,71.14,71.14,False,False,True,False,True
298,3,60,20,5.0,12,dry,sedan,0,0,,True,False,False,진행,일반구간,False,2.25,0,59.2,0,False,999.0,False,False,True,False,2026-05-03T22:31:28.236058,,53.33,53.33,False,False,True,False,True
299,3,60,20,5.0,12,dry,sedan,65,15,sedan,True,False,True,진행,일반구간,False,2.25,0,59.2,0,False,15,False,False,True,False,2026-05-03T22:31:29.385371,,71.14,71.14,False,False,True,False,True
300,3,60,30,3.0,12,dry,sedan,0,0,,False,False,False,급정지,딜레마구간,False,3.75,0,0.0,0,False,999.0,True,False,True,False,2026-05-03T22:31:30.743807,,-1.93,1.93,False,False,False,True,True
301,3,60,30,3.0,12,dry,sedan,65,15,sedan,False,False,True,급정지,딜레마구간,False,1.55,0,0.0,0,False,15,True,False,True,False,2026-05-03T22:31:31.775966,,4.91,4.91,True,False,False,True,True
302,3,60,30,4.0,12,dry,sedan,0,0,,True,False,False,진행,일반구간,False,2.85,0,59.2,0,False,999.0,False,False,True,False,2026-05-03T22:31:32.638058,,53.2,53.2,False,False,True,False,True
303,3,60,30,4.0,12,dry,sedan,65,15,sedan,True,False,True,진행,일반구간,False,2.85,0,59.2,0,False,15,False,False,True,False,2026-05-03T22:31:33.875898,,71.01,71.01,False,False,True,False,True
304,3,60,30,5.0,12,dry,sedan,0,0,,True,False,False,진행,일반구간,False,2.85,0,59.2,0,False,999.0,False,False,True,False,2026-05-03T22:31:35.299230,,53.2,53.2,False,False,True,False,True
305,3,60,30,5.0,12,dry,sedan,65,15,sedan,True,False,True,진행,일반구간,False,2.85,0,59.2,0,False,15,False,False,True,False,2026-05-03T22:31:36.535947,,71.01,71.01,False,False,True,False,True
306,3,60,40,3.0,12,dry,sedan,0,0,,False,True,False,급정지,일반구간,False,5.05,0,0.6,0,False,999.0,True,False,True,False,2026-05-03T22:31:37.959575,,-2.1,2.1,False,False,False,False,True
307,3,60,40,3.0,12,dry,sedan,65,15,sedan,False,True,True,급정지,일반구간,False,2.35,0,0.5,0,False,7.53,True,False,True,False,2026-05-03T22:31:39.222545,,-1.88,1.88,False,False,False,False,True
308,3,60,40,4.0,12,dry,sedan,0,0,,True,True,False,진행,진행/정지선택구간,False,3.45,0,59.2,0,False,999.0,False,False,True,False,2026-05-03T22:31:40.218170,,53.07,53.07,False,False,True,False,True
309,3,60,40,4.0,12,dry,sedan,65,15,sedan,True,True,True,진행,진행/정지선택구간,False,3.45,0,59.2,0,False,15,False,False,True,False,2026-05-03T22:31:41.568399,,70.88,70.88,False,False,True,False,True
310,3,60,40,5.0,12,dry,sedan,0,0,,True,True,False,진행,진행/정지선택구간,False,3.45,0,59.2,0,False,999.0,False,False,True,False,2026-05-03T22:31:43.096458,,53.07,53.07,False,False,True,False,True
311,3,60,40,5.0,12,dry,sedan,65,15,sedan,True,True,True,진행,진행/정지선택구간,False,3.45,0,59.2,0,False,15,False,False,True,False,2026-05-03T22:31:44.433980,,70.88,70.88,False,False,True,False,True
312,3,60,50,3.0,12,dry,sedan,0,0,,False,True,False,급정지,일반구간,False,6.3,0,1.0,0,False,999.0,True,False,True,False,2026-05-03T22:31:45.969828,,-2.21,2.21,False,False,False,False,True
313,3,60,50,3.0,12,dry,sedan,65,15,sedan,False,True,True,급정지,일반구간,False,4.15,0,0.0,0,True,0.04,True,False,False,False,2026-05-03T22:31:47.446007,,-0.08,0.08,False,False,False,False,True
314,3,60,50,4.0,12,dry,sedan,0,0,,False,True,False,급정지,일반구간,False,6.3,0,1.0,0,False,999.0,True,False,True,False,2026-05-03T22:31:48.741787,,-2.21,2.21,False,False,False,False,True
315,3,60,50,4.0,12,dry,sedan,65,15,sedan,False,True,True,급정지,일반구간,False,4.15,0,0.0,0,True,0.04,True,False,False,False,2026-05-03T22:31:50.214685,,-0.08,0.08,False,False,False,False,True
316,3,60,50,5.0,12,dry,sedan,0,0,,True,True,False,진행,진행/정지선택구간,False,4.05,0,59.2,0,False,999.0,False,False,True,False,2026-05-03T22:31:51.521836,,52.94,52.94,False,False,True,False,True
317,3,60,50,5.0,12,dry,sedan,65,15,sedan,True,True,True,진행,진행/정지선택구간,False,4.1,0,59.2,0,False,15,False,False,True,False,2026-05-03T22:31:52.959421,,70.75,70.75,False,False,True,False,True
318,3,60,60,3.0,12,dry,sedan,0,0,,False,True,False,급정지,일반구간,False,6.85,0,1.0,0,False,999.0,True,False,True,False,2026-05-03T22:31:54.582276,,-2.23,2.23,False,False,False,False,True
319,3,60,60,3.0,12,dry,sedan,65,15,sedan,False,True,True,감속,일반구간,False,4.9,0,0.0,0,True,0.04,True,False,False,False,2026-05-03T22:31:56.163015,,-0.09,0.09,False,False,False,False,True
320,3,60,60,4.0,12,dry,sedan,0,0,,False,True,False,급정지,일반구간,False,6.85,0,1.0,0,False,999.0,True,False,True,False,2026-05-03T22:31:57.601269,,-2.23,2.23,False,False,False,False,True
321,3,60,60,4.0,12,dry,sedan,65,15,sedan,False,True,True,감속,일반구간,False,4.9,0,0.0,0,True,0.04,True,False,False,False,2026-05-03T22:31:59.168197,,-0.09,0.09,False,False,False,False,True
322,3,60,60,5.0,12,dry,sedan,0,0,,False,True,False,급정지,일반구간,False,6.85,0,1.0,0,False,999.0,True,False,True,False,2026-05-03T22:32:00.589520,,-2.23,2.23,False,False,False,False,True
323,3,60,60,5.0,12,dry,sedan,65,15,sedan,False,True,True,감속,일반구간,False,4.9,0,0.0,0,True,0.04,True,False,False,False,2026-05-03T22:32:02.155088,,-0.09,0.09,False,False,False,False,True
324,3,60,70,3.0,12,dry,sedan,0,0,,False,True,False,급정지,일반구간,False,7.6,0,0.0,0,False,999.0,True,False,True,False,2026-05-03T22:32:03.578005,,-2.07,2.07,False,False,False,False,True
325,3,60,70,3.0,12,dry,sedan,65,15,sedan,False,True,True,감속,일반구간,False,5.85,0,0.0,0,True,0.04,True,False,False,False,2026-05-03T22:32:05.266413,,-0.01,0.01,False,False,False,False,True
326,3,60,70,4.0,12,dry,sedan,0,0,,False,True,False,급정지,일반구간,False,7.6,0,0.0,0,False,999.0,True,False,True,False,2026-05-03T22:32:06.847131,,-2.07,2.07,False,False,False,False,True
327,3,60,70,4.0,12,dry,sedan,65,15,sedan,False,True,True,감속,일반구간,False,5.85,0,0.0,0,True,0.04,True,False,False,False,2026-05-03T22:32:08.536505,,-0.01,0.01,False,False,False,False,True
328,3,60,70,5.0,12,dry,sedan,0,0,,False,True,False,급정지,일반구간,False,7.6,0,0.0,0,False,999.0,True,False,True,False,2026-05-03T22:32:10.116486,,-2.07,2.07,False,False,False,False,True
329,3,60,70,5.0,12,dry,sedan,65,15,sedan,False,True,True,감속,일반구간,False,5.85,0,0.0,0,True,0.04,True,False,False,False,2026-05-03T22:32:11.804722,,-0.01,0.01,False,False,False,False,True
330,3,60,80,3.0,12,dry,sedan,0,0,,False,True,False,급정지,일반구간,False,8.4,0,0.6,0,False,999.0,True,False,True,False,2026-05-03T22:32:13.385103,,-2.15,2.15,False,False,False,False,True
331,3,60,80,3.0,12,dry,sedan,65,15,sedan,False,True,True,감속,일반구간,False,6.2,0,0.5,0,False,2.52,True,False,True,False,2026-05-03T22:32:15.209168,,-1.53,1.53,False,False,False,False,True
332,3,60,80,4.0,12,dry,sedan,0,0,,False,True,False,급정지,일반구간,False,8.4,0,0.6,0,False,999.0,True,False,True,False,2026-05-03T22:32:16.846250,,-2.15,2.15,False,False,False,False,True
333,3,60,80,4.0,12,dry,sedan,65,15,sedan,False,True,True,감속,일반구간,False,6.2,0,0.5,0,False,2.52,True,False,True,False,2026-05-03T22:32:18.668314,,-1.53,1.53,False,False,False,False,True
334,3,60,80,5.0,12,dry,sedan,0,0,,False,True,False,급정지,일반구간,False,8.4,0,0.6,0,False,999.0,True,False,True,False,2026-05-03T22:32:20.306078,,-2.15,2.15,False,False,False,False,True
335,3,60,80,5.0,12,dry,sedan,65,15,sedan,False,True,True,감속,일반구간,False,6.2,0,0.5,0,False,2.52,True,False,True,False,2026-05-03T22:32:22.128815,,-1.53,1.53,False,False,False,False,True
336,3,30,10,3.0,12,wet,sedan,0,0,,False,False,False,급정지,딜레마구간,False,1.75,0,0.6,0,False,999.0,True,False,True,False,2026-05-03T22:32:23.766231,,-2.6,2.6,False,False,False,True,True
337,3,30,10,3.0,12,wet,sedan,35,15,sedan,False,False,False,급정지,딜레마구간,False,1.55,0,0.0,0,False,9.78,True,False,True,False,2026-05-03T22:32:24.620160,,3.02,3.02,True,False,False,True,True
338,3,30,10,4.0,12,wet,sedan,0,0,,True,False,False,진행,일반구간,False,3.2,0,30.0,0,False,999.0,False,False,True,False,2026-05-03T22:32:25.669106,,34.77,34.77,False,False,True,False,True
339,3,30,10,4.0,12,wet,sedan,35,15,sedan,True,False,False,진행,일반구간,False,3.2,0,30.0,0,False,14.7,False,False,True,False,2026-05-03T22:32:27.236175,,43.64,43.64,False,False,True,False,True
340,3,30,10,5.0,12,wet,sedan,0,0,,True,False,False,진행,일반구간,False,3.2,0,30.0,0,False,999.0,False,False,True,False,2026-05-03T22:32:29.029777,,34.76,34.76,False,False,True,False,True
341,3,30,10,5.0,12,wet,sedan,35,15,sedan,True,False,False,진행,일반구간,False,3.2,0,30.0,0,False,14.7,False,False,True,False,2026-05-03T22:32:30.597940,,43.64,43.64,False,False,True,False,True
342,3,30,20,3.0,12,wet,sedan,0,0,,False,True,False,급정지,일반구간,False,4.85,0,0.0,0,False,999.0,True,False,True,False,2026-05-03T22:32:32.392253,,-2.16,2.16,False,False,False,False,True
343,3,30,20,3.0,12,wet,sedan,35,15,sedan,False,True,False,급정지,일반구간,False,2.6,0,0.0,0,False,5.46,True,False,True,False,2026-05-03T22:32:33.889342,,-2.35,2.35,False,False,False,False,True
344,3,30,20,4.0,12,wet,sedan,0,0,,False,True,False,급정지,일반구간,False,4.85,0,0.0,0,False,999.0,True,False,True,False,2026-05-03T22:32:35.152574,,-2.16,2.16,False,False,False,False,True
345,3,30,20,4.0,12,wet,sedan,35,15,sedan,False,True,False,급정지,일반구간,False,2.6,0,0.0,0,False,5.46,True,False,True,False,2026-05-03T22:32:36.649167,,-2.35,2.35,False,False,False,False,True
346,3,30,20,5.0,12,wet,sedan,0,0,,True,True,False,진행,진행/정지선택구간,False,4.4,0,30.0,0,False,999.0,False,False,True,False,2026-05-03T22:32:37.912160,,34.76,34.76,False,False,True,False,True
347,3,30,20,5.0,12,wet,sedan,35,15,sedan,True,True,False,진행,진행/정지선택구간,False,4.4,0,30.0,0,False,13.01,False,False,True,False,2026-05-03T22:32:39.722133,,43.64,43.64,False,False,True,False,True
348,3,30,30,3.0,12,wet,sedan,0,0,,False,True,False,급정지,일반구간,False,5.7,0,0.9,0,False,999.0,True,False,True,False,2026-05-03T22:32:41.762239,,-2.56,2.56,False,False,False,False,True
349,3,30,30,3.0,12,wet,sedan,35,15,sedan,False,True,False,급정지,일반구간,False,4.75,0,0.5,0,True,1.16,True,False,False,False,2026-05-03T22:32:43.429270,,-2.23,2.23,False,False,False,False,True
350,3,30,30,4.0,12,wet,sedan,0,0,,False,True,False,급정지,일반구간,False,5.7,0,0.9,0,False,999.0,True,False,True,False,2026-05-03T22:32:45.152197,,-2.56,2.56,False,False,False,False,True
351,3,30,30,4.0,12,wet,sedan,35,15,sedan,False,True,False,급정지,일반구간,False,4.75,0,0.5,0,True,1.16,True,False,False,False,2026-05-03T22:32:46.794179,,-2.23,2.23,False,False,False,False,True
352,3,30,30,5.0,12,wet,sedan,0,0,,False,True,False,급정지,일반구간,False,5.7,0,0.9,0,False,999.0,True,False,True,False,2026-05-03T22:32:48.492294,,-2.56,2.56,False,False,False,False,True
353,3,30,30,5.0,12,wet,sedan,35,15,sedan,False,True,False,급정지,일반구간,False,4.75,0,0.5,0,True,1.16,True,False,False,False,2026-05-03T22:32:50.157986,,-2.23,2.23,False,False,False,False,True
354,3,30,40,3.0,12,wet,sedan,0,0,,False,True,False,급정지,일반구간,False,7.55,0,0.0,0,False,999.0,True,False,True,False,2026-05-03T22:32:51.857194,,-2.38,2.38,False,False,False,False,True
355,3,30,40,3.0,12,wet,sedan,35,15,sedan,False,True,False,급정지,일반구간,False,6.25,0,0.4,0,False,7.5,True,False,True,False,2026-05-03T22:32:53.591233,,-2.24,2.24,False,False,False,False,True
356,3,30,40,4.0,12,wet,sedan,0,0,,False,True,False,급정지,일반구간,False,7.15,0,0.0,0,False,999.0,True,False,True,False,2026-05-03T22:32:55.523629,,-2.38,2.38,False,False,False,False,True
357,3,30,40,4.0,12,wet,sedan,35,15,sedan,False,True,False,급정지,일반구간,False,6.25,0,0.0,0,False,7.48,True,False,True,False,2026-05-03T22:32:57.482890,,-2.27,2.27,False,False,False,False,True
358,3,30,40,5.0,12,wet,sedan,0,0,,False,True,False,급정지,일반구간,False,7.15,0,0.0,0,False,999.0,True,False,True,False,2026-05-03T22:32:59.481819,,-2.38,2.38,False,False,False,False,True
359,3,30,40,5.0,12,wet,sedan,35,15,sedan,False,True,False,급정지,일반구간,False,6.25,0,0.4,0,False,7.5,True,False,True,False,2026-05-03T22:33:01.442014,,-2.24,2.24,False,False,False,False,True
360,3,30,50,3.0,12,wet,sedan,0,0,,False,True,False,급정지,일반구간,False,8.65,0,0.8,0,False,999.0,True,False,True,False,2026-05-03T22:33:03.441225,,-2.36,2.36,False,False,False,False,True
361,3,30,50,3.0,12,wet,sedan,35,15,sedan,False,True,False,급정지,일반구간,False,7.4,0,0.0,0,False,13.96,True,False,True,False,2026-05-03T22:33:05.359130,,-2.29,2.29,False,False,False,False,True
362,3,30,50,4.0,12,wet,sedan,0,0,,False,True,False,급정지,일반구간,False,8.8,0,0.9,0,False,999.0,True,False,True,False,2026-05-03T22:33:07.521409,,-2.24,2.24,False,False,False,False,True
363,3,30,50,4.0,12,wet,sedan,35,15,sedan,False,True,False,급정지,일반구간,False,7.4,0,0.0,0,False,13.96,True,False,True,False,2026-05-03T22:33:09.812368,,-2.29,2.29,False,False,False,False,True
364,3,30,50,5.0,12,wet,sedan,0,0,,False,True,False,급정지,일반구간,False,8.8,0,0.9,0,False,999.0,True,False,True,False,2026-05-03T22:33:11.750282,,-2.24,2.24,False,False,False,False,True
365,3,30,50,5.0,12,wet,sedan,35,15,sedan,False,True,False,급정지,일반구간,False,7.4,0,0.0,0,False,13.96,True,False,True,False,2026-05-03T22:33:14.011435,,-2.29,2.29,False,False,False,False,True
366,3,30,60,3.0,12,wet,sedan,0,0,,False,True,False,급정지,일반구간,False,10.05,0,0.0,0,False,999.0,True,False,True,False,2026-05-03T22:33:15.949097,,-2.24,2.24,False,False,False,False,True
367,3,30,60,3.0,12,wet,sedan,35,15,sedan,False,True,False,급정지,일반구간,False,8.8,0,0.7,0,False,15,True,False,True,False,2026-05-03T22:33:18.053937,,-2.44,2.44,False,False,False,False,True
368,3,30,60,4.0,12,wet,sedan,0,0,,False,True,False,급정지,일반구간,False,10.15,0,0.0,0,False,999.0,True,False,True,False,2026-05-03T22:33:20.495762,,-2.17,2.17,False,False,False,False,True
369,3,30,60,4.0,12,wet,sedan,35,15,sedan,False,True,False,급정지,일반구간,False,8.8,0,0.7,0,False,15,True,False,True,False,2026-05-03T22:33:22.664006,,-2.44,2.44,False,False,False,False,True
370,3,30,60,5.0,12,wet,sedan,0,0,,False,True,False,급정지,일반구간,False,10.05,0,0.0,0,False,999.0,True,False,True,False,2026-05-03T22:33:25.105983,,-2.24,2.24,False,False,False,False,True
371,3,30,60,5.0,12,wet,sedan,35,15,sedan,False,True,False,급정지,일반구간,False,8.8,0,0.7,0,False,15,True,False,True,False,2026-05-03T22:33:27.648063,,-2.44,2.44,False,False,False,False,True
372,3,30,70,3.0,12,wet,sedan,0,0,,False,True,False,급정지,일반구간,False,11.3,0,0.0,0,False,999.0,True,False,True,False,2026-05-03T22:33:30.160328,,-2.25,2.25,False,False,False,False,True
373,3,30,70,3.0,12,wet,sedan,35,15,sedan,False,True,False,급정지,일반구간,False,10.3,0,0.7,0,False,15,True,False,True,False,2026-05-03T22:33:32.518193,,-2.39,2.39,False,False,False,False,True
374,3,30,70,4.0,12,wet,sedan,0,0,,False,True,False,급정지,일반구간,False,11.3,0,0.0,0,False,999.0,True,False,True,False,2026-05-03T22:33:35.261408,,-2.25,2.25,False,False,False,False,True
375,3,30,70,4.0,12,wet,sedan,35,15,sedan,False,True,False,급정지,일반구간,False,10.3,0,0.7,0,False,15,True,False,True,False,2026-05-03T22:33:38.056704,,-2.39,2.39,False,False,False,False,True
376,3,30,70,5.0,12,wet,sedan,0,0,,False,True,False,급정지,일반구간,False,11.3,0,0.0,0,False,999.0,True,False,True,False,2026-05-03T22:33:40.963804,,-2.25,2.25,False,False,False,False,True
377,3,30,70,5.0,12,wet,sedan,35,15,sedan,False,True,False,급정지,일반구간,False,10.3,0,0.7,0,False,15,True,False,True,False,2026-05-03T22:33:43.875147,,-2.39,2.39,False,False,False,False,True
378,3,30,80,3.0,12,wet,sedan,0,0,,False,True,False,급정지,일반구간,False,12.7,0,0.8,0,False,999.0,True,False,True,False,2026-05-03T22:33:46.760373,,-2.33,2.33,False,False,False,False,True
379,3,30,80,3.0,12,wet,sedan,35,15,sedan,False,True,False,급정지,일반구간,False,11.75,0,0.0,0,False,15,True,False,True,False,2026-05-03T22:33:49.856173,,-2.23,2.23,False,False,False,False,True
380,3,30,80,4.0,12,wet,sedan,0,0,,False,True,False,급정지,일반구간,False,12.75,0,0.8,0,False,999.0,True,False,True,False,2026-05-03T22:33:53.025876,,-2.33,2.33,False,False,False,False,True
381,3,30,80,4.0,12,wet,sedan,35,15,sedan,False,True,False,급정지,일반구간,False,11.6,0,0.6,0,False,15,True,False,True,False,2026-05-03T22:33:56.203045,,-2.4,2.4,False,False,False,False,True
382,3,30,80,5.0,12,wet,sedan,0,0,,False,True,False,급정지,일반구간,False,12.7,0,0.8,0,False,999.0,True,False,True,False,2026-05-03T22:33:59.360270,,-2.33,2.33,False,False,False,False,True
383,3,30,80,5.0,12,wet,sedan,35,15,sedan,False,True,False,급정지,일반구간,False,11.6,0,0.6,0,False,15,True,False,True,False,2026-05-03T22:34:02.523936,,-2.4,2.4,False,False,False,False,True
384,3,35,10,3.0,12,wet,sedan,0,0,,False,False,False,급정지,딜레마구간,False,1.55,0,0.8,0,False,999.0,True,False,True,False,2026-05-03T22:34:05.712002,,-2.26,2.26,False,False,False,True,True
385,3,35,10,3.0,12,wet,sedan,40,15,sedan,False,False,True,급정지,딜레마구간,False,1.55,0,0.0,0,False,10.26,False,False,False,False,2026-05-03T22:34:06.455694,,5.88,5.88,True,False,False,True,False
386,3,35,10,4.0,12,wet,sedan,0,0,,True,False,False,진행,일반구간,False,2.75,0,34.9,0,False,999.0,False,False,True,False,2026-05-03T22:34:07.458757,,37.64,37.64,False,False,True,False,True
387,3,35,10,4.0,12,wet,sedan,40,15,sedan,True,False,True,진행,일반구간,False,2.75,0,34.8,0,False,15,False,False,True,False,2026-05-03T22:34:08.978352,,48.5,48.5,False,False,True,False,True
388,3,35,10,5.0,12,wet,sedan,0,0,,True,False,False,진행,일반구간,False,2.75,0,34.9,0,False,999.0,False,False,True,False,2026-05-03T22:34:10.738327,,37.64,37.64,False,False,True,False,True
389,3,35,10,5.0,12,wet,sedan,40,15,sedan,True,False,True,진행,일반구간,False,2.75,0,34.8,0,False,15,False,False,True,False,2026-05-03T22:34:12.254502,,48.5,48.5,False,False,True,False,True
390,3,35,20,3.0,12,wet,sedan,0,0,,False,False,False,급정지,딜레마구간,False,4.4,0,0.0,0,False,999.0,True,False,True,False,2026-05-03T22:34:14.012079,,-2.26,2.26,False,False,False,True,True
391,3,35,20,3.0,12,wet,sedan,40,15,sedan,False,False,True,급정지,딜레마구간,False,1.55,0,0.0,0,False,12.32,True,False,True,False,2026-05-03T22:34:15.450764,,-2.05,2.05,False,False,False,True,True
392,3,35,20,4.0,12,wet,sedan,0,0,,False,False,False,급정지,딜레마구간,False,4.4,0,0.0,0,False,999.0,True,False,True,False,2026-05-03T22:34:16.533752,,-2.26,2.26,False,False,False,True,True
393,3,35,20,4.0,12,wet,sedan,40,15,sedan,False,False,True,급정지,딜레마구간,False,1.55,0,0.0,0,False,12.32,True,False,True,False,2026-05-03T22:34:18.009482,,-2.05,2.05,False,False,False,True,True
394,3,35,20,5.0,12,wet,sedan,0,0,,True,False,False,진행,일반구간,False,3.8,0,34.8,0,False,999.0,False,False,True,False,2026-05-03T22:34:18.988075,,37.81,37.81,False,False,True,False,True
395,3,35,20,5.0,12,wet,sedan,40,15,sedan,True,False,True,진행,일반구간,False,3.8,0,34.8,0,False,15,False,False,True,False,2026-05-03T22:34:20.690018,,48.18,48.18,False,False,True,False,True
396,3,35,30,3.0,12,wet,sedan,0,0,,False,True,False,급정지,일반구간,False,5.8,0,0.0,0,False,999.0,True,False,True,False,2026-05-03T22:34:22.655766,,-2.31,2.31,False,False,False,False,True
397,3,35,30,3.0,12,wet,sedan,40,15,sedan,False,True,True,급정지,일반구간,False,4.3,0,0.0,0,True,0.04,True,False,False,False,2026-05-03T22:34:24.383942,,-1.79,1.79,False,False,False,False,True
398,3,35,30,4.0,12,wet,sedan,0,0,,False,True,False,급정지,일반구간,False,6.25,0,0.0,0,False,999.0,True,False,True,False,2026-05-03T22:34:26.045845,,-2.16,2.16,False,False,False,False,True
399,3,35,30,4.0,12,wet,sedan,40,15,sedan,False,True,True,급정지,일반구간,False,4.3,0,0.0,0,True,0.04,True,False,False,False,2026-05-03T22:34:27.593830,,-1.79,1.79,False,False,False,False,True
400,3,35,30,5.0,12,wet,sedan,0,0,,False,True,False,급정지,일반구간,False,6.25,0,0.0,0,False,999.0,True,False,True,False,2026-05-03T22:34:29.204427,,-2.16,2.16,False,False,False,False,True
401,3,35,30,5.0,12,wet,sedan,40,15,sedan,False,True,True,급정지,일반구간,False,4.3,0,0.0,0,True,0.04,True,False,False,False,2026-05-03T22:34:31.005873,,-1.79,1.79,False,False,False,False,True
402,3,35,40,3.0,12,wet,sedan,0,0,,False,True,False,급정지,일반구간,False,6.9,0,0.5,0,False,999.0,True,False,True,False,2026-05-03T22:34:32.654009,,-2.47,2.47,False,False,False,False,True
403,3,35,40,3.0,12,wet,sedan,40,15,sedan,False,True,True,감속,일반구간,False,5.35,0,0.6,0,True,0.84,True,False,False,False,2026-05-03T22:34:34.620073,,-2.13,2.13,False,False,False,False,True
404,3,35,40,4.0,12,wet,sedan,0,0,,False,True,False,급정지,일반구간,False,6.9,0,0.5,0,False,999.0,True,False,True,False,2026-05-03T22:34:36.490087,,-2.47,2.47,False,False,False,False,True
405,3,35,40,4.0,12,wet,sedan,40,15,sedan,False,True,True,감속,일반구간,False,5.35,0,0.6,0,True,0.84,True,False,False,False,2026-05-03T22:34:38.453880,,-2.13,2.13,False,False,False,False,True
406,3,35,40,5.0,12,wet,sedan,0,0,,False,True,False,급정지,일반구간,False,6.9,0,0.5,0,False,999.0,True,False,True,False,2026-05-03T22:34:40.319181,,-2.47,2.47,False,False,False,False,True
407,3,35,40,5.0,12,wet,sedan,40,15,sedan,False,True,True,감속,일반구간,False,5.35,0,0.6,0,True,0.84,True,False,False,False,2026-05-03T22:34:42.280018,,-2.13,2.13,False,False,False,False,True
408,3,35,50,3.0,12,wet,sedan,0,0,,False,True,False,급정지,일반구간,False,8.2,0,0.8,0,False,999.0,True,False,True,False,2026-05-03T22:34:44.148459,,-2.34,2.34,False,False,False,False,True
409,3,35,50,3.0,12,wet,sedan,40,15,sedan,False,True,True,감속,일반구간,False,6.25,0,0.0,0,False,5.85,True,False,True,False,2026-05-03T22:34:46.369649,,-2.08,2.08,False,False,False,False,True
410,3,35,50,4.0,12,wet,sedan,0,0,,False,True,False,급정지,일반구간,False,8.3,0,0.6,0,False,999.0,True,False,True,False,2026-05-03T22:34:48.458215,,-2.47,2.47,False,False,False,False,True
411,3,35,50,4.0,12,wet,sedan,40,15,sedan,False,True,True,감속,일반구간,False,6.25,0,0.0,0,False,5.85,True,False,True,False,2026-05-03T22:34:50.715955,,-2.08,2.08,False,False,False,False,True
412,3,35,50,5.0,12,wet,sedan,0,0,,False,True,False,급정지,일반구간,False,8.2,0,0.8,0,False,999.0,True,False,True,False,2026-05-03T22:34:52.773708,,-2.34,2.34,False,False,False,False,True
413,3,35,50,5.0,12,wet,sedan,40,15,sedan,False,True,True,감속,일반구간,False,6.25,0,0.0,0,False,5.85,True,False,True,False,2026-05-03T22:34:55.022809,,-2.08,2.08,False,False,False,False,True
414,3,35,60,3.0,12,wet,sedan,0,0,,False,True,False,급정지,일반구간,False,9.15,0,1.0,0,False,999.0,True,False,True,False,2026-05-03T22:34:57.078929,,-2.51,2.51,False,False,False,False,True
415,3,35,60,3.0,12,wet,sedan,40,15,sedan,False,True,True,감속,일반구간,False,7.35,0,0.6,0,False,10.85,True,False,True,False,2026-05-03T22:34:59.507420,,-2.13,2.13,False,False,False,False,True
416,3,35,60,4.0,12,wet,sedan,0,0,,False,True,False,급정지,일반구간,False,9.15,0,1.0,0,False,999.0,True,False,True,False,2026-05-03T22:35:01.502617,,-2.51,2.51,False,False,False,False,True
417,3,35,60,4.0,12,wet,sedan,40,15,sedan,False,True,True,감속,일반구간,False,7.35,0,0.6,0,False,10.85,True,False,True,False,2026-05-03T22:35:03.940413,,-2.13,2.13,False,False,False,False,True
418,3,35,60,5.0,12,wet,sedan,0,0,,False,True,False,급정지,일반구간,False,9.15,0,1.0,0,False,999.0,True,False,True,False,2026-05-03T22:35:05.930684,,-2.51,2.51,False,False,False,False,True
419,3,35,60,5.0,12,wet,sedan,40,15,sedan,False,True,True,감속,일반구간,False,7.35,0,0.6,0,False,10.85,True,False,True,False,2026-05-03T22:35:08.323902,,-2.13,2.13,False,False,False,False,True
420,3,35,70,3.0,12,wet,sedan,0,0,,False,True,False,급정지,일반구간,False,10.5,0,0.8,0,False,999.0,True,False,True,False,2026-05-03T22:35:10.613107,,-2.33,2.33,False,False,False,False,True
421,3,35,70,3.0,12,wet,sedan,40,15,sedan,False,True,True,감속,일반구간,False,8.6,0,1.0,0,False,15,True,False,True,False,2026-05-03T22:35:13.323707,,-2.24,2.24,False,False,False,False,True
422,3,35,70,4.0,12,wet,sedan,0,0,,False,True,False,급정지,일반구간,False,10.5,0,0.8,0,False,999.0,True,False,True,False,2026-05-03T22:35:15.523704,,-2.33,2.33,False,False,False,False,True
423,3,35,70,4.0,12,wet,sedan,40,15,sedan,False,True,True,감속,일반구간,False,8.65,0,0.9,0,False,15,True,False,True,False,2026-05-03T22:35:18.207514,,-2.15,2.15,False,False,False,False,True
424,3,35,70,5.0,12,wet,sedan,0,0,,False,True,False,급정지,일반구간,False,10.5,0,0.8,0,False,999.0,True,False,True,False,2026-05-03T22:35:20.762436,,-2.33,2.33,False,False,False,False,True
425,3,35,70,5.0,12,wet,sedan,40,15,sedan,False,True,True,감속,일반구간,False,8.65,0,0.9,0,False,15,True,False,True,False,2026-05-03T22:35:23.554006,,-2.15,2.15,False,False,False,False,True
426,3,35,80,3.0,12,wet,sedan,0,0,,False,True,False,급정지,일반구간,False,11.55,0,0.0,0,False,999.0,True,False,True,False,2026-05-03T22:35:26.195604,,-2.37,2.37,False,False,False,False,True
427,3,35,80,3.0,12,wet,sedan,40,15,sedan,False,True,True,감속,일반구간,False,9.7,0,0.6,0,False,15,True,False,True,False,2026-05-03T22:35:29.477212,,-2.17,2.17,False,False,False,False,True
428,3,35,80,4.0,12,wet,sedan,0,0,,False,True,False,급정지,일반구간,False,11.55,0,0.0,0,False,999.0,True,False,True,False,2026-05-03T22:35:32.048241,,-2.37,2.37,False,False,False,False,True
429,3,35,80,4.0,12,wet,sedan,40,15,sedan,False,True,True,감속,일반구간,False,9.7,0,0.6,0,False,15,True,False,True,False,2026-05-03T22:35:35.265266,,-2.17,2.17,False,False,False,False,True
430,3,35,80,5.0,12,wet,sedan,0,0,,False,True,False,급정지,일반구간,False,11.75,0,0.5,0,False,999.0,True,False,True,False,2026-05-03T22:35:38.387182,,-2.37,2.37,False,False,False,False,True
431,3,35,80,5.0,12,wet,sedan,40,15,sedan,False,True,True,감속,일반구간,False,9.7,0,0.6,0,False,15,True,False,True,False,2026-05-03T22:35:41.711307,,-2.17,2.17,False,False,False,False,True
432,3,40,10,3.0,12,wet,sedan,0,0,,True,False,False,진행,일반구간,False,2.45,0,39.7,0,False,999.0,False,False,True,False,2026-05-03T22:35:44.802421,,40.94,40.94,False,False,True,False,True
433,3,40,10,3.0,12,wet,sedan,45,15,sedan,True,False,True,진행,일반구간,False,2.45,0,39.7,0,False,15,False,False,True,False,2026-05-03T22:35:46.426432,,52.81,52.81,False,False,True,False,True
434,3,40,10,4.0,12,wet,sedan,0,0,,True,False,False,진행,일반구간,False,2.45,0,39.7,0,False,999.0,False,False,True,False,2026-05-03T22:35:48.305132,,40.94,40.94,False,False,True,False,True
435,3,40,10,4.0,12,wet,sedan,45,15,sedan,True,False,True,진행,일반구간,False,2.45,0,39.7,0,False,15,False,False,True,False,2026-05-03T22:35:49.929424,,52.81,52.81,False,False,True,False,True
436,3,40,10,5.0,12,wet,sedan,0,0,,True,False,False,진행,일반구간,False,2.45,0,39.7,0,False,999.0,False,False,True,False,2026-05-03T22:35:51.810746,,40.94,40.94,False,False,True,False,True
437,3,40,10,5.0,12,wet,sedan,45,15,sedan,True,False,True,진행,일반구간,False,2.45,0,39.7,0,False,15,False,False,True,False,2026-05-03T22:35:53.449121,,52.81,52.81,False,False,True,False,True
438,3,40,20,3.0,12,wet,sedan,0,0,,False,False,False,급정지,딜레마구간,False,4.15,0,0.0,0,False,999.0,True,False,True,False,2026-05-03T22:35:55.339798,,-2.24,2.24,False,False,False,True,True
439,3,40,20,3.0,12,wet,sedan,45,15,sedan,False,False,True,급정지,딜레마구간,False,1.55,0,0.0,0,False,13.01,True,False,True,False,2026-05-03T22:35:56.927529,,1.06,1.06,False,False,False,True,True
440,3,40,20,4.0,12,wet,sedan,0,0,,True,False,False,진행,일반구간,False,3.35,0,39.7,0,False,999.0,False,False,True,False,2026-05-03T22:35:58.142344,,40.87,40.87,False,False,True,False,True
441,3,40,20,4.0,12,wet,sedan,45,15,sedan,True,False,True,진행,일반구간,False,3.35,0,39.7,0,False,15,False,False,True,False,2026-05-03T22:35:59.982456,,52.74,52.74,False,False,True,False,True
442,3,40,20,5.0,12,wet,sedan,0,0,,True,False,False,진행,일반구간,False,3.35,0,39.7,0,False,999.0,False,False,True,False,2026-05-03T22:36:02.076430,,40.87,40.87,False,False,True,False,True
443,3,40,20,5.0,12,wet,sedan,45,15,sedan,True,False,True,진행,일반구간,False,3.35,0,39.7,0,False,15,False,False,True,False,2026-05-03T22:36:03.586148,,52.74,52.74,False,False,True,False,True
444,3,40,30,3.0,12,wet,sedan,0,0,,False,True,False,급정지,일반구간,False,6.0,0,0.0,0,False,999.0,True,False,True,False,2026-05-03T22:36:05.627917,,-2.18,2.18,False,False,False,False,True
445,3,40,30,3.0,12,wet,sedan,45,15,sedan,False,True,True,급정지,일반구간,False,3.8,0,0.0,0,True,0.0,True,False,False,False,2026-05-03T22:36:07.642547,,-1.25,1.25,False,False,False,False,True
446,3,40,30,4.0,12,wet,sedan,0,0,,False,True,False,급정지,일반구간,False,6.0,0,0.0,0,False,999.0,True,False,True,False,2026-05-03T22:36:09.379286,,-2.18,2.18,False,False,False,False,True
447,3,40,30,4.0,12,wet,sedan,45,15,sedan,False,True,True,급정지,일반구간,False,3.8,0,0.0,0,True,0.0,True,False,False,False,2026-05-03T22:36:11.033971,,-1.25,1.25,False,False,False,False,True
448,3,40,30,5.0,12,wet,sedan,0,0,,True,True,False,진행,진행/정지선택구간,False,4.25,0,39.7,0,False,999.0,False,False,True,False,2026-05-03T22:36:12.659776,,40.8,40.8,False,False,True,False,True
449,3,40,30,5.0,12,wet,sedan,45,15,sedan,True,True,True,진행,진행/정지선택구간,False,4.25,0,39.7,0,False,15,False,False,True,False,2026-05-03T22:36:14.707142,,52.67,52.67,False,False,True,False,True
450,3,40,40,3.0,12,wet,sedan,0,0,,False,True,False,급정지,일반구간,False,7.3,0,0.7,0,False,999.0,True,False,True,False,2026-05-03T22:36:17.084668,,-2.23,2.23,False,False,False,False,True
451,3,40,40,3.0,12,wet,sedan,45,15,sedan,False,True,True,급정지,일반구간,False,4.65,0,0.9,0,True,0.03,True,False,False,False,2026-05-03T22:36:19.346016,,-2.74,2.74,False,False,False,False,True
452,3,40,40,4.0,12,wet,sedan,0,0,,False,True,False,급정지,일반구간,False,7.1,0,0.8,0,False,999.0,True,False,True,False,2026-05-03T22:36:21.277009,,-2.3,2.3,False,False,False,False,True
453,3,40,40,4.0,12,wet,sedan,45,15,sedan,False,True,True,급정지,일반구간,False,4.65,0,0.9,0,True,0.03,True,False,False,False,2026-05-03T22:36:23.544112,,-2.74,2.74,False,False,False,False,True
454,3,40,40,5.0,12,wet,sedan,0,0,,False,True,False,급정지,일반구간,False,7.3,0,0.7,0,False,999.0,True,False,True,False,2026-05-03T22:36:25.477118,,-2.23,2.23,False,False,False,False,True
455,3,40,40,5.0,12,wet,sedan,45,15,sedan,False,True,True,급정지,일반구간,False,4.65,0,0.9,0,True,0.03,True,False,False,False,2026-05-03T22:36:27.784002,,-2.74,2.74,False,False,False,False,True
456,3,40,50,3.0,12,wet,sedan,0,0,,False,True,False,급정지,일반구간,False,8.0,0,0.6,0,False,999.0,True,False,True,False,2026-05-03T22:36:29.717063,,-2.31,2.31,False,False,False,False,True
457,3,40,50,3.0,12,wet,sedan,45,15,sedan,False,True,True,감속,일반구간,False,6.4,0,0.0,0,True,0.05,True,False,False,False,2026-05-03T22:36:32.189750,,-0.41,0.41,False,False,False,False,True
458,3,40,50,4.0,12,wet,sedan,0,0,,False,True,False,급정지,일반구간,False,8.0,0,0.6,0,False,999.0,True,False,True,False,2026-05-03T22:36:34.531533,,-2.31,2.31,False,False,False,False,True
459,3,40,50,4.0,12,wet,sedan,45,15,sedan,False,True,True,감속,일반구간,False,6.4,0,0.0,0,True,0.05,True,False,False,False,2026-05-03T22:36:37.009105,,-0.41,0.41,False,False,False,False,True
460,3,40,50,5.0,12,wet,sedan,0,0,,False,True,False,급정지,일반구간,False,8.0,0,0.6,0,False,999.0,True,False,True,False,2026-05-03T22:36:39.351456,,-2.31,2.31,False,False,False,False,True
461,3,40,50,5.0,12,wet,sedan,45,15,sedan,False,True,True,감속,일반구간,False,6.4,0,0.0,0,True,0.05,True,False,False,False,2026-05-03T22:36:41.819859,,-0.41,0.41,False,False,False,False,True
462,3,40,60,3.0,12,wet,sedan,0,0,,False,True,False,급정지,일반구간,False,9.2,0,0.5,0,False,999.0,True,False,True,False,2026-05-03T22:36:44.158329,,-2.38,2.38,False,False,False,False,True
463,3,40,60,3.0,12,wet,sedan,45,15,sedan,False,True,True,감속,일반구간,False,6.95,0,0.5,0,False,2.68,True,False,True,False,2026-05-03T22:36:46.890184,,-2.16,2.16,False,False,False,False,True
464,3,40,60,4.0,12,wet,sedan,0,0,,False,True,False,급정지,일반구간,False,9.2,0,0.5,0,False,999.0,True,False,True,False,2026-05-03T22:36:49.359525,,-2.38,2.38,False,False,False,False,True
465,3,40,60,4.0,12,wet,sedan,45,15,sedan,False,True,True,감속,일반구간,False,6.95,0,0.5,0,False,2.68,True,False,True,False,2026-05-03T22:36:52.091529,,-2.16,2.16,False,False,False,False,True
466,3,40,60,5.0,12,wet,sedan,0,0,,False,True,False,급정지,일반구간,False,9.2,0,0.5,0,False,999.0,True,False,True,False,2026-05-03T22:36:54.548881,,-2.38,2.38,False,False,False,False,True
467,3,40,60,5.0,12,wet,sedan,45,15,sedan,False,True,True,감속,일반구간,False,6.95,0,0.5,0,False,2.68,True,False,True,False,2026-05-03T22:36:56.763768,,-2.16,2.16,False,False,False,False,True
468,3,40,70,3.0,12,wet,sedan,0,0,,False,True,False,급정지,일반구간,False,10.2,0,0.7,0,False,999.0,True,False,True,False,2026-05-03T22:36:59.110427,,-2.31,2.31,False,False,False,False,True
469,3,40,70,3.0,12,wet,sedan,45,15,sedan,False,True,True,감속,일반구간,False,7.85,0,0.8,0,False,8.01,True,False,True,False,2026-05-03T22:37:02.070746,,-2.2,2.2,False,False,False,False,True
470,3,40,70,4.0,12,wet,sedan,0,0,,False,True,False,급정지,일반구간,False,10.2,0,0.7,0,False,999.0,True,False,True,False,2026-05-03T22:37:04.293087,,-2.31,2.31,False,False,False,False,True
471,3,40,70,4.0,12,wet,sedan,45,15,sedan,False,True,True,감속,일반구간,False,7.85,0,0.8,0,False,8.01,True,False,True,False,2026-05-03T22:37:07.196221,,-2.2,2.2,False,False,False,False,True
472,3,40,70,5.0,12,wet,sedan,0,0,,False,True,False,급정지,일반구간,False,10.2,0,0.7,0,False,999.0,True,False,True,False,2026-05-03T22:37:09.866791,,-2.31,2.31,False,False,False,False,True
473,3,40,70,5.0,12,wet,sedan,45,15,sedan,False,True,True,감속,일반구간,False,7.85,0,0.8,0,False,8.01,True,False,True,False,2026-05-03T22:37:12.828221,,-2.2,2.2,False,False,False,False,True
474,3,40,80,3.0,12,wet,sedan,0,0,,False,True,False,급정지,일반구간,False,10.9,0,0.7,0,False,999.0,True,False,True,False,2026-05-03T22:37:15.498318,,-2.47,2.47,False,False,False,False,True
475,3,40,80,3.0,12,wet,sedan,45,15,sedan,False,True,True,감속,일반구간,False,8.85,0,0.7,0,False,13.85,True,False,True,False,2026-05-03T22:37:18.621551,,-2.24,2.24,False,False,False,False,True
476,3,40,80,4.0,12,wet,sedan,0,0,,False,True,False,급정지,일반구간,False,10.9,0,0.7,0,False,999.0,True,False,True,False,2026-05-03T22:37:21.525031,,-2.47,2.47,False,False,False,False,True
477,3,40,80,4.0,12,wet,sedan,45,15,sedan,False,True,True,감속,일반구간,False,8.85,0,0.7,0,False,13.85,True,False,True,False,2026-05-03T22:37:24.652225,,-2.24,2.24,False,False,False,False,True
478,3,40,80,5.0,12,wet,sedan,0,0,,False,True,False,급정지,일반구간,False,10.9,0,0.7,0,False,999.0,True,False,True,False,2026-05-03T22:37:27.552990,,-2.47,2.47,False,False,False,False,True
479,3,40,80,5.0,12,wet,sedan,45,15,sedan,False,True,True,감속,일반구간,False,8.95,0,0.6,0,False,13.6,True,False,True,False,2026-05-03T22:37:30.674136,,-2.14,2.14,False,False,False,False,True
480,3,45,10,3.0,12,wet,sedan,0,0,,True,False,False,진행,일반구간,False,2.15,0,44.6,0,False,999.0,False,False,True,False,2026-05-03T22:37:33.595986,,44.05,44.05,False,False,True,False,True
481,3,45,10,3.0,12,wet,sedan,50,15,sedan,True,False,True,진행,일반구간,False,2.15,0,44.6,0,False,15,False,False,True,False,2026-05-03T22:37:35.160428,,57.4,57.4,False,False,True,False,True
482,3,45,10,4.0,12,wet,sedan,0,0,,True,False,False,진행,일반구간,False,2.15,0,44.6,0,False,999.0,False,False,True,False,2026-05-03T22:37:36.991570,,44.05,44.05,False,False,True,False,True
483,3,45,10,4.0,12,wet,sedan,50,15,sedan,True,False,True,진행,일반구간,False,2.15,0,44.6,0,False,15,False,False,True,False,2026-05-03T22:37:38.560175,,57.4,57.4,False,False,True,False,True
484,3,45,10,5.0,12,wet,sedan,0,0,,True,False,False,진행,일반구간,False,2.15,0,44.6,0,False,999.0,False,False,True,False,2026-05-03T22:37:40.386617,,44.05,44.05,False,False,True,False,True
485,3,45,10,5.0,12,wet,sedan,50,15,sedan,True,False,True,진행,일반구간,False,2.15,0,44.6,0,False,15,False,False,True,False,2026-05-03T22:37:41.963471,,57.4,57.4,False,False,True,False,True
486,3,45,20,3.0,12,wet,sedan,0,0,,False,False,False,급정지,딜레마구간,False,3.8,0,0.0,0,False,999.0,True,False,True,False,2026-05-03T22:37:43.788878,,-2.23,2.23,False,False,False,True,True
487,3,45,20,3.0,12,wet,sedan,50,15,sedan,False,False,True,급정지,딜레마구간,False,1.55,0,0.0,0,False,12.98,True,False,True,False,2026-05-03T22:37:45.262183,,3.44,3.44,True,False,False,True,True
488,3,45,20,4.0,12,wet,sedan,0,0,,True,False,False,진행,일반구간,False,3.0,0,44.6,0,False,999.0,False,False,True,False,2026-05-03T22:37:46.330437,,43.96,43.96,False,False,True,False,True
489,3,45,20,4.0,12,wet,sedan,50,15,sedan,True,False,True,진행,일반구간,False,3.0,0,44.6,0,False,15,False,False,True,False,2026-05-03T22:37:48.024945,,57.31,57.31,False,False,True,False,True
490,3,45,20,5.0,12,wet,sedan,0,0,,True,False,False,진행,일반구간,False,3.0,0,44.6,0,False,999.0,False,False,True,False,2026-05-03T22:37:50.055233,,43.96,43.96,False,False,True,False,True
491,3,45,20,5.0,12,wet,sedan,50,15,sedan,True,False,True,진행,일반구간,False,3.0,0,44.6,0,False,15,False,False,True,False,2026-05-03T22:37:51.808163,,57.31,57.31,False,False,True,False,True
492,3,45,30,3.0,12,wet,sedan,0,0,,False,False,False,급정지,딜레마구간,False,5.4,0,0.0,0,False,999.0,True,False,True,False,2026-05-03T22:37:53.527205,,-2.38,2.38,False,False,False,True,True
493,3,45,30,3.0,12,wet,sedan,50,15,sedan,False,False,True,급정지,딜레마구간,False,2.65,0,0.5,0,False,3.26,True,False,True,False,2026-05-03T22:37:55.318382,,-2.48,2.48,False,False,False,True,True
494,3,45,30,4.0,12,wet,sedan,0,0,,False,False,False,급정지,딜레마구간,False,5.4,0,0.0,0,False,999.0,True,False,True,False,2026-05-03T22:37:56.783954,,-2.38,2.38,False,False,False,True,True
495,3,45,30,4.0,12,wet,sedan,50,15,sedan,False,False,True,급정지,딜레마구간,False,2.65,0,0.5,0,False,3.26,True,False,True,False,2026-05-03T22:37:58.634148,,-2.48,2.48,False,False,False,True,True
496,3,45,30,5.0,12,wet,sedan,0,0,,True,False,False,진행,일반구간,False,3.8,0,44.6,0,False,999.0,False,False,True,False,2026-05-03T22:38:00.099178,,43.86,43.86,False,False,True,False,True
497,3,45,30,5.0,12,wet,sedan,50,15,sedan,True,False,True,진행,일반구간,False,3.8,0,44.6,0,False,15,False,False,True,False,2026-05-03T22:38:02.041995,,57.22,57.22,False,False,True,False,True
498,3,45,40,3.0,12,wet,sedan,0,0,,False,True,False,급정지,일반구간,False,7.2,0,0.0,0,False,999.0,True,False,True,False,2026-05-03T22:38:04.242265,,-2.26,2.26,False,False,False,False,True
499,3,45,40,3.0,12,wet,sedan,50,15,sedan,False,True,True,급정지,일반구간,False,4.25,0,0.0,0,True,0.04,True,False,False,False,2026-05-03T22:38:06.530175,,-1.95,1.95,False,False,False,False,True
500,3,45,40,4.0,12,wet,sedan,0,0,,False,True,False,급정지,일반구간,False,7.1,0,0.5,0,False,999.0,True,False,True,False,2026-05-03T22:38:08.400076,,-2.17,2.17,False,False,False,False,True
501,3,45,40,4.0,12,wet,sedan,50,15,sedan,False,True,True,급정지,일반구간,False,4.25,0,0.0,0,True,0.04,True,False,False,False,2026-05-03T22:38:10.616234,,-1.95,1.95,False,False,False,False,True
502,3,45,40,5.0,12,wet,sedan,0,0,,False,True,False,급정지,일반구간,False,7.2,0,0.0,0,False,999.0,True,False,True,False,2026-05-03T22:38:12.455251,,-2.26,2.26,False,False,False,False,True
503,3,45,40,5.0,12,wet,sedan,50,15,sedan,False,True,True,급정지,일반구간,False,4.25,0,0.0,0,True,0.04,True,False,False,False,2026-05-03T22:38:14.725819,,-1.94,1.94,False,False,False,False,True
504,3,45,50,3.0,12,wet,sedan,0,0,,False,True,False,급정지,일반구간,False,7.85,0,0.5,0,False,999.0,True,False,True,False,2026-05-03T22:38:16.561956,,-2.5,2.5,False,False,False,False,True
505,3,45,50,3.0,12,wet,sedan,50,15,sedan,False,True,True,급정지,일반구간,False,5.85,0,0.6,0,True,0.04,True,False,False,False,2026-05-03T22:38:18.983819,,-2.63,2.63,False,False,False,False,True
506,3,45,50,4.0,12,wet,sedan,0,0,,False,True,False,급정지,일반구간,False,7.85,0,0.5,0,False,999.0,True,False,True,False,2026-05-03T22:38:20.845758,,-2.5,2.5,False,False,False,False,True
507,3,45,50,4.0,12,wet,sedan,50,15,sedan,False,True,True,급정지,일반구간,False,5.85,0,0.6,0,True,0.04,True,False,False,False,2026-05-03T22:38:22.752423,,-2.63,2.63,False,False,False,False,True
508,3,45,50,5.0,12,wet,sedan,0,0,,False,True,False,급정지,일반구간,False,7.8,0,0.9,0,False,999.0,True,False,True,False,2026-05-03T22:38:24.851520,,-2.54,2.54,False,False,False,False,True
509,3,45,50,5.0,12,wet,sedan,50,15,sedan,False,True,True,급정지,일반구간,False,5.85,0,0.6,0,True,0.04,True,False,False,False,2026-05-03T22:38:27.260490,,-2.63,2.63,False,False,False,False,True
510,3,45,60,3.0,12,wet,sedan,0,0,,False,True,False,급정지,일반구간,False,9.3,0,0.0,0,False,999.0,True,False,True,False,2026-05-03T22:38:29.472608,,-2.22,2.22,False,False,False,False,True
511,3,45,60,3.0,12,wet,sedan,50,15,sedan,False,True,True,감속,일반구간,False,6.25,0,0.6,0,True,0.03,True,False,False,False,2026-05-03T22:38:32.232405,,-2.09,2.09,False,False,False,False,True
512,3,45,60,4.0,12,wet,sedan,0,0,,False,True,False,급정지,일반구간,False,9.3,0,0.0,0,False,999.0,True,False,True,False,2026-05-03T22:38:34.536001,,-2.22,2.22,False,False,False,False,True
513,3,45,60,4.0,12,wet,sedan,50,15,sedan,False,True,True,감속,일반구간,False,6.25,0,0.6,0,True,0.03,True,False,False,False,2026-05-03T22:38:37.295840,,-2.09,2.09,False,False,False,False,True
514,3,45,60,5.0,12,wet,sedan,0,0,,False,True,False,급정지,일반구간,False,9.3,0,0.0,0,False,999.0,True,False,True,False,2026-05-03T22:38:39.601473,,-2.22,2.22,False,False,False,False,True
515,3,45,60,5.0,12,wet,sedan,50,15,sedan,False,True,True,감속,일반구간,False,6.25,0,0.6,0,True,0.03,True,False,False,False,2026-05-03T22:38:42.357724,,-2.09,2.09,False,False,False,False,True
516,3,45,70,3.0,12,wet,sedan,0,0,,False,True,False,급정지,일반구간,False,9.95,0,0.5,0,False,999.0,True,False,True,False,2026-05-03T22:38:44.662896,,-2.32,2.32,False,False,False,False,True
517,3,45,70,3.0,12,wet,sedan,50,15,sedan,False,True,True,감속,일반구간,False,7.95,0,0.0,0,True,0.05,True,False,False,False,2026-05-03T22:38:47.019940,,-0.59,0.59,False,False,False,False,True
518,3,45,70,4.0,12,wet,sedan,0,0,,False,True,False,급정지,일반구간,False,9.95,0,0.5,0,False,999.0,True,False,True,False,2026-05-03T22:38:49.607233,,-2.32,2.32,False,False,False,False,True
519,3,45,70,4.0,12,wet,sedan,50,15,sedan,False,True,True,감속,일반구간,False,7.95,0,0.0,0,True,0.05,True,False,False,False,2026-05-03T22:38:52.518095,,-0.59,0.59,False,False,False,False,True
520,3,45,70,5.0,12,wet,sedan,0,0,,False,True,False,급정지,일반구간,False,9.95,0,0.5,0,False,999.0,True,False,True,False,2026-05-03T22:38:55.221480,,-2.32,2.32,False,False,False,False,True
521,3,45,70,5.0,12,wet,sedan,50,15,sedan,False,True,True,감속,일반구간,False,7.95,0,0.0,0,True,0.05,True,False,False,False,2026-05-03T22:38:58.133798,,-0.59,0.59,False,False,False,False,True
522,3,45,80,3.0,12,wet,sedan,0,0,,False,True,False,급정지,일반구간,False,10.1,0,0.8,0,False,999.0,True,False,True,False,2026-05-03T22:39:00.837941,,-3.1,3.1,False,False,False,False,True
523,3,45,80,3.0,12,wet,sedan,50,15,sedan,False,True,True,감속,일반구간,False,8.4,0,0.9,0,False,3.95,True,False,True,False,2026-05-03T22:39:03.239471,,-2.29,2.29,False,False,False,False,True
524,3,45,80,4.0,12,wet,sedan,0,0,,False,True,False,급정지,일반구간,False,10.1,0,0.8,0,False,999.0,True,False,True,False,2026-05-03T22:39:05.447609,,-3.1,3.1,False,False,False,False,True
525,3,45,80,4.0,12,wet,sedan,50,15,sedan,False,True,True,감속,일반구간,False,8.4,0,0.9,0,False,3.95,True,False,True,False,2026-05-03T22:39:08.331094,,-2.29,2.29,False,False,False,False,True
526,3,45,80,5.0,12,wet,sedan,0,0,,False,True,False,급정지,일반구간,False,10.1,0,0.8,0,False,999.0,True,False,True,False,2026-05-03T22:39:11.140402,,-3.1,3.1,False,False,False,False,True
527,3,45,80,5.0,12,wet,sedan,50,15,sedan,False,True,True,감속,일반구간,False,8.4,0,0.9,0,False,3.95,True,False,True,False,2026-05-03T22:39:13.523849,,-2.29,2.29,False,False,False,False,True
528,3,50,10,3.0,12,wet,sedan,0,0,,True,False,False,진행,일반구간,False,1.95,0,49.5,0,False,999.0,False,False,True,False,2026-05-03T22:39:16.216349,,47.17,47.17,False,False,True,False,True
529,3,50,10,3.0,12,wet,sedan,55,15,sedan,True,False,True,진행,일반구간,False,1.95,0,49.5,0,False,15,False,False,True,False,2026-05-03T22:39:17.479814,,62.01,62.01,False,False,True,False,True
530,3,50,10,4.0,12,wet,sedan,0,0,,True,False,False,진행,일반구간,False,1.95,0,49.5,0,False,999.0,False,False,True,False,2026-05-03T22:39:19.152048,,47.17,47.17,False,False,True,False,True
531,3,50,10,4.0,12,wet,sedan,55,15,sedan,True,False,True,진행,일반구간,False,1.95,0,49.5,0,False,15,False,False,True,False,2026-05-03T22:39:20.672458,,62.01,62.01,False,False,True,False,True
532,3,50,10,5.0,12,wet,sedan,0,0,,True,False,False,진행,일반구간,False,1.95,0,49.5,0,False,999.0,False,False,True,False,2026-05-03T22:39:22.457377,,47.17,47.17,False,False,True,False,True
533,3,50,10,5.0,12,wet,sedan,55,15,sedan,True,False,True,진행,일반구간,False,1.95,0,49.5,0,False,15,False,False,True,False,2026-05-03T22:39:23.723935,,62.01,62.01,False,False,True,False,True
534,3,50,20,3.0,12,wet,sedan,0,0,,False,False,False,급정지,딜레마구간,False,3.3,0,0.6,0,False,999.0,True,False,True,False,2026-05-03T22:39:25.393858,,-2.37,2.37,False,False,False,True,True
535,3,50,20,3.0,12,wet,sedan,55,15,sedan,False,False,True,급정지,딜레마구간,False,1.55,0,0.0,0,False,13.14,False,False,False,False,2026-05-03T22:39:26.753054,,6.04,6.04,False,True,False,True,False
536,3,50,20,4.0,12,wet,sedan,0,0,,True,False,False,진행,일반구간,False,2.7,0,49.5,0,False,999.0,False,False,True,False,2026-05-03T22:39:27.960884,,46.78,46.78,False,False,True,False,True
537,3,50,20,4.0,12,wet,sedan,55,15,sedan,True,False,True,진행,일반구간,False,2.7,0,49.5,0,False,15,False,False,True,False,2026-05-03T22:39:29.646058,,61.62,61.62,False,False,True,False,True
538,3,50,20,5.0,12,wet,sedan,0,0,,True,False,False,진행,일반구간,False,2.7,0,49.5,0,False,999.0,False,False,True,False,2026-05-03T22:39:31.590670,,46.78,46.78,False,False,True,False,True
539,3,50,20,5.0,12,wet,sedan,55,15,sedan,True,False,True,진행,일반구간,False,2.7,0,49.5,0,False,15,False,False,True,False,2026-05-03T22:39:33.276390,,61.62,61.62,False,False,True,False,True
540,3,50,30,3.0,12,wet,sedan,0,0,,False,False,False,급정지,딜레마구간,False,5.4,0,0.7,0,False,999.0,True,False,True,False,2026-05-03T22:39:35.222817,,-2.43,2.43,False,False,False,True,True
541,3,50,30,3.0,12,wet,sedan,55,15,sedan,False,False,True,급정지,딜레마구간,False,1.55,0,0.0,0,False,15,True,False,True,False,2026-05-03T22:39:37.072413,,-1.09,1.09,False,False,False,True,True
542,3,50,30,4.0,12,wet,sedan,0,0,,True,False,False,진행,일반구간,False,3.4,0,49.4,0,False,999.0,False,False,True,False,2026-05-03T22:39:38.277112,,47.08,47.08,False,False,True,False,True
543,3,50,30,4.0,12,wet,sedan,55,15,sedan,True,False,True,진행,일반구간,False,3.4,0,49.4,0,False,15,False,False,True,False,2026-05-03T22:39:40.138245,,61.92,61.92,False,False,True,False,True
544,3,50,30,5.0,12,wet,sedan,0,0,,True,False,False,진행,일반구간,False,3.4,0,49.4,0,False,999.0,False,False,True,False,2026-05-03T22:39:41.927395,,47.08,47.08,False,False,True,False,True
545,3,50,30,5.0,12,wet,sedan,55,15,sedan,True,False,True,진행,일반구간,False,3.4,0,49.4,0,False,15,False,False,True,False,2026-05-03T22:39:43.728361,,61.92,61.92,False,False,True,False,True
546,3,50,40,3.0,12,wet,sedan,0,0,,False,True,False,급정지,일반구간,False,6.95,0,0.0,0,False,999.0,True,False,True,False,2026-05-03T22:39:45.849035,,-2.24,2.24,False,False,False,False,True
547,3,50,40,3.0,12,wet,sedan,55,15,sedan,False,True,True,급정지,일반구간,False,3.85,0,0.0,0,True,0.04,True,False,False,False,2026-05-03T22:39:48.064028,,-1.41,1.41,False,False,False,False,True
548,3,50,40,4.0,12,wet,sedan,0,0,,False,True,False,급정지,일반구간,False,6.95,0,0.0,0,False,999.0,True,False,True,False,2026-05-03T22:39:49.808238,,-2.24,2.24,False,False,False,False,True
549,3,50,40,4.0,12,wet,sedan,55,15,sedan,False,True,True,급정지,일반구간,False,3.85,0,0.0,0,True,0.04,True,False,False,False,2026-05-03T22:39:52.020224,,-1.41,1.41,False,False,False,False,True
550,3,50,40,5.0,12,wet,sedan,0,0,,True,True,False,진행,진행/정지선택구간,False,4.15,0,49.4,0,False,999.0,False,False,True,False,2026-05-03T22:39:53.802024,,46.7,46.7,False,False,True,False,True
551,3,50,40,5.0,12,wet,sedan,55,15,sedan,True,True,True,진행,진행/정지선택구간,False,4.15,0,49.4,0,False,15,False,False,True,False,2026-05-03T22:39:55.792669,,61.53,61.53,False,False,True,False,True
552,3,50,50,3.0,12,wet,sedan,0,0,,False,True,False,급정지,일반구간,False,8.15,0,0.6,0,False,999.0,True,False,True,False,2026-05-03T22:39:57.708230,,-2.35,2.35,False,False,False,False,True
553,3,50,50,3.0,12,wet,sedan,55,15,sedan,False,True,True,급정지,일반구간,False,5.35,0,0.7,0,True,0.04,True,False,False,False,2026-05-03T22:40:00.144184,,-2.3,2.3,False,False,False,False,True
554,3,50,50,4.0,12,wet,sedan,0,0,,False,True,False,급정지,일반구간,False,7.95,0,1.0,0,False,999.0,True,False,True,False,2026-05-03T22:40:02.240769,,-2.26,2.26,False,False,False,False,True
555,3,50,50,4.0,12,wet,sedan,55,15,sedan,False,True,True,급정지,일반구간,False,5.05,0,0.9,0,True,0.0,True,False,False,False,2026-05-03T22:40:04.686049,,-2.66,2.66,False,False,False,False,True
556,3,50,50,5.0,12,wet,sedan,0,0,,False,True,False,급정지,일반구간,False,8.15,0,0.6,0,False,999.0,True,False,True,False,2026-05-03T22:40:06.398184,,-2.35,2.35,False,False,False,False,True
557,3,50,50,5.0,12,wet,sedan,55,15,sedan,False,True,True,급정지,일반구간,False,5.35,0,0.7,0,True,0.04,True,False,False,False,2026-05-03T22:40:08.833362,,-2.3,2.3,False,False,False,False,True
558,3,50,60,3.0,12,wet,sedan,0,0,,False,True,False,급정지,일반구간,False,8.8,0,0.0,0,False,999.0,True,False,True,False,2026-05-03T22:40:10.928001,,-2.34,2.34,False,False,False,False,True
559,3,50,60,3.0,12,wet,sedan,55,15,sedan,False,True,True,급정지,일반구간,False,6.85,0,0.8,0,True,-0.0,True,False,False,False,2026-05-03T22:40:13.569368,,-2.36,2.36,False,False,False,False,True
560,3,50,60,4.0,12,wet,sedan,0,0,,False,True,False,급정지,일반구간,False,8.8,0,0.0,0,False,999.0,True,False,True,False,2026-05-03T22:40:16.016073,,-2.34,2.34,False,False,False,False,True
561,3,50,60,4.0,12,wet,sedan,55,15,sedan,False,True,True,급정지,일반구간,False,6.85,0,0.8,0,True,-0.0,True,False,False,False,2026-05-03T22:40:18.657927,,-2.36,2.36,False,False,False,False,True
562,3,50,60,5.0,12,wet,sedan,0,0,,False,True,False,급정지,일반구간,False,8.8,0,0.0,0,False,999.0,True,False,True,False,2026-05-03T22:40:21.106178,,-2.34,2.34,False,False,False,False,True
563,3,50,60,5.0,12,wet,sedan,55,15,sedan,False,True,True,급정지,일반구간,False,6.3,0,0.6,0,True,0.06,True,False,False,False,2026-05-03T22:40:23.747744,,-2.73,2.73,False,False,False,False,True
564,3,50,70,3.0,12,wet,sedan,0,0,,False,True,False,급정지,일반구간,False,9.85,0,0.9,0,False,999.0,True,False,True,False,2026-05-03T22:40:26.064479,,-2.27,2.27,False,False,False,False,True
565,3,50,70,3.0,12,wet,sedan,55,15,sedan,False,True,True,감속,일반구간,False,6.95,0,0.0,0,True,0.09,True,False,False,False,2026-05-03T22:40:28.952681,,-2.17,2.17,False,False,False,False,True
566,3,50,70,4.0,12,wet,sedan,0,0,,False,True,False,급정지,일반구간,False,9.85,0,0.9,0,False,999.0,True,False,True,False,2026-05-03T22:40:31.418957,,-2.27,2.27,False,False,False,False,True
567,3,50,70,4.0,12,wet,sedan,55,15,sedan,False,True,True,감속,일반구간,False,6.95,0,0.0,0,True,0.09,True,False,False,False,2026-05-03T22:40:34.309779,,-2.17,2.17,False,False,False,False,True
568,3,50,70,5.0,12,wet,sedan,0,0,,False,True,False,급정지,일반구간,False,9.85,0,0.9,0,False,999.0,True,False,True,False,2026-05-03T22:40:36.370903,,-2.27,2.27,False,False,False,False,True
569,3,50,70,5.0,12,wet,sedan,55,15,sedan,False,True,True,감속,일반구간,False,6.95,0,0.0,0,True,0.09,True,False,False,False,2026-05-03T22:40:39.198559,,-2.17,2.17,False,False,False,False,True
570,3,50,80,3.0,12,wet,sedan,0,0,,False,True,False,급정지,일반구간,False,10.35,0,0.9,0,False,999.0,True,False,True,False,2026-05-03T22:40:41.261541,,-2.58,2.58,False,False,False,False,True
571,3,50,80,3.0,12,wet,sedan,55,15,sedan,False,True,True,감속,일반구간,False,7.9,0,0.0,0,True,0.04,True,False,False,False,2026-05-03T22:40:44.210380,,-2.25,2.25,False,False,False,False,True
572,3,50,80,4.0,12,wet,sedan,0,0,,False,True,False,급정지,일반구간,False,10.4,0,0.5,0,False,999.0,True,False,True,False,2026-05-03T22:40:46.907552,,-2.49,2.49,False,False,False,False,True
573,3,50,80,4.0,12,wet,sedan,55,15,sedan,False,True,True,감속,일반구간,False,7.85,0,0.6,0,True,0.04,True,False,False,False,2026-05-03T22:40:49.921968,,-2.23,2.23,False,False,False,False,True
574,3,50,80,5.0,12,wet,sedan,0,0,,False,True,False,급정지,일반구간,False,10.35,0,0.9,0,False,999.0,True,False,True,False,2026-05-03T22:40:52.595306,,-2.58,2.58,False,False,False,False,True
575,3,50,80,5.0,12,wet,sedan,55,15,sedan,False,True,True,감속,일반구간,False,7.85,0,0.6,0,True,0.04,True,False,False,False,2026-05-03T22:40:55.027102,,-2.23,2.23,False,False,False,False,True
576,3,55,10,3.0,12,wet,sedan,0,0,,True,False,False,진행,일반구간,False,1.8,0,54.3,0,False,999.0,False,False,True,False,2026-05-03T22:40:57.591642,,49.75,49.75,False,False,True,False,True
577,3,55,10,3.0,12,wet,sedan,60,15,sedan,True,False,True,진행,일반구간,False,1.8,0,54.3,0,False,15,False,False,True,False,2026-05-03T22:40:59.070014,,66.07,66.07,False,False,True,False,True
578,3,55,10,4.0,12,wet,sedan,0,0,,True,False,False,진행,일반구간,False,1.8,0,54.3,0,False,999.0,False,False,True,False,2026-05-03T22:41:00.559612,,49.75,49.75,False,False,True,False,True
579,3,55,10,4.0,12,wet,sedan,60,15,sedan,True,False,True,진행,일반구간,False,1.8,0,54.3,0,False,15,False,False,True,False,2026-05-03T22:41:01.988519,,66.07,66.07,False,False,True,False,True
580,3,55,10,5.0,12,wet,sedan,0,0,,True,False,False,진행,일반구간,False,1.8,0,54.3,0,False,999.0,False,False,True,False,2026-05-03T22:41:03.729756,,49.75,49.75,False,False,True,False,True
581,3,55,10,5.0,12,wet,sedan,60,15,sedan,True,False,True,진행,일반구간,False,1.8,0,54.3,0,False,15,False,False,True,False,2026-05-03T22:41:05.232256,,66.07,66.07,False,False,True,False,True
582,3,55,20,3.0,12,wet,sedan,0,0,,True,False,False,진행,일반구간,False,2.45,0,54.3,0,False,999.0,False,False,True,False,2026-05-03T22:41:06.994998,,49.56,49.56,False,False,True,False,True
583,3,55,20,3.0,12,wet,sedan,60,15,sedan,True,False,True,진행,일반구간,False,2.45,0,54.3,0,False,15,False,False,True,False,2026-05-03T22:41:08.640323,,66.64,66.64,False,False,True,False,True
584,3,55,20,4.0,12,wet,sedan,0,0,,True,False,False,진행,일반구간,False,2.45,0,54.3,0,False,999.0,False,False,True,False,2026-05-03T22:41:10.543955,,49.56,49.56,False,False,True,False,True
585,3,55,20,4.0,12,wet,sedan,60,15,sedan,True,False,True,진행,일반구간,False,2.45,0,54.3,0,False,15,False,False,True,False,2026-05-03T22:41:12.175038,,66.64,66.64,False,False,True,False,True
586,3,55,20,5.0,12,wet,sedan,0,0,,True,False,False,진행,일반구간,False,2.45,0,54.3,0,False,999.0,False,False,True,False,2026-05-03T22:41:14.082110,,49.56,49.56,False,False,True,False,True
587,3,55,20,5.0,12,wet,sedan,60,15,sedan,True,False,True,진행,일반구간,False,2.45,0,54.3,0,False,15,False,False,True,False,2026-05-03T22:41:15.731831,,66.64,66.64,False,False,True,False,True
588,3,55,30,3.0,12,wet,sedan,0,0,,False,False,False,급정지,딜레마구간,False,5.0,0,0.8,0,False,999.0,True,False,True,False,2026-05-03T22:41:17.365596,,-2.29,2.29,False,False,False,True,True
589,3,55,30,3.0,12,wet,sedan,60,15,sedan,False,False,True,급정지,딜레마구간,False,1.55,0,0.0,0,False,15,True,False,True,False,2026-05-03T22:41:19.062485,,2.08,2.08,True,False,False,True,True
590,3,55,30,4.0,12,wet,sedan,0,0,,True,False,False,진행,일반구간,False,3.1,0,54.3,0,False,999.0,False,False,True,False,2026-05-03T22:41:20.132581,,50.12,50.12,False,False,True,False,True
591,3,55,30,4.0,12,wet,sedan,60,15,sedan,True,False,True,진행,일반구간,False,3.1,0,54.3,0,False,15,False,False,True,False,2026-05-03T22:41:21.860248,,66.44,66.44,False,False,True,False,True
592,3,55,30,5.0,12,wet,sedan,0,0,,True,False,False,진행,일반구간,False,3.1,0,54.3,0,False,999.0,False,False,True,False,2026-05-03T22:41:23.907315,,50.12,50.12,False,False,True,False,True
593,3,55,30,5.0,12,wet,sedan,60,15,sedan,True,False,True,진행,일반구간,False,3.1,0,54.3,0,False,15,False,False,True,False,2026-05-03T22:41:25.692105,,66.43,66.43,False,False,True,False,True
594,3,55,40,3.0,12,wet,sedan,0,0,,False,False,False,급정지,딜레마구간,False,6.7,0,0.8,0,False,999.0,True,False,True,False,2026-05-03T22:41:27.739618,,-2.29,2.29,False,False,False,True,True
595,3,55,40,3.0,12,wet,sedan,60,15,sedan,False,False,True,급정지,딜레마구간,False,3.65,0,0.8,0,True,0.03,True,False,False,False,2026-05-03T22:41:29.906542,,0.28,0.28,False,False,False,True,True
596,3,55,40,4.0,12,wet,sedan,0,0,,False,False,False,급정지,딜레마구간,False,6.7,0,0.8,0,False,999.0,True,False,True,False,2026-05-03T22:41:31.379959,,-2.29,2.29,False,False,False,True,True
597,3,55,40,4.0,12,wet,sedan,60,15,sedan,False,False,True,급정지,딜레마구간,False,3.65,0,0.8,0,True,0.03,True,False,False,False,2026-05-03T22:41:33.490768,,0.28,0.28,False,False,False,True,True
598,3,55,40,5.0,12,wet,sedan,0,0,,True,False,False,진행,일반구간,False,3.75,0,54.3,0,False,999.0,False,False,True,False,2026-05-03T22:41:35.201543,,49.93,49.93,False,False,True,False,True
599,3,55,40,5.0,12,wet,sedan,60,15,sedan,True,False,True,진행,일반구간,False,3.8,0,54.3,0,False,15,False,False,True,False,2026-05-03T22:41:37.155931,,66.25,66.25,False,False,True,False,True
600,3,55,50,3.0,12,wet,sedan,0,0,,False,True,False,급정지,일반구간,False,7.55,0,0.0,0,False,999.0,True,False,True,False,2026-05-03T22:41:39.411688,,-2.57,2.57,False,False,False,False,True
601,3,55,50,3.0,12,wet,sedan,60,15,sedan,False,True,True,급정지,일반구간,False,4.95,0,0.0,0,True,0.02,True,False,False,False,2026-05-03T22:41:41.729307,,-2.16,2.16,False,False,False,False,True
602,3,55,50,4.0,12,wet,sedan,0,0,,False,True,False,급정지,일반구간,False,7.55,0,0.0,0,False,999.0,True,False,True,False,2026-05-03T22:41:43.730134,,-2.57,2.57,False,False,False,False,True
603,3,55,50,4.0,12,wet,sedan,60,15,sedan,False,True,True,급정지,일반구간,False,4.95,0,0.0,0,True,0.02,True,False,False,False,2026-05-03T22:41:46.084949,,-2.16,2.16,False,False,False,False,True
604,3,55,50,5.0,12,wet,sedan,0,0,,True,True,False,진행,진행/정지선택구간,False,4.45,0,54.3,0,False,999.0,False,False,True,False,2026-05-03T22:41:48.113849,,49.74,49.74,False,False,True,False,True
605,3,55,50,5.0,12,wet,sedan,60,15,sedan,True,True,True,진행,진행/정지선택구간,False,4.45,0,54.3,0,False,15,False,False,True,False,2026-05-03T22:41:50.230089,,66.05,66.05,False,False,True,False,True
606,3,55,60,3.0,12,wet,sedan,0,0,,False,True,False,급정지,일반구간,False,9.05,0,0.0,0,False,999.0,True,False,True,False,2026-05-03T22:41:52.598335,,-2.27,2.27,False,False,False,False,True
607,3,55,60,3.0,12,wet,sedan,60,15,sedan,False,True,True,급정지,일반구간,False,6.1,0,0.7,0,True,0.03,True,False,False,False,2026-05-03T22:41:55.335078,,-2.49,2.49,False,False,False,False,True
608,3,55,60,4.0,12,wet,sedan,0,0,,False,True,False,급정지,일반구간,False,9.05,0,0.0,0,False,999.0,True,False,True,False,2026-05-03T22:41:57.619152,,-2.27,2.27,False,False,False,False,True
609,3,55,60,4.0,12,wet,sedan,60,15,sedan,False,True,True,급정지,일반구간,False,6.1,0,0.7,0,True,0.03,True,False,False,False,2026-05-03T22:42:00.319617,,-2.49,2.49,False,False,False,False,True
610,3,55,60,5.0,12,wet,sedan,0,0,,False,True,False,급정지,일반구간,False,9.05,0,0.0,0,False,999.0,True,False,True,False,2026-05-03T22:42:02.595366,,-2.27,2.27,False,False,False,False,True
611,3,55,60,5.0,12,wet,sedan,60,15,sedan,False,True,True,급정지,일반구간,False,6.1,0,0.7,0,True,0.03,True,False,False,False,2026-05-03T22:42:05.281668,,-2.49,2.49,False,False,False,False,True
612,3,55,70,3.0,12,wet,sedan,0,0,,False,True,False,급정지,일반구간,False,9.9,0,0.6,0,False,999.0,True,False,True,False,2026-05-03T22:42:07.567514,,-2.24,2.24,False,False,False,False,True
613,3,55,70,3.0,12,wet,sedan,60,15,sedan,False,True,True,급정지,일반구간,False,7.9,0,0.9,0,True,0.04,True,False,False,False,2026-05-03T22:42:10.462817,,-2.41,2.41,False,False,False,False,True
614,3,55,70,4.0,12,wet,sedan,0,0,,False,True,False,급정지,일반구간,False,9.9,0,0.6,0,False,999.0,True,False,True,False,2026-05-03T22:42:13.147737,,-2.24,2.24,False,False,False,False,True
615,3,55,70,4.0,12,wet,sedan,60,15,sedan,False,True,True,급정지,일반구간,False,8.15,0,0.7,0,True,0.04,True,False,False,False,2026-05-03T22:42:16.019269,,-2.37,2.37,False,False,False,False,True
616,3,55,70,5.0,12,wet,sedan,0,0,,False,True,False,급정지,일반구간,False,9.9,0,0.6,0,False,999.0,True,False,True,False,2026-05-03T22:42:18.742692,,-2.24,2.24,False,False,False,False,True
617,3,55,70,5.0,12,wet,sedan,60,15,sedan,False,True,True,급정지,일반구간,False,8.15,0,0.7,0,True,0.04,True,False,False,False,2026-05-03T22:42:21.613934,,-2.37,2.37,False,False,False,False,True
618,3,55,80,3.0,12,wet,sedan,0,0,,False,True,False,급정지,일반구간,False,10.55,0,0.0,0,False,999.0,True,False,True,False,2026-05-03T22:42:24.338082,,-2.29,2.29,False,False,False,False,True
619,3,55,80,3.0,12,wet,sedan,60,15,sedan,False,True,True,감속,일반구간,False,7.2,0,0.6,0,True,0.06,True,False,False,False,2026-05-03T22:42:27.358670,,-1.83,1.83,False,False,False,False,True
620,3,55,80,4.0,12,wet,sedan,0,0,,False,True,False,급정지,일반구간,False,10.55,0,0.0,0,False,999.0,True,False,True,False,2026-05-03T22:42:29.858154,,-2.29,2.29,False,False,False,False,True
621,3,55,80,4.0,12,wet,sedan,60,15,sedan,False,True,True,감속,일반구간,False,7.25,0,0.7,0,True,0.03,True,False,False,False,2026-05-03T22:42:32.880610,,-2.32,2.32,False,False,False,False,True
622,3,55,80,5.0,12,wet,sedan,0,0,,False,True,False,급정지,일반구간,False,10.55,0,0.0,0,False,999.0,True,False,True,False,2026-05-03T22:42:35.394289,,-2.29,2.29,False,False,False,False,True
623,3,55,80,5.0,12,wet,sedan,60,15,sedan,False,True,True,감속,일반구간,False,7.25,0,0.7,0,True,0.03,True,False,False,False,2026-05-03T22:42:38.415126,,-2.32,2.32,False,False,False,False,True
624,3,60,10,3.0,12,wet,sedan,0,0,,True,False,False,진행,일반구간,False,1.65,0,59.2,0,False,999.0,False,False,True,False,2026-05-03T22:42:40.926015,,52.64,52.64,False,False,True,False,True
625,3,60,10,3.0,12,wet,sedan,65,15,sedan,True,False,True,진행,일반구간,False,1.65,0,59.2,0,False,15,False,False,True,False,2026-05-03T22:42:42.351879,,70.45,70.45,False,False,True,False,True
626,3,60,10,4.0,12,wet,sedan,0,0,,True,False,False,진행,일반구간,False,1.65,0,59.2,0,False,999.0,False,False,True,False,2026-05-03T22:42:44.036169,,52.63,52.63,False,False,True,False,True
627,3,60,10,4.0,12,wet,sedan,65,15,sedan,True,False,True,진행,일반구간,False,1.65,0,59.2,0,False,15,False,False,True,False,2026-05-03T22:42:45.462276,,70.43,70.43,False,False,True,False,True
628,3,60,10,5.0,12,wet,sedan,0,0,,True,False,False,진행,일반구간,False,1.65,0,59.2,0,False,999.0,False,False,True,False,2026-05-03T22:42:46.909697,,52.64,52.64,False,False,True,False,True
629,3,60,10,5.0,12,wet,sedan,65,15,sedan,True,False,True,진행,일반구간,False,1.65,0,59.2,0,False,15,False,False,True,False,2026-05-03T22:42:48.277283,,70.43,70.43,False,False,True,False,True
630,3,60,20,3.0,12,wet,sedan,0,0,,True,False,False,진행,일반구간,False,2.25,0,59.2,0,False,999.0,False,False,True,False,2026-05-03T22:42:49.962081,,53.33,53.33,False,False,True,False,True
631,3,60,20,3.0,12,wet,sedan,65,15,sedan,True,False,True,진행,일반구간,False,2.25,0,59.2,0,False,15,False,False,True,False,2026-05-03T22:42:51.266395,,71.14,71.14,False,False,True,False,True
632,3,60,20,4.0,12,wet,sedan,0,0,,True,False,False,진행,일반구간,False,2.25,0,59.2,0,False,999.0,False,False,True,False,2026-05-03T22:42:52.988225,,53.33,53.33,False,False,True,False,True
633,3,60,20,4.0,12,wet,sedan,65,15,sedan,True,False,True,진행,일반구간,False,2.25,0,59.2,0,False,15,False,False,True,False,2026-05-03T22:42:54.564085,,71.14,71.14,False,False,True,False,True
634,3,60,20,5.0,12,wet,sedan,0,0,,True,False,False,진행,일반구간,False,2.25,0,59.2,0,False,999.0,False,False,True,False,2026-05-03T22:42:56.397117,,53.33,53.33,False,False,True,False,True
635,3,60,20,5.0,12,wet,sedan,65,15,sedan,True,False,True,진행,일반구간,False,2.25,0,59.2,0,False,15,False,False,True,False,2026-05-03T22:42:57.972385,,71.14,71.14,False,False,True,False,True
636,3,60,30,3.0,12,wet,sedan,0,0,,False,False,False,급정지,딜레마구간,False,4.7,0,0.8,0,False,999.0,True,False,True,False,2026-05-03T22:42:59.535870,,-2.28,2.28,False,False,False,True,True
637,3,60,30,3.0,12,wet,sedan,65,15,sedan,False,False,True,급정지,딜레마구간,False,1.55,0,0.0,0,False,15,True,False,True,False,2026-05-03T22:43:00.852710,,4.91,4.91,True,False,False,True,True
638,3,60,30,4.0,12,wet,sedan,0,0,,True,False,False,진행,일반구간,False,2.85,0,59.2,0,False,999.0,False,False,True,False,2026-05-03T22:43:01.934230,,53.2,53.2,False,False,True,False,True
639,3,60,30,4.0,12,wet,sedan,65,15,sedan,True,False,True,진행,일반구간,False,2.85,0,59.2,0,False,15,False,False,True,False,2026-05-03T22:43:03.646095,,71.01,71.01,False,False,True,False,True
640,3,60,30,5.0,12,wet,sedan,0,0,,True,False,False,진행,일반구간,False,2.85,0,59.2,0,False,999.0,False,False,True,False,2026-05-03T22:43:05.617414,,53.2,53.2,False,False,True,False,True
641,3,60,30,5.0,12,wet,sedan,65,15,sedan,True,False,True,진행,일반구간,False,2.85,0,59.2,0,False,15,False,False,True,False,2026-05-03T22:43:07.329744,,71.01,71.01,False,False,True,False,True
642,3,60,40,3.0,12,wet,sedan,0,0,,False,False,False,급정지,딜레마구간,False,6.25,0,0.9,0,False,999.0,True,False,True,False,2026-05-03T22:43:09.300501,,-2.42,2.42,False,False,False,True,True
643,3,60,40,3.0,12,wet,sedan,65,15,sedan,False,False,True,급정지,딜레마구간,False,2.25,0,0.9,0,False,8.09,True,False,True,False,2026-05-03T22:43:11.327218,,-2.31,2.31,False,False,False,True,True
644,3,60,40,4.0,12,wet,sedan,0,0,,True,False,False,진행,일반구간,False,3.45,0,59.2,0,False,999.0,False,False,True,False,2026-05-03T22:43:12.682732,,53.07,53.07,False,False,True,False,True
645,3,60,40,4.0,12,wet,sedan,65,15,sedan,True,False,True,진행,일반구간,False,3.45,0,59.2,0,False,15,False,False,True,False,2026-05-03T22:43:14.535279,,70.88,70.88,False,False,True,False,True
646,3,60,40,5.0,12,wet,sedan,0,0,,True,False,False,진행,일반구간,False,3.45,0,59.2,0,False,999.0,False,False,True,False,2026-05-03T22:43:16.643138,,53.06,53.06,False,False,True,False,True
647,3,60,40,5.0,12,wet,sedan,65,15,sedan,True,False,True,진행,일반구간,False,3.45,0,59.2,0,False,15,False,False,True,False,2026-05-03T22:43:18.495127,,70.88,70.88,False,False,True,False,True
648,3,60,50,3.0,12,wet,sedan,0,0,,False,True,False,급정지,일반구간,False,7.7,0,0.0,0,False,999.0,True,False,True,False,2026-05-03T22:43:20.602050,,-2.24,2.24,False,False,False,False,True
649,3,60,50,3.0,12,wet,sedan,65,15,sedan,False,True,True,급정지,일반구간,False,3.95,0,0.6,0,True,-0.05,True,False,False,False,2026-05-03T22:43:22.528411,,-1.51,1.51,False,False,False,False,True
650,3,60,50,4.0,12,wet,sedan,0,0,,False,True,False,급정지,일반구간,False,7.6,0,0.0,0,False,999.0,True,False,True,False,2026-05-03T22:43:23.946153,,-2.34,2.34,False,False,False,False,True
651,3,60,50,4.0,12,wet,sedan,65,15,sedan,False,True,True,급정지,일반구간,False,3.95,0,0.6,0,True,-0.05,True,False,False,False,2026-05-03T22:43:26.203027,,-1.51,1.51,False,False,False,False,True
652,3,60,50,5.0,12,wet,sedan,0,0,,True,True,False,진행,진행/정지선택구간,False,4.05,0,59.2,0,False,999.0,False,False,True,False,2026-05-03T22:43:27.951502,,52.94,52.94,False,False,True,False,True
653,3,60,50,5.0,12,wet,sedan,65,15,sedan,True,True,True,진행,진행/정지선택구간,False,4.1,0,59.2,0,False,15,False,False,True,False,2026-05-03T22:43:29.940915,,70.73,70.73,False,False,True,False,True
654,3,60,60,3.0,12,wet,sedan,0,0,,False,True,False,급정지,일반구간,False,9.0,0,0.0,0,False,999.0,True,False,True,False,2026-05-03T22:43:32.187807,,-2.24,2.24,False,False,False,False,True
655,3,60,60,3.0,12,wet,sedan,65,15,sedan,False,True,True,급정지,일반구간,False,6.05,0,0.9,0,True,0.01,True,False,False,False,2026-05-03T22:43:34.349447,,-2.4,2.4,False,False,False,False,True
656,3,60,60,4.0,12,wet,sedan,0,0,,False,True,False,급정지,일반구간,False,8.65,0,0.8,0,False,999.0,True,False,True,False,2026-05-03T22:43:36.474255,,-2.36,2.36,False,False,False,False,True
657,3,60,60,4.0,12,wet,sedan,65,15,sedan,False,True,True,급정지,일반구간,False,5.6,0,0.6,0,True,0.03,True,False,False,False,2026-05-03T22:43:39.056351,,-2.31,2.31,False,False,False,False,True
658,3,60,60,5.0,12,wet,sedan,0,0,,False,True,False,급정지,일반구간,False,9.0,0,0.0,0,False,999.0,True,False,True,False,2026-05-03T22:43:41.189793,,-2.24,2.24,False,False,False,False,True
659,3,60,60,5.0,12,wet,sedan,65,15,sedan,False,True,True,급정지,일반구간,False,6.05,0,0.9,0,True,0.01,True,False,False,False,2026-05-03T22:43:43.854164,,-2.4,2.4,False,False,False,False,True
660,3,60,70,3.0,12,wet,sedan,0,0,,False,True,False,급정지,일반구간,False,9.75,0,0.8,0,False,999.0,True,False,True,False,2026-05-03T22:43:46.090425,,-2.32,2.32,False,False,False,False,True
661,3,60,70,3.0,12,wet,sedan,65,15,sedan,False,True,True,급정지,일반구간,False,6.85,0,0.5,0,True,-0.0,True,False,False,False,2026-05-03T22:43:48.928365,,-2.44,2.44,False,False,False,False,True
662,3,60,70,4.0,12,wet,sedan,0,0,,False,True,False,급정지,일반구간,False,9.75,0,0.6,0,False,999.0,True,False,True,False,2026-05-03T22:43:51.348519,,-2.38,2.38,False,False,False,False,True
663,3,60,70,4.0,12,wet,sedan,65,15,sedan,False,True,True,급정지,일반구간,False,6.85,0,0.5,0,True,-0.0,True,False,False,False,2026-05-03T22:43:54.185352,,-2.44,2.44,False,False,False,False,True
664,3,60,70,5.0,12,wet,sedan,0,0,,False,True,False,급정지,일반구간,False,9.75,0,0.6,0,False,999.0,True,False,True,False,2026-05-03T22:43:56.604750,,-2.38,2.38,False,False,False,False,True
665,3,60,70,5.0,12,wet,sedan,65,15,sedan,False,True,True,급정지,일반구간,False,6.85,0,0.5,0,True,-0.0,True,False,False,False,2026-05-03T22:43:59.440689,,-2.44,2.44,False,False,False,False,True
666,3,60,80,3.0,12,wet,sedan,0,0,,False,True,False,급정지,일반구간,False,10.4,0,0.0,0,False,999.0,True,False,True,False,2026-05-03T22:44:01.467712,,-2.37,2.37,False,False,False,False,True
667,3,60,80,3.0,12,wet,sedan,65,15,sedan,False,True,True,급정지,일반구간,False,7.75,0,1.0,0,True,0.01,True,False,False,False,2026-05-03T22:44:04.394691,,-2.58,2.58,False,False,False,False,True
668,3,60,80,4.0,12,wet,sedan,0,0,,False,True,False,급정지,일반구간,False,10.4,0,0.0,0,False,999.0,True,False,True,False,2026-05-03T22:44:07.023868,,-2.37,2.37,False,False,False,False,True
669,3,60,80,4.0,12,wet,sedan,65,15,sedan,False,True,True,급정지,일반구간,False,7.75,0,1.0,0,True,0.01,True,False,False,False,2026-05-03T22:44:10.010611,,-2.58,2.58,False,False,False,False,True
670,3,60,80,5.0,12,wet,sedan,0,0,,False,True,False,급정지,일반구간,False,10.4,0,0.0,0,False,999.0,True,False,True,False,2026-05-03T22:44:12.197158,,-2.37,2.37,False,False,False,False,True
671,3,60,80,5.0,12,wet,sedan,65,15,sedan,False,True,True,급정지,일반구간,False,7.75,0,1.0,0,True,0.01,True,False,False,False,2026-05-03T22:44:15.124983,,-2.58,2.58,False,False,False,False,True
672,3,30,10,3.0,12,dry,suv,0,0,,False,False,False,급정지,딜레마구간,False,1.85,0,0.6,0,False,999.0,True,False,True,False,2026-05-03T22:44:17.312256,,-1.99,1.99,False,False,False,True,True
673,3,30,10,3.0,12,dry,suv,35,15,sedan,False,False,False,급정지,딜레마구간,False,1.55,0,0.0,0,False,8.83,True,False,True,False,2026-05-03T22:44:18.110313,,1.97,1.97,False,False,False,True,True
674,3,30,10,4.0,12,dry,suv,0,0,,True,False,False,진행,일반구간,False,3.25,0,29.9,0,False,999.0,False,False,True,False,2026-05-03T22:44:19.062403,,35.19,35.19,False,False,True,False,True
675,3,30,10,4.0,12,dry,suv,35,15,sedan,True,False,False,진행,일반구간,False,3.25,0,29.9,0,False,14.37,False,False,True,False,2026-05-03T22:44:20.492929,,44.12,44.12,False,False,True,False,True
676,3,30,10,5.0,12,dry,suv,0,0,,True,False,False,진행,일반구간,False,3.25,0,29.9,0,False,999.0,False,False,True,False,2026-05-03T22:44:22.127239,,35.2,35.2,False,False,True,False,True
677,3,30,10,5.0,12,dry,suv,35,15,sedan,True,False,False,진행,일반구간,False,3.25,0,29.9,0,False,14.38,False,False,True,False,2026-05-03T22:44:23.554037,,44.12,44.12,False,False,True,False,True
678,3,30,20,3.0,12,dry,suv,0,0,,False,True,False,급정지,일반구간,False,3.85,0,0.9,0,False,999.0,True,False,True,False,2026-05-03T22:44:25.187385,,-2.16,2.16,False,False,False,False,True
679,3,30,20,3.0,12,dry,suv,35,15,sedan,False,True,False,급정지,일반구간,False,2.05,0,0.0,0,False,10.68,True,False,True,False,2026-05-03T22:44:26.350835,,-2.06,2.06,False,False,False,False,True
680,3,30,20,4.0,12,dry,suv,0,0,,False,True,False,급정지,일반구간,False,3.85,0,0.9,0,False,999.0,True,False,True,False,2026-05-03T22:44:27.392982,,-2.16,2.16,False,False,False,False,True
681,3,30,20,4.0,12,dry,suv,35,15,sedan,False,True,False,급정지,일반구간,False,2.05,0,0.0,0,False,10.68,True,False,True,False,2026-05-03T22:44:28.559033,,-2.06,2.06,False,False,False,False,True
682,3,30,20,5.0,12,dry,suv,0,0,,True,True,False,진행,진행/정지선택구간,False,4.45,0,29.9,0,False,999.0,False,False,True,False,2026-05-03T22:44:29.594158,,35.15,35.15,False,False,True,False,True
683,3,30,20,5.0,12,dry,suv,35,15,sedan,True,True,False,진행,진행/정지선택구간,False,4.5,0,29.9,0,False,12.69,False,False,True,False,2026-05-03T22:44:31.240088,,44.07,44.07,False,False,True,False,True
684,3,30,30,3.0,12,dry,suv,0,0,,False,True,False,급정지,일반구간,False,5.25,0,0.7,0,False,999.0,True,False,True,False,2026-05-03T22:44:33.091432,,-2.25,2.25,False,False,False,False,True
685,3,30,30,3.0,12,dry,suv,35,15,sedan,False,True,False,급정지,일반구간,False,4.15,0,0.0,0,False,10.05,True,False,True,False,2026-05-03T22:44:34.506354,,-2.23,2.23,False,False,False,False,True
686,3,30,30,4.0,12,dry,suv,0,0,,False,True,False,급정지,일반구간,False,5.25,0,0.7,0,False,999.0,True,False,True,False,2026-05-03T22:44:35.936340,,-2.25,2.25,False,False,False,False,True
687,3,30,30,4.0,12,dry,suv,35,15,sedan,False,True,False,급정지,일반구간,False,4.15,0,0.0,0,False,10.05,True,False,True,False,2026-05-03T22:44:37.354976,,-2.23,2.23,False,False,False,False,True
688,3,30,30,5.0,12,dry,suv,0,0,,False,True,False,급정지,일반구간,False,5.0,0,0.1,0,False,999.0,True,False,True,False,2026-05-03T22:44:38.771764,,-2.31,2.31,False,False,False,False,True
689,3,30,30,5.0,12,dry,suv,35,15,sedan,False,True,False,급정지,일반구간,False,4.15,0,0.0,0,False,10.05,True,False,True,False,2026-05-03T22:44:40.140743,,-2.23,2.23,False,False,False,False,True
690,3,30,40,3.0,12,dry,suv,0,0,,False,True,False,급정지,일반구간,False,6.65,0,0.0,0,False,999.0,True,False,True,False,2026-05-03T22:44:41.572871,,-2.16,2.16,False,False,False,False,True
691,3,30,40,3.0,12,dry,suv,35,15,sedan,False,True,False,급정지,일반구간,False,5.1,0,0.7,0,False,15,True,False,True,False,2026-05-03T22:44:43.245626,,-2.45,2.45,False,False,False,False,True
692,3,30,40,4.0,12,dry,suv,0,0,,False,True,False,급정지,일반구간,False,6.65,0,0.0,0,False,999.0,True,False,True,False,2026-05-03T22:44:44.831797,,-2.16,2.16,False,False,False,False,True
693,3,30,40,4.0,12,dry,suv,35,15,sedan,False,True,False,급정지,일반구간,False,5.1,0,0.7,0,False,15,True,False,True,False,2026-05-03T22:44:46.501381,,-2.47,2.47,False,False,False,False,True
694,3,30,40,5.0,12,dry,suv,0,0,,False,True,False,급정지,일반구간,False,6.65,0,0.0,0,False,999.0,True,False,True,False,2026-05-03T22:44:48.087495,,-2.16,2.16,False,False,False,False,True
695,3,30,40,5.0,12,dry,suv,35,15,sedan,False,True,False,급정지,일반구간,False,5.1,0,0.7,0,False,15,True,False,True,False,2026-05-03T22:44:49.755982,,-2.45,2.45,False,False,False,False,True
696,3,30,50,3.0,12,dry,suv,0,0,,False,True,False,급정지,일반구간,False,7.95,0,0.7,0,False,999.0,True,False,True,False,2026-05-03T22:44:51.342178,,-2.17,2.17,False,False,False,False,True
697,3,30,50,3.0,12,dry,suv,35,15,sedan,False,True,False,급정지,일반구간,False,6.8,0,0.0,0,False,15,True,False,True,False,2026-05-03T22:44:53.268663,,-2.18,2.18,False,False,False,False,True
698,3,30,50,4.0,12,dry,suv,0,0,,False,True,False,급정지,일반구간,False,7.65,0,0.8,0,False,999.0,True,False,True,False,2026-05-03T22:44:55.167675,,-2.35,2.35,False,False,False,False,True
699,3,30,50,4.0,12,dry,suv,35,15,sedan,False,True,False,급정지,일반구간,False,6.85,0,0.0,0,False,15,True,False,True,False,2026-05-03T22:44:57.016099,,-2.13,2.13,False,False,False,False,True
700,3,30,50,5.0,12,dry,suv,0,0,,False,True,False,급정지,일반구간,False,7.95,0,0.7,0,False,999.0,True,False,True,False,2026-05-03T22:44:58.967178,,-2.17,2.17,False,False,False,False,True
701,3,30,50,5.0,12,dry,suv,35,15,sedan,False,True,False,급정지,일반구간,False,6.85,0,0.0,0,False,15,True,False,True,False,2026-05-03T22:45:00.851186,,-2.13,2.13,False,False,False,False,True
702,3,30,60,3.0,12,dry,suv,0,0,,False,True,False,급정지,일반구간,False,9.4,0,0.0,0,False,999.0,True,False,True,False,2026-05-03T22:45:02.755459,,-2.24,2.24,False,False,False,False,True
703,3,30,60,3.0,12,dry,suv,35,15,sedan,False,True,False,급정지,일반구간,False,8.1,0,0.6,0,False,15,True,False,True,False,2026-05-03T22:45:04.967297,,-2.19,2.19,False,False,False,False,True
704,3,30,60,4.0,12,dry,suv,0,0,,False,True,False,급정지,일반구간,False,9.4,0,0.0,0,False,999.0,True,False,True,False,2026-05-03T22:45:07.165202,,-2.24,2.24,False,False,False,False,True
705,3,30,60,4.0,12,dry,suv,35,15,sedan,False,True,False,급정지,일반구간,False,8.1,0,0.6,0,False,15,True,False,True,False,2026-05-03T22:45:09.328787,,-2.19,2.19,False,False,False,False,True
706,3,30,60,5.0,12,dry,suv,0,0,,False,True,False,급정지,일반구간,False,9.4,0,0.6,0,False,999.0,True,False,True,False,2026-05-03T22:45:11.457320,,-2.2,2.2,False,False,False,False,True
707,3,30,60,5.0,12,dry,suv,35,15,sedan,False,True,False,급정지,일반구간,False,8.1,0,0.6,0,False,15,True,False,True,False,2026-05-03T22:45:13.622502,,-2.19,2.19,False,False,False,False,True
708,3,30,70,3.0,12,dry,suv,0,0,,False,True,False,급정지,일반구간,False,10.7,0,0.7,0,False,999.0,True,False,True,False,2026-05-03T22:45:15.749706,,-2.22,2.22,False,False,False,False,True
709,3,30,70,3.0,12,dry,suv,35,15,sedan,False,True,False,급정지,일반구간,False,9.35,0,0.7,0,False,15,True,False,True,False,2026-05-03T22:45:18.149384,,-2.24,2.24,False,False,False,False,True
710,3,30,70,4.0,12,dry,suv,0,0,,False,True,False,급정지,일반구간,False,10.7,0,0.7,0,False,999.0,True,False,True,False,2026-05-03T22:45:20.501592,,-2.22,2.22,False,False,False,False,True
711,3,30,70,4.0,12,dry,suv,35,15,sedan,False,True,False,급정지,일반구간,False,9.35,0,0.7,0,False,15,True,False,True,False,2026-05-03T22:45:22.901604,,-2.24,2.24,False,False,False,False,True
712,3,30,70,5.0,12,dry,suv,0,0,,False,True,False,급정지,일반구간,False,10.7,0,0.7,0,False,999.0,True,False,True,False,2026-05-03T22:45:25.255057,,-2.22,2.22,False,False,False,False,True
713,3,30,70,5.0,12,dry,suv,35,15,sedan,False,True,False,급정지,일반구간,False,9.35,0,0.7,0,False,15,True,False,True,False,2026-05-03T22:45:27.652783,,-2.24,2.24,False,False,False,False,True
714,3,30,80,3.0,12,dry,suv,0,0,,False,True,False,급정지,일반구간,False,11.8,0,0.7,0,False,999.0,True,False,True,False,2026-05-03T22:45:30.005300,,-2.42,2.42,False,False,False,False,True
715,3,30,80,3.0,12,dry,suv,35,15,sedan,False,True,False,급정지,일반구간,False,10.9,0,0.0,0,False,15,True,False,True,False,2026-05-03T22:45:32.601389,,-2.2,2.2,False,False,False,False,True
716,3,30,80,4.0,12,dry,suv,0,0,,False,True,False,급정지,일반구간,False,11.8,0,0.1,0,False,999.0,True,False,True,False,2026-05-03T22:45:35.233915,,-2.26,2.26,False,False,False,False,True
717,3,30,80,4.0,12,dry,suv,35,15,sedan,False,True,False,급정지,일반구간,False,10.9,0,0.0,0,False,15,True,False,True,False,2026-05-03T22:45:37.831062,,-2.2,2.2,False,False,False,False,True
718,3,30,80,5.0,12,dry,suv,0,0,,False,True,False,급정지,일반구간,False,11.8,0,0.7,0,False,999.0,True,False,True,False,2026-05-03T22:45:40.492697,,-2.42,2.42,False,False,False,False,True
719,3,30,80,5.0,12,dry,suv,35,15,sedan,False,True,False,급정지,일반구간,False,10.9,0,0.0,0,False,15,True,False,True,False,2026-05-03T22:45:43.092856,,-2.2,2.2,False,False,False,False,True
720,3,35,10,3.0,12,dry,suv,0,0,,False,False,False,급정지,딜레마구간,False,1.6,0,0.0,0,False,999.0,True,False,True,False,2026-05-03T22:45:45.727471,,-2.02,2.02,False,False,False,True,True
721,3,35,10,3.0,12,dry,suv,40,15,sedan,False,False,False,급정지,딜레마구간,False,1.55,0,0.0,0,False,9.78,False,False,False,False,2026-05-03T22:45:46.477238,,5.29,5.29,True,False,False,True,False
722,3,35,10,4.0,12,dry,suv,0,0,,True,False,False,진행,일반구간,False,2.8,0,34.8,0,False,999.0,False,False,True,False,2026-05-03T22:45:47.429518,,37.8,37.8,False,False,True,False,True
723,3,35,10,4.0,12,dry,suv,40,15,sedan,True,False,False,진행,일반구간,False,2.8,0,34.7,0,False,15,False,False,True,False,2026-05-03T22:45:48.779295,,48.7,48.7,False,False,True,False,True
724,3,35,10,5.0,12,dry,suv,0,0,,True,False,False,진행,일반구간,False,2.8,0,34.8,0,False,999.0,False,False,True,False,2026-05-03T22:45:50.334164,,37.8,37.8,False,False,True,False,True
725,3,35,10,5.0,12,dry,suv,40,15,sedan,True,False,False,진행,일반구간,False,2.8,0,34.7,0,False,15,False,False,True,False,2026-05-03T22:45:51.680386,,48.71,48.71,False,False,True,False,True
726,3,35,20,3.0,12,dry,suv,0,0,,False,True,False,급정지,일반구간,False,3.85,0,0.6,0,False,999.0,True,False,True,False,2026-05-03T22:45:53.234987,,-2.24,2.24,False,False,False,False,True
727,3,35,20,3.0,12,dry,suv,40,15,sedan,False,True,False,급정지,일반구간,False,1.6,0,0.2,0,False,11.83,True,False,True,False,2026-05-03T22:45:54.395516,,-2.16,2.16,False,False,False,False,True
728,3,35,20,4.0,12,dry,suv,0,0,,False,True,False,급정지,일반구간,False,3.85,0,0.6,0,False,999.0,True,False,True,False,2026-05-03T22:45:55.346184,,-2.24,2.24,False,False,False,False,True
729,3,35,20,4.0,12,dry,suv,40,15,sedan,False,True,False,급정지,일반구간,False,1.6,0,0.2,0,False,11.83,True,False,True,False,2026-05-03T22:45:56.519107,,-2.16,2.16,False,False,False,False,True
730,3,35,20,5.0,12,dry,suv,0,0,,True,True,False,진행,진행/정지선택구간,False,3.85,0,34.7,0,False,999.0,False,False,True,False,2026-05-03T22:45:57.482562,,37.94,37.94,False,False,True,False,True
731,3,35,20,5.0,12,dry,suv,40,15,sedan,True,True,False,진행,진행/정지선택구간,False,3.85,0,34.7,0,False,15,False,False,True,False,2026-05-03T22:45:59.027568,,48.37,48.37,False,False,True,False,True
732,3,35,30,3.0,12,dry,suv,0,0,,False,True,False,급정지,일반구간,False,4.9,0,0.6,0,False,999.0,True,False,True,False,2026-05-03T22:46:00.762605,,-2.28,2.28,False,False,False,False,True
733,3,35,30,3.0,12,dry,suv,40,15,sedan,False,True,False,급정지,일반구간,False,3.65,0,0.9,0,False,5.25,True,False,True,False,2026-05-03T22:46:02.113974,,-2.27,2.27,False,False,False,False,True
734,3,35,30,4.0,12,dry,suv,0,0,,False,True,False,급정지,일반구간,False,4.9,0,0.6,0,False,999.0,True,False,True,False,2026-05-03T22:46:03.438285,,-2.28,2.28,False,False,False,False,True
735,3,35,30,4.0,12,dry,suv,40,15,sedan,False,True,False,급정지,일반구간,False,3.65,0,0.9,0,False,5.25,True,False,True,False,2026-05-03T22:46:04.787400,,-2.27,2.27,False,False,False,False,True
736,3,35,30,5.0,12,dry,suv,0,0,,False,True,False,급정지,일반구간,False,4.9,0,0.6,0,False,999.0,True,False,True,False,2026-05-03T22:46:06.112791,,-2.28,2.28,False,False,False,False,True
737,3,35,30,5.0,12,dry,suv,40,15,sedan,False,True,False,급정지,일반구간,False,3.4,0,0.9,0,False,6.65,True,False,True,False,2026-05-03T22:46:07.462833,,-2.45,2.45,False,False,False,False,True
738,3,35,40,3.0,12,dry,suv,0,0,,False,True,False,급정지,일반구간,False,6.5,0,0.0,0,False,999.0,True,False,True,False,2026-05-03T22:46:08.740408,,-2.15,2.15,False,False,False,False,True
739,3,35,40,3.0,12,dry,suv,40,15,sedan,False,True,False,급정지,일반구간,False,5.15,0,0.9,0,False,8.29,True,False,True,False,2026-05-03T22:46:10.415754,,-2.11,2.11,False,False,False,False,True
740,3,35,40,4.0,12,dry,suv,0,0,,False,True,False,급정지,일반구간,False,6.5,0,0.0,0,False,999.0,True,False,True,False,2026-05-03T22:46:12.066067,,-2.15,2.15,False,False,False,False,True
741,3,35,40,4.0,12,dry,suv,40,15,sedan,False,True,False,급정지,일반구간,False,5.15,0,0.9,0,False,8.29,True,False,True,False,2026-05-03T22:46:13.726158,,-2.11,2.11,False,False,False,False,True
742,3,35,40,5.0,12,dry,suv,0,0,,False,True,False,급정지,일반구간,False,6.5,0,0.0,0,False,999.0,True,False,True,False,2026-05-03T22:46:15.348972,,-2.15,2.15,False,False,False,False,True
743,3,35,40,5.0,12,dry,suv,40,15,sedan,False,True,False,급정지,일반구간,False,5.1,0,0.8,0,False,8.34,True,False,True,False,2026-05-03T22:46:17.003898,,-2.24,2.24,False,False,False,False,True
744,3,35,50,3.0,12,dry,suv,0,0,,False,True,False,급정지,일반구간,False,7.7,0,0.0,0,False,999.0,True,False,True,False,2026-05-03T22:46:18.609137,,-2.12,2.12,False,False,False,False,True
745,3,35,50,3.0,12,dry,suv,40,15,sedan,False,True,False,급정지,일반구간,False,6.2,0,0.0,0,False,15,True,False,True,False,2026-05-03T22:46:20.507047,,-2.11,2.11,False,False,False,False,True
746,3,35,50,4.0,12,dry,suv,0,0,,False,True,False,급정지,일반구간,False,7.7,0,0.0,0,False,999.0,True,False,True,False,2026-05-03T22:46:22.314145,,-2.12,2.12,False,False,False,False,True
747,3,35,50,4.0,12,dry,suv,40,15,sedan,False,True,False,급정지,일반구간,False,6.2,0,0.0,0,False,15,True,False,True,False,2026-05-03T22:46:24.190654,,-2.11,2.11,False,False,False,False,True
748,3,35,50,5.0,12,dry,suv,0,0,,False,True,False,급정지,일반구간,False,7.7,0,0.0,0,False,999.0,True,False,True,False,2026-05-03T22:46:25.993388,,-2.12,2.12,False,False,False,False,True
749,3,35,50,5.0,12,dry,suv,40,15,sedan,False,True,False,급정지,일반구간,False,6.2,0,0.0,0,False,15,True,False,True,False,2026-05-03T22:46:27.868559,,-2.11,2.11,False,False,False,False,True
750,3,35,60,3.0,12,dry,suv,0,0,,False,True,False,급정지,일반구간,False,8.6,0,0.7,0,False,999.0,True,False,True,False,2026-05-03T22:46:29.717521,,-2.21,2.21,False,False,False,False,True
751,3,35,60,3.0,12,dry,suv,40,15,sedan,False,True,False,급정지,일반구간,False,7.45,0,0.6,0,False,15,True,False,True,False,2026-05-03T22:46:31.757581,,-2.12,2.12,False,False,False,False,True
752,3,35,60,4.0,12,dry,suv,0,0,,False,True,False,급정지,일반구간,False,8.6,0,0.7,0,False,999.0,True,False,True,False,2026-05-03T22:46:33.792811,,-2.21,2.21,False,False,False,False,True
753,3,35,60,4.0,12,dry,suv,40,15,sedan,False,True,False,급정지,일반구간,False,7.25,0,0.7,0,False,15,True,False,True,False,2026-05-03T22:46:35.832825,,-2.23,2.23,False,False,False,False,True
754,3,35,60,5.0,12,dry,suv,0,0,,False,True,False,급정지,일반구간,False,8.6,0,0.7,0,False,999.0,True,False,True,False,2026-05-03T22:46:37.825308,,-2.21,2.21,False,False,False,False,True
755,3,35,60,5.0,12,dry,suv,40,15,sedan,False,True,False,급정지,일반구간,False,7.25,0,0.7,0,False,15,True,False,True,False,2026-05-03T22:46:39.864384,,-2.23,2.23,False,False,False,False,True
756,3,35,70,3.0,12,dry,suv,0,0,,False,True,False,급정지,일반구간,False,9.65,0,0.0,0,False,999.0,True,False,True,False,2026-05-03T22:46:41.856126,,-2.14,2.14,False,False,False,False,True
757,3,35,70,3.0,12,dry,suv,40,15,sedan,False,True,False,급정지,일반구간,False,8.55,0,0.6,0,False,15,True,False,True,False,2026-05-03T22:46:44.087552,,-2.26,2.26,False,False,False,False,True
758,3,35,70,4.0,12,dry,suv,0,0,,False,True,False,급정지,일반구간,False,9.6,0,0.8,0,False,999.0,True,False,True,False,2026-05-03T22:46:46.314387,,-2.3,2.3,False,False,False,False,True
759,3,35,70,4.0,12,dry,suv,40,15,sedan,False,True,False,급정지,일반구간,False,8.55,0,0.6,0,False,15,True,False,True,False,2026-05-03T22:46:48.562575,,-2.26,2.26,False,False,False,False,True
760,3,35,70,5.0,12,dry,suv,0,0,,False,True,False,급정지,일반구간,False,9.65,0,0.0,0,False,999.0,True,False,True,False,2026-05-03T22:46:50.800804,,-2.14,2.14,False,False,False,False,True
761,3,35,70,5.0,12,dry,suv,40,15,sedan,False,True,False,급정지,일반구간,False,8.55,0,0.6,0,False,15,True,False,True,False,2026-05-03T22:46:53.030473,,-2.26,2.26,False,False,False,False,True
762,3,35,80,3.0,12,dry,suv,0,0,,False,True,False,급정지,일반구간,False,10.85,0,0.6,0,False,999.0,True,False,True,False,2026-05-03T22:46:55.260497,,-2.24,2.24,False,False,False,False,True
763,3,35,80,3.0,12,dry,suv,40,15,sedan,False,True,False,급정지,일반구간,False,9.25,0,0.7,0,False,15,True,False,True,False,2026-05-03T22:46:57.711518,,-2.46,2.46,False,False,False,False,True
764,3,35,80,4.0,12,dry,suv,0,0,,False,True,False,급정지,일반구간,False,10.85,0,0.6,0,False,999.0,True,False,True,False,2026-05-03T22:47:00.069689,,-2.24,2.24,False,False,False,False,True
765,3,35,80,4.0,12,dry,suv,40,15,sedan,False,True,False,급정지,일반구간,False,9.25,0,0.7,0,False,15,True,False,True,False,2026-05-03T22:47:02.517470,,-2.46,2.46,False,False,False,False,True
766,3,35,80,5.0,12,dry,suv,0,0,,False,True,False,급정지,일반구간,False,10.85,0,0.6,0,False,999.0,True,False,True,False,2026-05-03T22:47:04.875256,,-2.24,2.24,False,False,False,False,True
767,3,35,80,5.0,12,dry,suv,40,15,sedan,False,True,False,급정지,일반구간,False,9.25,0,0.7,0,False,15,True,False,True,False,2026-05-03T22:47:07.342414,,-2.46,2.46,False,False,False,False,True
768,3,40,10,3.0,12,dry,suv,0,0,,True,False,False,진행,일반구간,False,2.45,0,39.7,0,False,999.0,False,False,True,False,2026-05-03T22:47:09.699100,,41.21,41.21,False,False,True,False,True
769,3,40,10,3.0,12,dry,suv,45,15,sedan,True,False,True,진행,일반구간,False,2.45,0,39.7,0,False,15,False,False,True,False,2026-05-03T22:47:10.991219,,53.14,53.14,False,False,True,False,True
770,3,40,10,4.0,12,dry,suv,0,0,,True,False,False,진행,일반구간,False,2.45,0,39.7,0,False,999.0,False,False,True,False,2026-05-03T22:47:12.488376,,41.21,41.21,False,False,True,False,True
771,3,40,10,4.0,12,dry,suv,45,15,sedan,True,False,True,진행,일반구간,False,2.45,0,39.7,0,False,15,False,False,True,False,2026-05-03T22:47:13.779496,,53.13,53.13,False,False,True,False,True
772,3,40,10,5.0,12,dry,suv,0,0,,True,False,False,진행,일반구간,False,2.45,0,39.7,0,False,999.0,False,False,True,False,2026-05-03T22:47:15.290842,,41.21,41.21,False,False,True,False,True
773,3,40,10,5.0,12,dry,suv,45,15,sedan,True,False,True,진행,일반구간,False,2.45,0,39.7,0,False,15,False,False,True,False,2026-05-03T22:47:16.585035,,53.14,53.14,False,False,True,False,True
774,3,40,20,3.0,12,dry,suv,0,0,,False,False,False,급정지,딜레마구간,False,3.2,0,0.1,0,False,999.0,True,False,True,False,2026-05-03T22:47:18.082687,,-2.26,2.26,False,False,False,True,True
775,3,40,20,3.0,12,dry,suv,45,15,sedan,False,False,True,급정지,딜레마구간,False,1.55,0,0.0,0,False,12.76,True,False,True,False,2026-05-03T22:47:19.135335,,0.71,0.71,False,False,False,True,True
776,3,40,20,4.0,12,dry,suv,0,0,,True,False,False,진행,일반구간,False,3.4,0,39.7,0,False,999.0,False,False,True,False,2026-05-03T22:47:20.085229,,41.12,41.12,False,False,True,False,True
777,3,40,20,4.0,12,dry,suv,45,15,sedan,True,False,True,진행,일반구간,False,3.4,0,39.7,0,False,15,False,False,True,False,2026-05-03T22:47:21.554324,,53.05,53.05,False,False,True,False,True
778,3,40,20,5.0,12,dry,suv,0,0,,True,False,False,진행,일반구간,False,3.4,0,39.7,0,False,999.0,False,False,True,False,2026-05-03T22:47:23.222123,,41.12,41.12,False,False,True,False,True
779,3,40,20,5.0,12,dry,suv,45,15,sedan,True,False,True,진행,일반구간,False,3.4,0,39.7,0,False,15,False,False,True,False,2026-05-03T22:47:24.676986,,53.05,53.05,False,False,True,False,True
780,3,40,30,3.0,12,dry,suv,0,0,,False,True,False,급정지,일반구간,False,5.05,0,0.0,0,False,999.0,True,False,True,False,2026-05-03T22:47:26.336194,,-2.14,2.14,False,False,False,False,True
781,3,40,30,3.0,12,dry,suv,45,15,sedan,False,True,True,급정지,일반구간,False,3.15,0,0.0,0,False,4.08,True,False,True,False,2026-05-03T22:47:27.728255,,-2.1,2.1,False,False,False,False,True
782,3,40,30,4.0,12,dry,suv,0,0,,False,True,False,급정지,일반구간,False,5.05,0,0.0,0,False,999.0,True,False,True,False,2026-05-03T22:47:28.974413,,-2.14,2.14,False,False,False,False,True
783,3,40,30,4.0,12,dry,suv,45,15,sedan,False,True,True,급정지,일반구간,False,3.15,0,0.0,0,False,4.08,True,False,True,False,2026-05-03T22:47:30.377969,,-2.1,2.1,False,False,False,False,True
784,3,40,30,5.0,12,dry,suv,0,0,,True,True,False,진행,진행/정지선택구간,False,4.3,0,39.7,0,False,999.0,False,False,True,False,2026-05-03T22:47:31.629546,,41.03,41.03,False,False,True,False,True
785,3,40,30,5.0,12,dry,suv,45,15,sedan,True,True,True,진행,진행/정지선택구간,False,4.3,0,39.7,0,False,15,False,False,True,False,2026-05-03T22:47:33.249521,,52.96,52.96,False,False,True,False,True
786,3,40,40,3.0,12,dry,suv,0,0,,False,True,False,급정지,일반구간,False,6.0,0,0.1,0,False,999.0,True,False,True,False,2026-05-03T22:47:35.136252,,-2.18,2.18,False,False,False,False,True
787,3,40,40,3.0,12,dry,suv,45,15,sedan,False,True,True,감속,일반구간,False,4.1,0,0.0,0,False,7.21,True,False,True,False,2026-05-03T22:47:36.707361,,-1.81,1.81,False,False,False,False,True
788,3,40,40,4.0,12,dry,suv,0,0,,False,True,False,급정지,일반구간,False,6.0,0,0.1,0,False,999.0,True,False,True,False,2026-05-03T22:47:38.118792,,-2.18,2.18,False,False,False,False,True
789,3,40,40,4.0,12,dry,suv,45,15,sedan,False,True,True,감속,일반구간,False,4.1,0,0.0,0,False,7.21,True,False,True,False,2026-05-03T22:47:39.721317,,-1.81,1.81,False,False,False,False,True
790,3,40,40,5.0,12,dry,suv,0,0,,False,True,False,급정지,일반구간,False,6.0,0,0.1,0,False,999.0,True,False,True,False,2026-05-03T22:47:41.150805,,-2.18,2.18,False,False,False,False,True
791,3,40,40,5.0,12,dry,suv,45,15,sedan,False,True,True,감속,일반구간,False,4.1,0,0.0,0,False,7.21,True,False,True,False,2026-05-03T22:47:42.708763,,-1.81,1.81,False,False,False,False,True
792,3,40,50,3.0,12,dry,suv,0,0,,False,True,False,급정지,일반구간,False,6.95,0,0.7,0,False,999.0,True,False,True,False,2026-05-03T22:47:44.121673,,-2.27,2.27,False,False,False,False,True
793,3,40,50,3.0,12,dry,suv,45,15,sedan,False,True,True,감속,일반구간,False,5.0,0,0.6,0,False,12.05,True,False,True,False,2026-05-03T22:47:45.854212,,-1.74,1.74,False,False,False,False,True
794,3,40,50,4.0,12,dry,suv,0,0,,False,True,False,급정지,일반구간,False,6.95,0,0.7,0,False,999.0,True,False,True,False,2026-05-03T22:47:47.427547,,-2.27,2.27,False,False,False,False,True
795,3,40,50,4.0,12,dry,suv,45,15,sedan,False,True,True,감속,일반구간,False,5.0,0,0.6,0,False,12.05,True,False,True,False,2026-05-03T22:47:49.156237,,-1.74,1.74,False,False,False,False,True
796,3,40,50,5.0,12,dry,suv,0,0,,False,True,False,급정지,일반구간,False,6.95,0,0.7,0,False,999.0,True,False,True,False,2026-05-03T22:47:50.735987,,-2.27,2.27,False,False,False,False,True
797,3,40,50,5.0,12,dry,suv,45,15,sedan,False,True,True,감속,일반구간,False,5.0,0,0.6,0,False,12.05,True,False,True,False,2026-05-03T22:47:52.478538,,-1.74,1.74,False,False,False,False,True
798,3,40,60,3.0,12,dry,suv,0,0,,False,True,False,급정지,일반구간,False,8.05,0,0.7,0,False,999.0,True,False,True,False,2026-05-03T22:47:54.061530,,-2.26,2.26,False,False,False,False,True
799,3,40,60,3.0,12,dry,suv,45,15,sedan,False,True,True,감속,일반구간,False,6.0,0,0.0,0,False,15,True,False,True,False,2026-05-03T22:47:55.980599,,-1.79,1.79,False,False,False,False,True
800,3,40,60,4.0,12,dry,suv,0,0,,False,True,False,급정지,일반구간,False,8.05,0,0.7,0,False,999.0,True,False,True,False,2026-05-03T22:47:57.799608,,-2.26,2.26,False,False,False,False,True
801,3,40,60,4.0,12,dry,suv,45,15,sedan,False,True,True,감속,일반구간,False,6.0,0,0.0,0,False,15,True,False,True,False,2026-05-03T22:47:59.701383,,-1.79,1.79,False,False,False,False,True
802,3,40,60,5.0,12,dry,suv,0,0,,False,True,False,급정지,일반구간,False,8.05,0,0.7,0,False,999.0,True,False,True,False,2026-05-03T22:48:01.446057,,-2.26,2.26,False,False,False,False,True
803,3,40,60,5.0,12,dry,suv,45,15,sedan,False,True,True,감속,일반구간,False,6.0,0,0.0,0,False,15,True,False,True,False,2026-05-03T22:48:03.382545,,-1.79,1.79,False,False,False,False,True
804,3,40,70,3.0,12,dry,suv,0,0,,False,True,False,급정지,일반구간,False,8.95,0,0.7,0,False,999.0,True,False,True,False,2026-05-03T22:48:05.145406,,-2.18,2.18,False,False,False,False,True
805,3,40,70,3.0,12,dry,suv,45,15,sedan,False,True,True,감속,일반구간,False,7.05,0,0.9,0,False,15,True,False,True,False,2026-05-03T22:48:07.247350,,-1.73,1.73,False,False,False,False,True
806,3,40,70,4.0,12,dry,suv,0,0,,False,True,False,급정지,일반구간,False,8.95,0,0.7,0,False,999.0,True,False,True,False,2026-05-03T22:48:09.196384,,-2.18,2.18,False,False,False,False,True
807,3,40,70,4.0,12,dry,suv,45,15,sedan,False,True,True,감속,일반구간,False,7.05,0,0.9,0,False,15,True,False,True,False,2026-05-03T22:48:11.289013,,-1.73,1.73,False,False,False,False,True
808,3,40,70,5.0,12,dry,suv,0,0,,False,True,False,급정지,일반구간,False,8.95,0,0.7,0,False,999.0,True,False,True,False,2026-05-03T22:48:13.251412,,-2.18,2.18,False,False,False,False,True
809,3,40,70,5.0,12,dry,suv,45,15,sedan,False,True,True,감속,일반구간,False,7.05,0,0.9,0,False,15,True,False,True,False,2026-05-03T22:48:15.348446,,-1.73,1.73,False,False,False,False,True
810,3,40,80,3.0,12,dry,suv,0,0,,False,True,False,급정지,일반구간,False,10.2,0,0.0,0,False,999.0,True,False,True,False,2026-05-03T22:48:17.291403,,-2.04,2.04,False,False,False,False,True
811,3,40,80,3.0,12,dry,suv,45,15,sedan,False,True,True,감속,일반구간,False,8.05,0,0.0,0,False,15,True,False,True,False,2026-05-03T22:48:19.640618,,-1.76,1.76,False,False,False,False,True
812,3,40,80,4.0,12,dry,suv,0,0,,False,True,False,급정지,일반구간,False,10.2,0,0.0,0,False,999.0,True,False,True,False,2026-05-03T22:48:21.799624,,-2.04,2.04,False,False,False,False,True
813,3,40,80,4.0,12,dry,suv,45,15,sedan,False,True,True,감속,일반구간,False,8.05,0,0.0,0,False,15,True,False,True,False,2026-05-03T22:48:24.149405,,-1.76,1.76,False,False,False,False,True
814,3,40,80,5.0,12,dry,suv,0,0,,False,True,False,급정지,일반구간,False,10.2,0,0.0,0,False,999.0,True,False,True,False,2026-05-03T22:48:26.287578,,-2.04,2.04,False,False,False,False,True
815,3,40,80,5.0,12,dry,suv,45,15,sedan,False,True,True,감속,일반구간,False,8.05,0,0.0,0,False,15,True,False,True,False,2026-05-03T22:48:28.611885,,-1.76,1.76,False,False,False,False,True
816,3,45,10,3.0,12,dry,suv,0,0,,True,False,False,진행,일반구간,False,2.2,0,44.5,0,False,999.0,False,False,True,False,2026-05-03T22:48:30.744973,,43.8,43.8,False,False,True,False,True
817,3,45,10,3.0,12,dry,suv,50,15,sedan,True,False,True,진행,일반구간,False,2.2,0,44.5,0,False,15,False,False,True,False,2026-05-03T22:48:31.976186,,57.84,57.84,False,False,True,False,True
818,3,45,10,4.0,12,dry,suv,0,0,,True,False,False,진행,일반구간,False,2.2,0,44.5,0,False,999.0,False,False,True,False,2026-05-03T22:48:33.421092,,43.8,43.8,False,False,True,False,True
819,3,45,10,4.0,12,dry,suv,50,15,sedan,True,False,True,진행,일반구간,False,2.2,0,44.5,0,False,15,False,False,True,False,2026-05-03T22:48:34.650517,,57.83,57.83,False,False,True,False,True
820,3,45,10,5.0,12,dry,suv,0,0,,True,False,False,진행,일반구간,False,2.2,0,44.5,0,False,999.0,False,False,True,False,2026-05-03T22:48:36.082521,,43.8,43.8,False,False,True,False,True
821,3,45,10,5.0,12,dry,suv,50,15,sedan,True,False,True,진행,일반구간,False,2.2,0,44.5,0,False,15,False,False,True,False,2026-05-03T22:48:37.300346,,57.84,57.84,False,False,True,False,True
822,3,45,20,3.0,12,dry,suv,0,0,,False,False,False,급정지,딜레마구간,False,3.05,0,0.0,0,False,999.0,True,False,True,False,2026-05-03T22:48:38.734319,,-2.16,2.16,False,False,False,True,True
823,3,45,20,3.0,12,dry,suv,50,15,sedan,False,False,True,급정지,딜레마구간,False,1.55,0,0.0,0,False,12.73,True,False,True,False,2026-05-03T22:48:39.751673,,3.09,3.09,True,False,False,True,True
824,3,45,20,4.0,12,dry,suv,0,0,,True,False,False,진행,일반구간,False,3.0,0,44.5,0,False,999.0,False,False,True,False,2026-05-03T22:48:40.711254,,44.31,44.31,False,False,True,False,True
825,3,45,20,4.0,12,dry,suv,50,15,sedan,True,False,True,진행,일반구간,False,3.0,0,44.5,0,False,15,False,False,True,False,2026-05-03T22:48:42.126942,,57.73,57.73,False,False,True,False,True
826,3,45,20,5.0,12,dry,suv,0,0,,True,False,False,진행,일반구간,False,3.0,0,44.5,0,False,999.0,False,False,True,False,2026-05-03T22:48:43.712682,,44.31,44.31,False,False,True,False,True
827,3,45,20,5.0,12,dry,suv,50,15,sedan,True,False,True,진행,일반구간,False,3.0,0,44.5,0,False,15,False,False,True,False,2026-05-03T22:48:45.094686,,57.73,57.73,False,False,True,False,True
828,3,45,30,3.0,12,dry,suv,0,0,,False,True,False,급정지,일반구간,False,4.95,0,0.7,0,False,999.0,True,False,True,False,2026-05-03T22:48:46.680268,,-2.26,2.26,False,False,False,False,True
829,3,45,30,3.0,12,dry,suv,50,15,sedan,False,True,True,급정지,일반구간,False,2.55,0,0.0,0,False,5.74,True,False,True,False,2026-05-03T22:48:48.060239,,-2.05,2.05,False,False,False,False,True
830,3,45,30,4.0,12,dry,suv,0,0,,False,True,False,급정지,일반구간,False,4.95,0,0.7,0,False,999.0,True,False,True,False,2026-05-03T22:48:49.199373,,-2.26,2.26,False,False,False,False,True
831,3,45,30,4.0,12,dry,suv,50,15,sedan,False,True,True,급정지,일반구간,False,2.55,0,0.0,0,False,5.74,True,False,True,False,2026-05-03T22:48:50.565575,,-2.06,2.06,False,False,False,False,True
832,3,45,30,5.0,12,dry,suv,0,0,,True,True,False,진행,진행/정지선택구간,False,3.8,0,44.5,0,False,999.0,False,False,True,False,2026-05-03T22:48:51.689287,,44.21,44.21,False,False,True,False,True
833,3,45,30,5.0,12,dry,suv,50,15,sedan,True,True,True,진행,진행/정지선택구간,False,3.8,0,44.5,0,False,15,False,False,True,False,2026-05-03T22:48:53.214847,,57.62,57.62,False,False,True,False,True
834,3,45,40,3.0,12,dry,suv,0,0,,False,True,False,급정지,일반구간,False,6.05,0,0.7,0,False,999.0,True,False,True,False,2026-05-03T22:48:54.938917,,-2.24,2.24,False,False,False,False,True
835,3,45,40,3.0,12,dry,suv,50,15,sedan,False,True,True,급정지,일반구간,False,4.8,0,0.8,0,True,-0.02,True,False,False,False,2026-05-03T22:48:56.496050,,-0.33,0.33,False,False,False,False,True
836,3,45,40,4.0,12,dry,suv,0,0,,False,True,False,급정지,일반구간,False,6.05,0,0.7,0,False,999.0,True,False,True,False,2026-05-03T22:48:58.043086,,-2.24,2.24,False,False,False,False,True
837,3,45,40,4.0,12,dry,suv,50,15,sedan,False,True,True,급정지,일반구간,False,4.8,0,0.8,0,True,-0.02,True,False,False,False,2026-05-03T22:48:59.604447,,-0.33,0.33,False,False,False,False,True
838,3,45,40,5.0,12,dry,suv,0,0,,False,True,False,급정지,일반구간,False,6.05,0,0.7,0,False,999.0,True,False,True,False,2026-05-03T22:49:01.138575,,-2.24,2.24,False,False,False,False,True
839,3,45,40,5.0,12,dry,suv,50,15,sedan,False,True,True,급정지,일반구간,False,4.8,0,0.0,0,True,-0.06,True,False,False,False,2026-05-03T22:49:02.695220,,-0.43,0.43,False,False,False,False,True
840,3,45,50,3.0,12,dry,suv,0,0,,False,True,False,급정지,일반구간,False,6.9,0,0.6,0,False,999.0,True,False,True,False,2026-05-03T22:49:04.227176,,-2.25,2.25,False,False,False,False,True
841,3,45,50,3.0,12,dry,suv,50,15,sedan,False,True,True,감속,일반구간,False,4.8,0,0.7,0,False,6.28,True,False,True,False,2026-05-03T22:49:05.940405,,-1.73,1.73,False,False,False,False,True
842,3,45,50,4.0,12,dry,suv,0,0,,False,True,False,급정지,일반구간,False,6.9,0,0.6,0,False,999.0,True,False,True,False,2026-05-03T22:49:07.469714,,-2.25,2.25,False,False,False,False,True
843,3,45,50,4.0,12,dry,suv,50,15,sedan,False,True,True,감속,일반구간,False,4.75,0,0.0,0,False,6.57,True,False,True,False,2026-05-03T22:49:09.182440,,-1.77,1.77,False,False,False,False,True
844,3,45,50,5.0,12,dry,suv,0,0,,False,True,False,급정지,일반구간,False,6.9,0,0.6,0,False,999.0,True,False,True,False,2026-05-03T22:49:10.718480,,-2.25,2.25,False,False,False,False,True
845,3,45,50,5.0,12,dry,suv,50,15,sedan,False,True,True,감속,일반구간,False,4.8,0,0.7,0,False,6.28,True,False,True,False,2026-05-03T22:49:12.431791,,-1.73,1.73,False,False,False,False,True
846,3,45,60,3.0,12,dry,suv,0,0,,False,True,False,급정지,일반구간,False,7.4,0,0.8,0,False,999.0,True,False,True,False,2026-05-03T22:49:13.961593,,-2.37,2.37,False,False,False,False,True
847,3,45,60,3.0,12,dry,suv,50,15,sedan,False,True,True,감속,일반구간,False,5.6,0,0.0,0,False,11.45,True,False,True,False,2026-05-03T22:49:15.760463,,-1.81,1.81,False,False,False,False,True
848,3,45,60,4.0,12,dry,suv,0,0,,False,True,False,급정지,일반구간,False,7.4,0,0.8,0,False,999.0,True,False,True,False,2026-05-03T22:49:17.436787,,-2.37,2.37,False,False,False,False,True
849,3,45,60,4.0,12,dry,suv,50,15,sedan,False,True,True,감속,일반구간,False,5.6,0,0.0,0,False,11.45,True,False,True,False,2026-05-03T22:49:19.236337,,-1.81,1.81,False,False,False,False,True
850,3,45,60,5.0,12,dry,suv,0,0,,False,True,False,급정지,일반구간,False,7.4,0,0.8,0,False,999.0,True,False,True,False,2026-05-03T22:49:20.961393,,-2.37,2.37,False,False,False,False,True
851,3,45,60,5.0,12,dry,suv,50,15,sedan,False,True,True,감속,일반구간,False,5.6,0,0.0,0,False,11.45,True,False,True,False,2026-05-03T22:49:22.736367,,-1.81,1.81,False,False,False,False,True
852,3,45,70,3.0,12,dry,suv,0,0,,False,True,False,급정지,일반구간,False,8.55,0,0.1,0,False,999.0,True,False,True,False,2026-05-03T22:49:24.412678,,-2.2,2.2,False,False,False,False,True
853,3,45,70,3.0,12,dry,suv,50,15,sedan,False,True,True,감속,일반구간,False,6.55,0,0.7,0,False,15,True,False,True,False,2026-05-03T22:49:26.421042,,-1.68,1.68,False,False,False,False,True
854,3,45,70,4.0,12,dry,suv,0,0,,False,True,False,급정지,일반구간,False,8.55,0,0.1,0,False,999.0,True,False,True,False,2026-05-03T22:49:28.267506,,-2.2,2.2,False,False,False,False,True
855,3,45,70,4.0,12,dry,suv,50,15,sedan,False,True,True,감속,일반구간,False,6.55,0,0.0,0,False,15,True,False,True,False,2026-05-03T22:49:30.275367,,-1.7,1.7,False,False,False,False,True
856,3,45,70,5.0,12,dry,suv,0,0,,False,True,False,급정지,일반구간,False,8.3,0,0.7,0,False,999.0,True,False,True,False,2026-05-03T22:49:32.118259,,-2.51,2.51,False,False,False,False,True
857,3,45,70,5.0,12,dry,suv,50,15,sedan,False,True,True,감속,일반구간,False,6.55,0,0.0,0,False,15,True,False,True,False,2026-05-03T22:49:34.080519,,-1.7,1.7,False,False,False,False,True
858,3,45,80,3.0,12,dry,suv,0,0,,False,True,False,급정지,일반구간,False,9.2,0,0.9,0,False,999.0,True,False,True,False,2026-05-03T22:49:35.926444,,-2.43,2.43,False,False,False,False,True
859,3,45,80,3.0,12,dry,suv,50,15,sedan,False,True,True,감속,일반구간,False,7.4,0,0.7,0,False,15,True,False,True,False,2026-05-03T22:49:38.052962,,-1.72,1.72,False,False,False,False,True
860,3,45,80,4.0,12,dry,suv,0,0,,False,True,False,급정지,일반구간,False,9.2,0,0.9,0,False,999.0,True,False,True,False,2026-05-03T22:49:40.073228,,-2.43,2.43,False,False,False,False,True
861,3,45,80,4.0,12,dry,suv,50,15,sedan,False,True,True,감속,일반구간,False,7.4,0,0.7,0,False,15,True,False,True,False,2026-05-03T22:49:42.227060,,-1.72,1.72,False,False,False,False,True
862,3,45,80,5.0,12,dry,suv,0,0,,False,True,False,급정지,일반구간,False,9.2,0,0.9,0,False,999.0,True,False,True,False,2026-05-03T22:49:44.230228,,-2.43,2.43,False,False,False,False,True
863,3,45,80,5.0,12,dry,suv,50,15,sedan,False,True,True,감속,일반구간,False,7.4,0,0.1,0,False,15,True,False,True,False,2026-05-03T22:49:46.357484,,-1.78,1.78,False,False,False,False,True
864,3,50,10,3.0,12,dry,suv,0,0,,True,False,False,진행,일반구간,False,2.0,0,49.4,0,False,999.0,False,False,True,False,2026-05-03T22:49:48.354910,,46.93,46.93,False,False,True,False,True
865,3,50,10,3.0,12,dry,suv,55,15,sedan,True,False,True,진행,일반구간,False,2.0,0,49.4,0,False,15,False,False,True,False,2026-05-03T22:49:49.551772,,61.85,61.85,False,False,True,False,True
866,3,50,10,4.0,12,dry,suv,0,0,,True,False,False,진행,일반구간,False,2.0,0,49.4,0,False,999.0,False,False,True,False,2026-05-03T22:49:50.958328,,46.94,46.94,False,False,True,False,True
867,3,50,10,4.0,12,dry,suv,55,15,sedan,True,False,True,진행,일반구간,False,2.0,0,49.4,0,False,15,False,False,True,False,2026-05-03T22:49:52.147464,,61.85,61.85,False,False,True,False,True
868,3,50,10,5.0,12,dry,suv,0,0,,True,False,False,진행,일반구간,False,2.0,0,49.4,0,False,999.0,False,False,True,False,2026-05-03T22:49:53.536188,,46.93,46.93,False,False,True,False,True
869,3,50,10,5.0,12,dry,suv,55,15,sedan,True,False,True,진행,일반구간,False,2.0,0,49.4,0,False,15,False,False,True,False,2026-05-03T22:49:54.720546,,61.85,61.85,False,False,True,False,True
870,3,50,20,3.0,12,dry,suv,0,0,,False,False,False,급정지,딜레마구간,False,2.65,0,0.7,0,False,999.0,True,False,True,False,2026-05-03T22:49:56.124289,,-2.01,2.01,False,False,False,True,True
871,3,50,20,3.0,12,dry,suv,55,15,sedan,False,False,True,급정지,딜레마구간,False,1.55,0,0.0,0,False,13.12,False,False,False,False,2026-05-03T22:49:57.066373,,5.91,5.91,True,False,False,True,False
872,3,50,20,4.0,12,dry,suv,0,0,,True,False,False,진행,일반구간,False,2.7,0,49.4,0,False,999.0,False,False,True,False,2026-05-03T22:49:58.006766,,47.23,47.23,False,False,True,False,True
873,3,50,20,4.0,12,dry,suv,55,15,sedan,True,False,True,진행,일반구간,False,2.7,0,49.4,0,False,15,False,False,True,False,2026-05-03T22:49:59.327517,,62.14,62.14,False,False,True,False,True
874,3,50,20,5.0,12,dry,suv,0,0,,True,False,False,진행,일반구간,False,2.7,0,49.4,0,False,999.0,False,False,True,False,2026-05-03T22:50:00.865692,,47.23,47.23,False,False,True,False,True
875,3,50,20,5.0,12,dry,suv,55,15,sedan,True,False,True,진행,일반구간,False,2.7,0,49.4,0,False,15,False,False,True,False,2026-05-03T22:50:02.190310,,62.14,62.14,False,False,True,False,True
876,3,50,30,3.0,12,dry,suv,0,0,,False,True,False,급정지,일반구간,False,4.6,0,0.5,0,False,999.0,True,False,True,False,2026-05-03T22:50:03.726453,,-2.19,2.19,False,False,False,False,True
877,3,50,30,3.0,12,dry,suv,55,15,sedan,False,True,True,급정지,일반구간,False,1.55,0,0.1,0,False,15,True,False,True,False,2026-05-03T22:50:05.025536,,-1.46,1.46,False,False,False,False,True
878,3,50,30,4.0,12,dry,suv,0,0,,True,True,False,진행,진행/정지선택구간,False,3.45,0,49.4,0,False,999.0,False,False,True,False,2026-05-03T22:50:05.961897,,46.83,46.83,False,False,True,False,True
879,3,50,30,4.0,12,dry,suv,55,15,sedan,True,True,True,진행,진행/정지선택구간,False,3.45,0,49.4,0,False,15,False,False,True,False,2026-05-03T22:50:07.408538,,61.74,61.74,False,False,True,False,True
880,3,50,30,5.0,12,dry,suv,0,0,,True,True,False,진행,진행/정지선택구간,False,3.45,0,49.4,0,False,999.0,False,False,True,False,2026-05-03T22:50:09.057574,,46.83,46.83,False,False,True,False,True
881,3,50,30,5.0,12,dry,suv,55,15,sedan,True,True,True,진행,진행/정지선택구간,False,3.45,0,49.4,0,False,15,False,False,True,False,2026-05-03T22:50:10.504392,,61.74,61.74,False,False,True,False,True
882,3,50,40,3.0,12,dry,suv,0,0,,False,True,False,급정지,일반구간,False,5.6,0,0.8,0,False,999.0,True,False,True,False,2026-05-03T22:50:12.154494,,-2.46,2.46,False,False,False,False,True
883,3,50,40,3.0,12,dry,suv,55,15,sedan,False,True,True,급정지,일반구간,False,3.55,0,0.8,0,True,0.44,True,False,False,False,2026-05-03T22:50:13.628635,,-2.17,2.17,False,False,False,False,True
884,3,50,40,4.0,12,dry,suv,0,0,,False,True,False,급정지,일반구간,False,5.6,0,0.8,0,False,999.0,True,False,True,False,2026-05-03T22:50:14.932490,,-2.46,2.46,False,False,False,False,True
885,3,50,40,4.0,12,dry,suv,55,15,sedan,False,True,True,급정지,일반구간,False,3.55,0,0.8,0,True,0.44,True,False,False,False,2026-05-03T22:50:16.425412,,-2.17,2.17,False,False,False,False,True
886,3,50,40,5.0,12,dry,suv,0,0,,True,True,False,진행,진행/정지선택구간,False,4.15,0,49.4,0,False,999.0,False,False,True,False,2026-05-03T22:50:17.734282,,47.12,47.12,False,False,True,False,True
887,3,50,40,5.0,12,dry,suv,55,15,sedan,True,True,True,진행,진행/정지선택구간,False,4.2,0,49.4,0,False,15,False,False,True,False,2026-05-03T22:50:19.316253,,62.03,62.03,False,False,True,False,True
888,3,50,50,3.0,12,dry,suv,0,0,,False,True,False,급정지,일반구간,False,6.5,0,0.7,0,False,999.0,True,False,True,False,2026-05-03T22:50:21.100662,,-2.39,2.39,False,False,False,False,True
889,3,50,50,3.0,12,dry,suv,55,15,sedan,False,True,True,감속,일반구간,False,4.65,0,0.0,0,True,0.56,True,False,False,False,2026-05-03T22:50:22.737334,,-1.73,1.73,False,False,False,False,True
890,3,50,50,4.0,12,dry,suv,0,0,,False,True,False,급정지,일반구간,False,6.5,0,0.7,0,False,999.0,True,False,True,False,2026-05-03T22:50:24.239505,,-2.39,2.39,False,False,False,False,True
891,3,50,50,4.0,12,dry,suv,55,15,sedan,False,True,True,감속,일반구간,False,4.65,0,0.0,0,True,0.56,True,False,False,False,2026-05-03T22:50:25.876243,,-1.73,1.73,False,False,False,False,True
892,3,50,50,5.0,12,dry,suv,0,0,,False,True,False,급정지,일반구간,False,6.5,0,0.7,0,False,999.0,True,False,True,False,2026-05-03T22:50:27.376283,,-2.39,2.39,False,False,False,False,True
893,3,50,50,5.0,12,dry,suv,55,15,sedan,False,True,True,감속,일반구간,False,4.65,0,0.0,0,True,0.56,True,False,False,False,2026-05-03T22:50:29.011729,,-1.73,1.73,False,False,False,False,True
894,3,50,60,3.0,12,dry,suv,0,0,,False,True,False,급정지,일반구간,False,7.65,0,0.0,0,False,999.0,True,False,True,False,2026-05-03T22:50:30.510181,,-2.18,2.18,False,False,False,False,True
895,3,50,60,3.0,12,dry,suv,55,15,sedan,False,True,True,감속,일반구간,False,5.45,0,0.0,0,False,4.49,True,False,True,False,2026-05-03T22:50:32.377801,,-1.72,1.72,False,False,False,False,True
896,3,50,60,4.0,12,dry,suv,0,0,,False,True,False,급정지,일반구간,False,7.65,0,0.0,0,False,999.0,True,False,True,False,2026-05-03T22:50:34.030870,,-2.18,2.18,False,False,False,False,True
897,3,50,60,4.0,12,dry,suv,55,15,sedan,False,True,True,감속,일반구간,False,5.45,0,0.0,0,False,4.49,True,False,True,False,2026-05-03T22:50:35.876433,,-1.72,1.72,False,False,False,False,True
898,3,50,60,5.0,12,dry,suv,0,0,,False,True,False,급정지,일반구간,False,7.65,0,0.0,0,False,999.0,True,False,True,False,2026-05-03T22:50:37.537584,,-2.18,2.18,False,False,False,False,True
899,3,50,60,5.0,12,dry,suv,55,15,sedan,False,True,True,감속,일반구간,False,5.45,0,0.0,0,False,4.49,True,False,True,False,2026-05-03T22:50:39.387348,,-1.72,1.72,False,False,False,False,True
900,3,50,70,3.0,12,dry,suv,0,0,,False,True,False,급정지,일반구간,False,8.05,0,0.7,0,False,999.0,True,False,True,False,2026-05-03T22:50:41.088277,,-2.45,2.45,False,False,False,False,True
901,3,50,70,3.0,12,dry,suv,55,15,sedan,False,True,True,감속,일반구간,False,6.2,0,0.0,0,False,9.85,True,False,True,False,2026-05-03T22:50:42.996266,,-1.74,1.74,False,False,False,False,True
902,3,50,70,4.0,12,dry,suv,0,0,,False,True,False,급정지,일반구간,False,8.05,0,0.7,0,False,999.0,True,False,True,False,2026-05-03T22:50:44.802482,,-2.45,2.45,False,False,False,False,True
903,3,50,70,4.0,12,dry,suv,55,15,sedan,False,True,True,감속,일반구간,False,6.2,0,0.0,0,False,9.85,True,False,True,False,2026-05-03T22:50:46.726183,,-1.74,1.74,False,False,False,False,True
904,3,50,70,5.0,12,dry,suv,0,0,,False,True,False,급정지,일반구간,False,8.05,0,0.7,0,False,999.0,True,False,True,False,2026-05-03T22:50:48.504149,,-2.45,2.45,False,False,False,False,True
905,3,50,70,5.0,12,dry,suv,55,15,sedan,False,True,True,감속,일반구간,False,6.2,0,0.0,0,False,9.85,True,False,True,False,2026-05-03T22:50:50.420239,,-1.74,1.74,False,False,False,False,True
906,3,50,80,3.0,12,dry,suv,0,0,,False,True,False,급정지,일반구간,False,9.45,0,0.0,0,False,999.0,True,False,True,False,2026-05-03T22:50:52.225820,,-2.13,2.13,False,False,False,False,True
907,3,50,80,3.0,12,dry,suv,55,15,sedan,False,True,True,감속,일반구간,False,7.0,0,0.0,0,False,15,True,False,True,False,2026-05-03T22:50:54.406327,,-1.77,1.77,False,False,False,False,True
908,3,50,80,4.0,12,dry,suv,0,0,,False,True,False,급정지,일반구간,False,9.45,0,0.0,0,False,999.0,True,False,True,False,2026-05-03T22:50:56.341636,,-2.13,2.13,False,False,False,False,True
909,3,50,80,4.0,12,dry,suv,55,15,sedan,False,True,True,감속,일반구간,False,7.0,0,0.0,0,False,15,True,False,True,False,2026-05-03T22:50:58.515849,,-1.77,1.77,False,False,False,False,True
910,3,50,80,5.0,12,dry,suv,0,0,,False,True,False,급정지,일반구간,False,9.45,0,0.0,0,False,999.0,True,False,True,False,2026-05-03T22:51:00.445741,,-2.13,2.13,False,False,False,False,True
911,3,50,80,5.0,12,dry,suv,55,15,sedan,False,True,True,감속,일반구간,False,7.0,0,0.0,0,False,15,True,False,True,False,2026-05-03T22:51:02.622266,,-1.77,1.77,False,False,False,False,True
912,3,55,10,3.0,12,dry,suv,0,0,,True,False,False,진행,일반구간,False,1.8,0,54.3,0,False,999.0,False,False,True,False,2026-05-03T22:51:04.572795,,50.28,50.28,False,False,True,False,True
913,3,55,10,3.0,12,dry,suv,60,15,sedan,True,False,True,진행,일반구간,False,1.8,0,54.3,0,False,15,False,False,True,False,2026-05-03T22:51:05.738542,,66.68,66.68,False,False,True,False,True
914,3,55,10,4.0,12,dry,suv,0,0,,True,False,False,진행,일반구간,False,1.8,0,54.3,0,False,999.0,False,False,True,False,2026-05-03T22:51:07.137672,,50.27,50.27,False,False,True,False,True
915,3,55,10,4.0,12,dry,suv,60,15,sedan,True,False,True,진행,일반구간,False,1.8,0,54.3,0,False,15,False,False,True,False,2026-05-03T22:51:08.309241,,66.68,66.68,False,False,True,False,True
916,3,55,10,5.0,12,dry,suv,0,0,,True,False,False,진행,일반구간,False,1.8,0,54.3,0,False,999.0,False,False,True,False,2026-05-03T22:51:09.681819,,50.28,50.28,False,False,True,False,True
917,3,55,10,5.0,12,dry,suv,60,15,sedan,True,False,True,진행,일반구간,False,1.8,0,54.3,0,False,15,False,False,True,False,2026-05-03T22:51:10.892711,,66.68,66.68,False,False,True,False,True
918,3,55,20,3.0,12,dry,suv,0,0,,True,False,False,진행,일반구간,False,2.45,0,54.3,0,False,999.0,False,False,True,False,2026-05-03T22:51:12.307874,,50.08,50.08,False,False,True,False,True
919,3,55,20,3.0,12,dry,suv,60,15,sedan,True,False,True,진행,일반구간,False,2.5,0,54.3,0,False,15,False,False,True,False,2026-05-03T22:51:13.605123,,66.48,66.48,False,False,True,False,True
920,3,55,20,4.0,12,dry,suv,0,0,,True,False,False,진행,일반구간,False,2.45,0,54.3,0,False,999.0,False,False,True,False,2026-05-03T22:51:15.092876,,50.08,50.08,False,False,True,False,True
921,3,55,20,4.0,12,dry,suv,60,15,sedan,True,False,True,진행,일반구간,False,2.5,0,54.3,0,False,15,False,False,True,False,2026-05-03T22:51:16.381363,,66.48,66.48,False,False,True,False,True
922,3,55,20,5.0,12,dry,suv,0,0,,True,False,False,진행,일반구간,False,2.45,0,54.3,0,False,999.0,False,False,True,False,2026-05-03T22:51:17.885532,,50.08,50.08,False,False,True,False,True
923,3,55,20,5.0,12,dry,suv,60,15,sedan,True,False,True,진행,일반구간,False,2.5,0,54.3,0,False,15,False,False,True,False,2026-05-03T22:51:19.178247,,66.48,66.48,False,False,True,False,True
924,3,55,30,3.0,12,dry,suv,0,0,,False,False,False,급정지,딜레마구간,False,4.2,0,0.8,0,False,999.0,True,False,True,False,2026-05-03T22:51:20.675173,,-2.2,2.2,False,False,False,True,True
925,3,55,30,3.0,12,dry,suv,60,15,sedan,False,False,True,급정지,딜레마구간,False,1.55,0,0.1,0,False,15,True,False,True,False,2026-05-03T22:51:21.916417,,1.93,1.93,False,False,False,True,True
926,3,55,30,4.0,12,dry,suv,0,0,,True,False,False,진행,일반구간,False,3.15,0,54.3,0,False,999.0,False,False,True,False,2026-05-03T22:51:22.868037,,49.88,49.88,False,False,True,False,True
927,3,55,30,4.0,12,dry,suv,60,15,sedan,True,False,True,진행,일반구간,False,3.15,0,54.3,0,False,15,False,False,True,False,2026-05-03T22:51:24.279922,,66.28,66.28,False,False,True,False,True
928,3,55,30,5.0,12,dry,suv,0,0,,True,False,False,진행,일반구간,False,3.15,0,54.3,0,False,999.0,False,False,True,False,2026-05-03T22:51:25.890814,,49.88,49.88,False,False,True,False,True
929,3,55,30,5.0,12,dry,suv,60,15,sedan,True,False,True,진행,일반구간,False,3.15,0,54.3,0,False,15,False,False,True,False,2026-05-03T22:51:27.283893,,66.28,66.28,False,False,True,False,True
930,3,55,40,3.0,12,dry,suv,0,0,,False,True,False,급정지,일반구간,False,5.75,0,0.7,0,False,999.0,True,False,True,False,2026-05-03T22:51:28.878538,,-2.23,2.23,False,False,False,False,True
931,3,55,40,3.0,12,dry,suv,60,15,sedan,False,True,True,급정지,일반구간,False,3.0,0,0.6,0,False,2.04,True,False,True,False,2026-05-03T22:51:30.380312,,-2.16,2.16,False,False,False,False,True
932,3,55,40,4.0,12,dry,suv,0,0,,False,True,False,급정지,일반구간,False,5.75,0,0.7,0,False,999.0,True,False,True,False,2026-05-03T22:51:31.592944,,-2.23,2.23,False,False,False,False,True
933,3,55,40,4.0,12,dry,suv,60,15,sedan,False,True,True,급정지,일반구간,False,3.0,0,0.6,0,False,2.04,True,False,True,False,2026-05-03T22:51:33.115180,,-2.16,2.16,False,False,False,False,True
934,3,55,40,5.0,12,dry,suv,0,0,,True,True,False,진행,진행/정지선택구간,False,3.8,0,54.3,0,False,999.0,False,False,True,False,2026-05-03T22:51:34.332799,,50.43,50.43,False,False,True,False,True
935,3,55,40,5.0,12,dry,suv,60,15,sedan,True,True,True,진행,진행/정지선택구간,False,3.8,0,54.3,0,False,15,False,False,True,False,2026-05-03T22:51:35.854226,,66.83,66.83,False,False,True,False,True
936,3,55,50,3.0,12,dry,suv,0,0,,False,True,False,급정지,일반구간,False,6.8,0,0.7,0,False,999.0,True,False,True,False,2026-05-03T22:51:37.574076,,-2.22,2.22,False,False,False,False,True
937,3,55,50,3.0,12,dry,suv,60,15,sedan,False,True,True,급정지,일반구간,False,4.35,0,0.1,0,True,-0.06,True,False,False,False,2026-05-03T22:51:39.266294,,-2.01,2.01,False,False,False,False,True
938,3,55,50,4.0,12,dry,suv,0,0,,False,True,False,급정지,일반구간,False,6.8,0,0.7,0,False,999.0,True,False,True,False,2026-05-03T22:51:40.726495,,-2.22,2.22,False,False,False,False,True
939,3,55,50,4.0,12,dry,suv,60,15,sedan,False,True,True,급정지,일반구간,False,4.35,0,0.1,0,True,-0.06,True,False,False,False,2026-05-03T22:51:42.422773,,-2.01,2.01,False,False,False,False,True
940,3,55,50,5.0,12,dry,suv,0,0,,True,True,False,진행,진행/정지선택구간,False,4.45,0,54.3,0,False,999.0,False,False,True,False,2026-05-03T22:51:43.869300,,50.22,50.22,False,False,True,False,True
941,3,55,50,5.0,12,dry,suv,60,15,sedan,True,True,True,진행,진행/정지선택구간,False,4.45,0,54.3,0,False,15,False,False,True,False,2026-05-03T22:51:45.504149,,66.62,66.62,False,False,True,False,True
942,3,55,60,3.0,12,dry,suv,0,0,,False,True,False,급정지,일반구간,False,7.55,0,0.0,0,False,999.0,True,False,True,False,2026-05-03T22:51:47.340523,,-2.15,2.15,False,False,False,False,True
943,3,55,60,3.0,12,dry,suv,60,15,sedan,False,True,True,감속,일반구간,False,5.45,0,0.1,0,True,-0.08,True,False,False,False,2026-05-03T22:51:49.169296,,-0.93,0.93,False,False,False,False,True
944,3,55,60,4.0,12,dry,suv,0,0,,False,True,False,급정지,일반구간,False,7.55,0,0.0,0,False,999.0,True,False,True,False,2026-05-03T22:51:50.817590,,-2.15,2.15,False,False,False,False,True
945,3,55,60,4.0,12,dry,suv,60,15,sedan,False,True,True,감속,일반구간,False,5.45,0,0.1,0,True,-0.08,True,False,False,False,2026-05-03T22:51:52.645282,,-0.93,0.93,False,False,False,False,True
946,3,55,60,5.0,12,dry,suv,0,0,,False,True,False,급정지,일반구간,False,7.55,0,0.0,0,False,999.0,True,False,True,False,2026-05-03T22:51:54.289102,,-2.15,2.15,False,False,False,False,True
947,3,55,60,5.0,12,dry,suv,60,15,sedan,False,True,True,감속,일반구간,False,5.45,0,0.1,0,True,-0.08,True,False,False,False,2026-05-03T22:51:56.145352,,-0.93,0.93,False,False,False,False,True
948,3,55,70,3.0,12,dry,suv,0,0,,False,True,False,급정지,일반구간,False,8.25,0,0.0,0,False,999.0,True,False,True,False,2026-05-03T22:51:57.793250,,-2.19,2.19,False,False,False,False,True
949,3,55,70,3.0,12,dry,suv,60,15,sedan,False,True,True,감속,일반구간,False,5.95,0,0.8,0,False,2.77,True,False,True,False,2026-05-03T22:51:59.788096,,-1.81,1.81,False,False,False,False,True
950,3,55,70,4.0,12,dry,suv,0,0,,False,True,False,급정지,일반구간,False,8.25,0,0.0,0,False,999.0,True,False,True,False,2026-05-03T22:52:01.608378,,-2.19,2.19,False,False,False,False,True
951,3,55,70,4.0,12,dry,suv,60,15,sedan,False,True,True,감속,일반구간,False,5.95,0,0.8,0,False,2.77,True,False,True,False,2026-05-03T22:52:03.544063,,-1.81,1.81,False,False,False,False,True
952,3,55,70,5.0,12,dry,suv,0,0,,False,True,False,급정지,일반구간,False,8.25,0,0.0,0,False,999.0,True,False,True,False,2026-05-03T22:52:05.280375,,-2.19,2.19,False,False,False,False,True
953,3,55,70,5.0,12,dry,suv,60,15,sedan,False,True,True,감속,일반구간,False,5.95,0,0.8,0,False,2.77,True,False,True,False,2026-05-03T22:52:07.248441,,-1.81,1.81,False,False,False,False,True
954,3,55,80,3.0,12,dry,suv,0,0,,False,True,False,급정지,일반구간,False,9.0,0,0.7,0,False,999.0,True,False,True,False,2026-05-03T22:52:08.987387,,-2.24,2.24,False,False,False,False,True
955,3,55,80,3.0,12,dry,suv,60,15,sedan,False,True,True,감속,일반구간,False,6.7,0,0.1,0,False,7.92,True,False,True,False,2026-05-03T22:52:11.110000,,-1.72,1.72,False,False,False,False,True
956,3,55,80,4.0,12,dry,suv,0,0,,False,True,False,급정지,일반구간,False,8.85,0,0.7,0,False,999.0,True,False,True,False,2026-05-03T22:52:13.014137,,-2.28,2.28,False,False,False,False,True
957,3,55,80,4.0,12,dry,suv,60,15,sedan,False,True,True,감속,일반구간,False,6.7,0,0.1,0,False,7.92,True,False,True,False,2026-05-03T22:52:15.076848,,-1.72,1.72,False,False,False,False,True
958,3,55,80,5.0,12,dry,suv,0,0,,False,True,False,급정지,일반구간,False,9.0,0,0.7,0,False,999.0,True,False,True,False,2026-05-03T22:52:16.947649,,-2.24,2.24,False,False,False,False,True
959,3,55,80,5.0,12,dry,suv,60,15,sedan,False,True,True,감속,일반구간,False,6.7,0,0.1,0,False,7.92,True,False,True,False,2026-05-03T22:52:19.078751,,-1.72,1.72,False,False,False,False,True
960,3,60,10,3.0,12,dry,suv,0,0,,True,False,False,진행,일반구간,False,1.65,0,59.2,0,False,999.0,False,False,True,False,2026-05-03T22:52:20.969061,,53.21,53.21,False,False,True,False,True
961,3,60,10,3.0,12,dry,suv,65,15,sedan,True,False,True,진행,일반구간,False,1.65,0,59.2,0,False,15,False,False,True,False,2026-05-03T22:52:22.107274,,71.1,71.1,False,False,True,False,True
962,3,60,10,4.0,12,dry,suv,0,0,,True,False,False,진행,일반구간,False,1.65,0,59.2,0,False,999.0,False,False,True,False,2026-05-03T22:52:23.452450,,53.21,53.21,False,False,True,False,True
963,3,60,10,4.0,12,dry,suv,65,15,sedan,True,False,True,진행,일반구간,False,1.65,0,59.2,0,False,15,False,False,True,False,2026-05-03T22:52:24.581723,,71.1,71.1,False,False,True,False,True
964,3,60,10,5.0,12,dry,suv,0,0,,True,False,False,진행,일반구간,False,1.65,0,59.2,0,False,999.0,False,False,True,False,2026-05-03T22:52:25.939424,,53.21,53.21,False,False,True,False,True
965,3,60,10,5.0,12,dry,suv,65,15,sedan,True,False,True,진행,일반구간,False,1.65,0,59.2,0,False,15,False,False,True,False,2026-05-03T22:52:27.078961,,71.1,71.1,False,False,True,False,True
966,3,60,20,3.0,12,dry,suv,0,0,,True,False,False,진행,일반구간,False,2.25,0,59.2,0,False,999.0,False,False,True,False,2026-05-03T22:52:28.422598,,53.07,53.07,False,False,True,False,True
967,3,60,20,3.0,12,dry,suv,65,15,sedan,True,False,True,진행,일반구간,False,2.3,0,59.2,0,False,15,False,False,True,False,2026-05-03T22:52:29.657312,,70.96,70.96,False,False,True,False,True
968,3,60,20,4.0,12,dry,suv,0,0,,True,False,False,진행,일반구간,False,2.25,0,59.2,0,False,999.0,False,False,True,False,2026-05-03T22:52:31.108488,,53.07,53.07,False,False,True,False,True
969,3,60,20,4.0,12,dry,suv,65,15,sedan,True,False,True,진행,일반구간,False,2.3,0,59.2,0,False,15,False,False,True,False,2026-05-03T22:52:32.345329,,70.96,70.96,False,False,True,False,True
970,3,60,20,5.0,12,dry,suv,0,0,,True,False,False,진행,일반구간,False,2.25,0,59.2,0,False,999.0,False,False,True,False,2026-05-03T22:52:33.782489,,53.07,53.07,False,False,True,False,True
971,3,60,20,5.0,12,dry,suv,65,15,sedan,True,False,True,진행,일반구간,False,2.3,0,59.2,0,False,15,False,False,True,False,2026-05-03T22:52:35.018797,,70.96,70.96,False,False,True,False,True
972,3,60,30,3.0,12,dry,suv,0,0,,False,False,False,급정지,딜레마구간,False,3.7,0,0.1,0,False,999.0,True,False,True,False,2026-05-03T22:52:36.456046,,-2.24,2.24,False,False,False,True,True
973,3,60,30,3.0,12,dry,suv,65,15,sedan,False,False,True,급정지,딜레마구간,False,1.55,0,0.1,0,False,15,True,False,True,False,2026-05-03T22:52:37.584441,,4.88,4.88,True,False,False,True,True
974,3,60,30,4.0,12,dry,suv,0,0,,True,False,False,진행,일반구간,False,2.9,0,59.2,0,False,999.0,False,False,True,False,2026-05-03T22:52:38.528669,,52.93,52.93,False,False,True,False,True
975,3,60,30,4.0,12,dry,suv,65,15,sedan,True,False,True,진행,일반구간,False,2.9,0,59.2,0,False,15,False,False,True,False,2026-05-03T22:52:39.880466,,70.82,70.82,False,False,True,False,True
976,3,60,30,5.0,12,dry,suv,0,0,,True,False,False,진행,일반구간,False,2.9,0,59.2,0,False,999.0,False,False,True,False,2026-05-03T22:52:41.435200,,52.93,52.93,False,False,True,False,True
977,3,60,30,5.0,12,dry,suv,65,15,sedan,True,False,True,진행,일반구간,False,2.9,0,59.2,0,False,15,False,False,True,False,2026-05-03T22:52:42.781591,,70.82,70.82,False,False,True,False,True
978,3,60,40,3.0,12,dry,suv,0,0,,False,True,False,급정지,일반구간,False,5.2,0,0.7,0,False,999.0,True,False,True,False,2026-05-03T22:52:44.327333,,-2.46,2.46,False,False,False,False,True
979,3,60,40,3.0,12,dry,suv,65,15,sedan,False,True,True,급정지,일반구간,False,2.45,0,0.0,0,False,5.84,True,False,True,False,2026-05-03T22:52:45.738251,,-2.03,2.03,False,False,False,False,True
980,3,60,40,4.0,12,dry,suv,0,0,,True,True,False,진행,진행/정지선택구간,False,3.5,0,59.2,0,False,999.0,False,False,True,False,2026-05-03T22:52:46.836310,,52.79,52.79,False,False,True,False,True
981,3,60,40,4.0,12,dry,suv,65,15,sedan,True,True,True,진행,진행/정지선택구간,False,3.5,0,59.2,0,False,15,False,False,True,False,2026-05-03T22:52:48.302487,,70.68,70.68,False,False,True,False,True
982,3,60,40,5.0,12,dry,suv,0,0,,True,True,False,진행,진행/정지선택구간,False,3.5,0,59.2,0,False,999.0,False,False,True,False,2026-05-03T22:52:49.975344,,52.79,52.79,False,False,True,False,True
983,3,60,40,5.0,12,dry,suv,65,15,sedan,True,True,True,진행,진행/정지선택구간,False,3.5,0,59.2,0,False,15,False,False,True,False,2026-05-03T22:52:51.426364,,70.68,70.68,False,False,True,False,True
984,3,60,50,3.0,12,dry,suv,0,0,,False,True,False,급정지,일반구간,False,6.55,0,0.0,0,False,999.0,True,False,True,False,2026-05-03T22:52:53.098757,,-2.3,2.3,False,False,False,False,True
985,3,60,50,3.0,12,dry,suv,65,15,sedan,False,True,True,급정지,일반구간,False,3.95,0,0.1,0,True,-0.06,True,False,False,False,2026-05-03T22:52:54.745265,,-1.17,1.17,False,False,False,False,True
986,3,60,50,4.0,12,dry,suv,0,0,,False,True,False,급정지,일반구간,False,6.55,0,0.0,0,False,999.0,True,False,True,False,2026-05-03T22:52:56.121596,,-2.3,2.3,False,False,False,False,True
987,3,60,50,4.0,12,dry,suv,65,15,sedan,False,True,True,급정지,일반구간,False,4.0,0,0.1,0,True,-0.1,True,False,False,False,2026-05-03T22:52:57.768829,,-0.77,0.77,False,False,False,False,True
988,3,60,50,5.0,12,dry,suv,0,0,,True,True,False,진행,진행/정지선택구간,False,4.1,0,59.2,0,False,999.0,False,False,True,False,2026-05-03T22:52:59.151680,,53.47,53.47,False,False,True,False,True
989,3,60,50,5.0,12,dry,suv,65,15,sedan,True,True,True,진행,진행/정지선택구간,False,4.1,0,59.2,0,False,15,False,False,True,False,2026-05-03T22:53:00.718248,,71.36,71.36,False,False,True,False,True
990,3,60,60,3.0,12,dry,suv,0,0,,False,True,False,급정지,일반구간,False,7.45,0,0.0,0,False,999.0,True,False,True,False,2026-05-03T22:53:02.504332,,-2.17,2.17,False,False,False,False,True
991,3,60,60,3.0,12,dry,suv,65,15,sedan,False,True,True,급정지,일반구간,False,5.25,0,0.9,0,True,-0.05,True,False,False,False,2026-05-03T22:53:04.326230,,-1.45,1.45,False,False,False,False,True
992,3,60,60,4.0,12,dry,suv,0,0,,False,True,False,급정지,일반구간,False,7.45,0,0.0,0,False,999.0,True,False,True,False,2026-05-03T22:53:05.946450,,-2.17,2.17,False,False,False,False,True
993,3,60,60,4.0,12,dry,suv,65,15,sedan,False,True,True,급정지,일반구간,False,5.25,0,0.9,0,True,-0.05,True,False,False,False,2026-05-03T22:53:07.808212,,-1.45,1.45,False,False,False,False,True
994,3,60,60,5.0,12,dry,suv,0,0,,False,True,False,급정지,일반구간,False,7.45,0,0.0,0,False,999.0,True,False,True,False,2026-05-03T22:53:09.432095,,-2.17,2.17,False,False,False,False,True
995,3,60,60,5.0,12,dry,suv,65,15,sedan,False,True,True,급정지,일반구간,False,5.25,0,0.9,0,True,-0.05,True,False,False,False,2026-05-03T22:53:11.252294,,-1.45,1.45,False,False,False,False,True
996,3,60,70,3.0,12,dry,suv,0,0,,False,True,False,급정지,일반구간,False,8.25,0,0.0,0,False,999.0,True,False,True,False,2026-05-03T22:53:12.861880,,-2.19,2.19,False,False,False,False,True
997,3,60,70,3.0,12,dry,suv,65,15,sedan,False,True,True,감속,일반구간,False,5.65,0,0.7,0,True,-0.1,True,False,False,False,2026-05-03T22:53:14.826598,,-1.44,1.44,False,False,False,False,True
998,3,60,70,4.0,12,dry,suv,0,0,,False,True,False,급정지,일반구간,False,8.25,0,0.0,0,False,999.0,True,False,True,False,2026-05-03T22:53:16.509687,,-2.19,2.19,False,False,False,False,True
999,3,60,70,4.0,12,dry,suv,65,15,sedan,False,True,True,감속,일반구간,False,5.65,0,0.7,0,True,-0.1,True,False,False,False,2026-05-03T22:53:18.478738,,-1.44,1.44,False,False,False,False,True
1000,3,60,70,5.0,12,dry,suv,0,0,,False,True,False,급정지,일반구간,False,8.25,0,0.0,0,False,999.0,True,False,True,False,2026-05-03T22:53:20.234420,,-2.19,2.19,False,False,False,False,True
1001,3,60,70,5.0,12,dry,suv,65,15,sedan,False,True,True,감속,일반구간,False,5.65,0,0.7,0,True,-0.1,True,False,False,False,2026-05-03T22:53:22.184145,,-1.44,1.44,False,False,False,False,True
1002,3,60,80,3.0,12,dry,suv,0,0,,False,True,False,급정지,일반구간,False,8.85,0,0.8,0,False,999.0,True,False,True,False,2026-05-03T22:53:23.868869,,-2.23,2.23,False,False,False,False,True
1003,3,60,80,3.0,12,dry,suv,65,15,sedan,False,True,True,감속,일반구간,False,6.4,0,0.7,0,True,0.7,True,False,False,False,2026-05-03T22:53:25.942846,,-1.75,1.75,False,False,False,False,True
1004,3,60,80,4.0,12,dry,suv,0,0,,False,True,False,급정지,일반구간,False,8.6,0,0.7,0,False,999.0,True,False,True,False,2026-05-03T22:53:27.807411,,-2.44,2.44,False,False,False,False,True
1005,3,60,80,4.0,12,dry,suv,65,15,sedan,False,True,True,감속,일반구간,False,6.4,0,0.7,0,True,0.7,True,False,False,False,2026-05-03T22:53:29.860253,,-1.75,1.75,False,False,False,False,True
1006,3,60,80,5.0,12,dry,suv,0,0,,False,True,False,급정지,일반구간,False,8.6,0,0.7,0,False,999.0,True,False,True,False,2026-05-03T22:53:31.694104,,-2.44,2.44,False,False,False,False,True
1007,3,60,80,5.0,12,dry,suv,65,15,sedan,False,True,True,감속,일반구간,False,6.4,0,0.7,0,True,0.7,True,False,False,False,2026-05-03T22:53:33.717459,,-1.75,1.75,False,False,False,False,True
1008,3,30,10,3.0,12,wet,suv,0,0,,False,False,False,급정지,딜레마구간,False,2.75,0,0.0,0,False,999.0,True,False,True,False,2026-05-03T22:53:35.568563,,-2.34,2.34,False,False,False,True,True
1009,3,30,10,3.0,12,wet,suv,35,15,sedan,False,False,False,급정지,딜레마구간,False,1.55,0,0.0,0,False,8.72,True,False,True,False,2026-05-03T22:53:36.744155,,1.97,1.97,False,False,False,True,True
1010,3,30,10,4.0,12,wet,suv,0,0,,True,False,False,진행,일반구간,False,3.25,0,29.9,0,False,999.0,False,False,True,False,2026-05-03T22:53:37.959897,,35.19,35.19,False,False,True,False,True
1011,3,30,10,4.0,12,wet,suv,35,15,sedan,True,False,False,진행,일반구간,False,3.25,0,29.9,0,False,14.21,False,False,True,False,2026-05-03T22:53:39.774366,,44.12,44.12,False,False,True,False,True
1012,3,30,10,5.0,12,wet,suv,0,0,,True,False,False,진행,일반구간,False,3.25,0,29.9,0,False,999.0,False,False,True,False,2026-05-03T22:53:41.523451,,35.2,35.2,False,False,True,False,True
1013,3,30,10,5.0,12,wet,suv,35,15,sedan,True,False,False,진행,일반구간,False,3.25,0,29.9,0,False,14.21,False,False,True,False,2026-05-03T22:53:43.289600,,44.12,44.12,False,False,True,False,True
1014,3,30,20,3.0,12,wet,suv,0,0,,False,True,False,급정지,일반구간,False,4.95,0,0.8,0,False,999.0,True,False,True,False,2026-05-03T22:53:45.372631,,-2.34,2.34,False,False,False,False,True
1015,3,30,20,3.0,12,wet,suv,35,15,sedan,False,True,False,급정지,일반구간,False,2.7,0,1.0,0,False,4.48,True,False,True,False,2026-05-03T22:53:47.117395,,-2.54,2.54,False,False,False,False,True
1016,3,30,20,4.0,12,wet,suv,0,0,,False,True,False,급정지,일반구간,False,4.95,0,0.8,0,False,999.0,True,False,True,False,2026-05-03T22:53:48.584425,,-2.34,2.34,False,False,False,False,True
1017,3,30,20,4.0,12,wet,suv,35,15,sedan,False,True,False,급정지,일반구간,False,2.7,0,1.0,0,False,4.48,True,False,True,False,2026-05-03T22:53:50.316878,,-2.54,2.54,False,False,False,False,True
1018,3,30,20,5.0,12,wet,suv,0,0,,True,True,False,진행,진행/정지선택구간,False,4.45,0,29.9,0,False,999.0,False,False,True,False,2026-05-03T22:53:51.826204,,35.15,35.15,False,False,True,False,True
1019,3,30,20,5.0,12,wet,suv,35,15,sedan,True,True,False,진행,진행/정지선택구간,False,4.5,0,29.9,0,False,12.47,False,False,True,False,2026-05-03T22:53:53.937934,,44.06,44.06,False,False,True,False,True
1020,3,30,30,3.0,12,wet,suv,0,0,,False,True,False,급정지,일반구간,False,6.7,0,0.0,0,False,999.0,True,False,True,False,2026-05-03T22:53:56.334905,,-2.26,2.26,False,False,False,False,True
1021,3,30,30,3.0,12,wet,suv,35,15,sedan,False,True,False,급정지,일반구간,False,5.35,0,0.0,0,True,-0.07,True,False,False,False,2026-05-03T22:53:58.490152,,-1.57,1.57,False,False,False,False,True
1022,3,30,30,4.0,12,wet,suv,0,0,,False,True,False,급정지,일반구간,False,6.7,0,0.0,0,False,999.0,True,False,True,False,2026-05-03T22:54:00.601869,,-2.26,2.26,False,False,False,False,True
1023,3,30,30,4.0,12,wet,suv,35,15,sedan,False,True,False,급정지,일반구간,False,5.35,0,0.0,0,True,-0.07,True,False,False,False,2026-05-03T22:54:02.746477,,-1.57,1.57,False,False,False,False,True
1024,3,30,30,5.0,12,wet,suv,0,0,,False,True,False,급정지,일반구간,False,6.7,0,0.0,0,False,999.0,True,False,True,False,2026-05-03T22:54:04.832664,,-2.26,2.26,False,False,False,False,True
1025,3,30,30,5.0,12,wet,suv,35,15,sedan,False,True,False,급정지,일반구간,False,5.35,0,0.0,0,True,-0.07,True,False,False,False,2026-05-03T22:54:06.575325,,-1.57,1.57,False,False,False,False,True
1026,3,30,40,3.0,12,wet,suv,0,0,,False,True,False,급정지,일반구간,False,7.85,0,0.6,0,False,999.0,True,False,True,False,2026-05-03T22:54:08.566731,,-2.3,2.3,False,False,False,False,True
1027,3,30,40,3.0,12,wet,suv,35,15,sedan,False,True,False,급정지,일반구간,False,6.7,0,0.9,0,False,6.47,True,False,True,False,2026-05-03T22:54:11.011801,,-2.33,2.33,False,False,False,False,True
1028,3,30,40,4.0,12,wet,suv,0,0,,False,True,False,급정지,일반구간,False,7.85,0,0.6,0,False,999.0,True,False,True,False,2026-05-03T22:54:13.420872,,-2.3,2.3,False,False,False,False,True
1029,3,30,40,4.0,12,wet,suv,35,15,sedan,False,True,False,급정지,일반구간,False,6.7,0,0.9,0,False,6.47,True,False,True,False,2026-05-03T22:54:15.817974,,-2.33,2.33,False,False,False,False,True
1030,3,30,40,5.0,12,wet,suv,0,0,,False,True,False,급정지,일반구간,False,7.95,0,0.1,0,False,999.0,True,False,True,False,2026-05-03T22:54:18.218608,,-2.38,2.38,False,False,False,False,True
1031,3,30,40,5.0,12,wet,suv,35,15,sedan,False,True,False,급정지,일반구간,False,6.7,0,0.9,0,False,6.47,True,False,True,False,2026-05-03T22:54:20.663457,,-2.33,2.33,False,False,False,False,True
1032,3,30,50,3.0,12,wet,suv,0,0,,False,True,False,급정지,일반구간,False,9.1,0,0.7,0,False,999.0,True,False,True,False,2026-05-03T22:54:23.066841,,-2.49,2.49,False,False,False,False,True
1033,3,30,50,3.0,12,wet,suv,35,15,sedan,False,True,False,급정지,일반구간,False,7.8,0,1.0,0,False,12.76,True,False,True,False,2026-05-03T22:54:25.751818,,-2.52,2.52,False,False,False,False,True
1034,3,30,50,4.0,12,wet,suv,0,0,,False,True,False,급정지,일반구간,False,9.0,0,0.7,0,False,999.0,True,False,True,False,2026-05-03T22:54:27.949919,,-2.47,2.47,False,False,False,False,True
1035,3,30,50,4.0,12,wet,suv,35,15,sedan,False,True,False,급정지,일반구간,False,7.8,0,1.0,0,False,12.76,True,False,True,False,2026-05-03T22:54:30.559393,,-2.52,2.52,False,False,False,False,True
1036,3,30,50,5.0,12,wet,suv,0,0,,False,True,False,급정지,일반구간,False,9.0,0,0.7,0,False,999.0,True,False,True,False,2026-05-03T22:54:33.220452,,-2.47,2.47,False,False,False,False,True
1037,3,30,50,5.0,12,wet,suv,35,15,sedan,False,True,False,급정지,일반구간,False,7.8,0,1.0,0,False,12.76,True,False,True,False,2026-05-03T22:54:35.908779,,-2.52,2.52,False,False,False,False,True
1038,3,30,60,3.0,12,wet,suv,0,0,,False,True,False,급정지,일반구간,False,10.55,0,0.7,0,False,999.0,True,False,True,False,2026-05-03T22:54:38.602472,,-2.4,2.4,False,False,False,False,True
1039,3,30,60,3.0,12,wet,suv,35,15,sedan,False,True,False,급정지,일반구간,False,9.25,0,0.7,0,False,15,True,False,True,False,2026-05-03T22:54:41.624274,,-2.44,2.44,False,False,False,False,True
1040,3,30,60,4.0,12,wet,suv,0,0,,False,True,False,급정지,일반구간,False,10.8,0,0.1,0,False,999.0,True,False,True,False,2026-05-03T22:54:44.597649,,-2.35,2.35,False,False,False,False,True
1041,3,30,60,4.0,12,wet,suv,35,15,sedan,False,True,False,급정지,일반구간,False,9.1,0,1.0,0,False,15,True,False,True,False,2026-05-03T22:54:47.676528,,-2.62,2.62,False,False,False,False,True
1042,3,30,60,5.0,12,wet,suv,0,0,,False,True,False,급정지,일반구간,False,10.55,0,0.7,0,False,999.0,True,False,True,False,2026-05-03T22:54:50.612864,,-2.4,2.4,False,False,False,False,True
1043,3,30,60,5.0,12,wet,suv,35,15,sedan,False,True,False,급정지,일반구간,False,9.1,0,1.0,0,False,15,True,False,True,False,2026-05-03T22:54:53.058693,,-2.62,2.62,False,False,False,False,True
1044,3,30,70,3.0,12,wet,suv,0,0,,False,True,False,급정지,일반구간,False,11.9,0,0.6,0,False,999.0,True,False,True,False,2026-05-03T22:54:55.884192,,-2.35,2.35,False,False,False,False,True
1045,3,30,70,3.0,12,wet,suv,35,15,sedan,False,True,False,급정지,일반구간,False,10.55,0,0.9,0,False,15,True,False,True,False,2026-05-03T22:54:58.573177,,-2.4,2.4,False,False,False,False,True
1046,3,30,70,4.0,12,wet,suv,0,0,,False,True,False,급정지,일반구간,False,11.9,0,0.6,0,False,999.0,True,False,True,False,2026-05-03T22:55:01.731947,,-2.35,2.35,False,False,False,False,True
1047,3,30,70,4.0,12,wet,suv,35,15,sedan,False,True,False,급정지,일반구간,False,10.55,0,0.9,0,False,15,True,False,True,False,2026-05-03T22:55:05.059105,,-2.4,2.4,False,False,False,False,True
1048,3,30,70,5.0,12,wet,suv,0,0,,False,True,False,급정지,일반구간,False,11.9,0,0.6,0,False,999.0,True,False,True,False,2026-05-03T22:55:08.327590,,-2.35,2.35,False,False,False,False,True
1049,3,30,70,5.0,12,wet,suv,35,15,sedan,False,True,False,급정지,일반구간,False,10.55,0,0.9,0,False,15,True,False,True,False,2026-05-03T22:55:11.657969,,-2.4,2.4,False,False,False,False,True
1050,3,30,80,3.0,12,wet,suv,0,0,,False,True,False,급정지,일반구간,False,13.05,0,0.1,0,False,999.0,True,False,True,False,2026-05-03T22:55:14.992473,,-2.44,2.44,False,False,False,False,True
1051,3,30,80,3.0,12,wet,suv,35,15,sedan,False,True,False,급정지,일반구간,False,11.95,0,0.8,0,False,15,True,False,True,False,2026-05-03T22:55:18.551039,,-2.59,2.59,False,False,False,False,True
1052,3,30,80,4.0,12,wet,suv,0,0,,False,True,False,급정지,일반구간,False,13.25,0,0.7,0,False,999.0,True,False,True,False,2026-05-03T22:55:22.142133,,-2.42,2.42,False,False,False,False,True
1053,3,30,80,4.0,12,wet,suv,35,15,sedan,False,True,False,급정지,일반구간,False,11.95,0,0.8,0,False,15,True,False,True,False,2026-05-03T22:55:25.780069,,-2.59,2.59,False,False,False,False,True
1054,3,30,80,5.0,12,wet,suv,0,0,,False,True,False,급정지,일반구간,False,13.25,0,0.7,0,False,999.0,True,False,True,False,2026-05-03T22:55:29.372786,,-2.42,2.42,False,False,False,False,True
1055,3,30,80,5.0,12,wet,suv,35,15,sedan,False,True,False,급정지,일반구간,False,11.95,0,0.8,0,False,15,True,False,True,False,2026-05-03T22:55:33.009849,,-2.59,2.59,False,False,False,False,True
1056,3,35,10,3.0,12,wet,suv,0,0,,False,False,False,급정지,딜레마구간,False,1.55,0,0.9,0,False,999.0,True,False,True,False,2026-05-03T22:55:36.600571,,-2.79,2.79,False,False,False,True,True
1057,3,35,10,3.0,12,wet,suv,40,15,sedan,False,False,False,급정지,딜레마구간,False,1.55,0,0.0,0,False,9.67,False,False,False,False,2026-05-03T22:55:37.542330,,5.29,5.29,True,False,False,True,False
1058,3,35,10,4.0,12,wet,suv,0,0,,True,False,False,진행,일반구간,False,2.8,0,34.8,0,False,999.0,False,False,True,False,2026-05-03T22:55:38.741078,,37.8,37.8,False,False,True,False,True
1059,3,35,10,4.0,12,wet,suv,40,15,sedan,True,False,False,진행,일반구간,False,2.8,0,34.7,0,False,15,False,False,True,False,2026-05-03T22:55:40.140942,,48.71,48.71,False,False,True,False,True
1060,3,35,10,5.0,12,wet,suv,0,0,,True,False,False,진행,일반구간,False,2.8,0,34.8,0,False,999.0,False,False,True,False,2026-05-03T22:55:41.994257,,37.8,37.8,False,False,True,False,True
1061,3,35,10,5.0,12,wet,suv,40,15,sedan,True,False,False,진행,일반구간,False,2.8,0,34.7,0,False,15,False,False,True,False,2026-05-03T22:55:43.686618,,48.71,48.71,False,False,True,False,True
1062,3,35,20,3.0,12,wet,suv,0,0,,False,False,False,급정지,딜레마구간,False,4.25,0,0.8,0,False,999.0,True,False,True,False,2026-05-03T22:55:45.651408,,-2.55,2.55,False,False,False,True,True
1063,3,35,20,3.0,12,wet,suv,40,15,sedan,False,False,False,급정지,딜레마구간,False,1.65,0,0.8,0,False,10.93,True,False,True,False,2026-05-03T22:55:46.953000,,-2.4,2.4,False,False,False,True,True
1064,3,35,20,4.0,12,wet,suv,0,0,,False,False,False,급정지,딜레마구간,False,4.55,0,0.8,0,False,999.0,True,False,True,False,2026-05-03T22:55:48.060956,,-2.47,2.47,False,False,False,True,True
1065,3,35,20,4.0,12,wet,suv,40,15,sedan,False,False,False,급정지,딜레마구간,False,1.65,0,0.8,0,False,10.93,True,False,True,False,2026-05-03T22:55:49.697666,,-2.4,2.4,False,False,False,True,True
1066,3,35,20,5.0,12,wet,suv,0,0,,True,False,False,진행,일반구간,False,3.85,0,34.7,0,False,999.0,False,False,True,False,2026-05-03T22:55:50.917629,,37.94,37.94,False,False,True,False,True
1067,3,35,20,5.0,12,wet,suv,40,15,sedan,True,False,False,진행,일반구간,False,3.85,0,34.7,0,False,15,False,False,True,False,2026-05-03T22:55:52.886335,,48.37,48.37,False,False,True,False,True
1068,3,35,30,3.0,12,wet,suv,0,0,,False,True,False,급정지,일반구간,False,6.45,0,0.7,0,False,999.0,True,False,True,False,2026-05-03T22:55:55.085339,,-2.4,2.4,False,False,False,False,True
1069,3,35,30,3.0,12,wet,suv,40,15,sedan,False,True,False,급정지,일반구간,False,4.6,0,0.0,0,True,-0.05,True,False,False,False,2026-05-03T22:55:57.176291,,-0.8,0.8,False,False,False,False,True
1070,3,35,30,4.0,12,wet,suv,0,0,,False,True,False,급정지,일반구간,False,6.45,0,0.7,0,False,999.0,True,False,True,False,2026-05-03T22:55:59.082471,,-2.4,2.4,False,False,False,False,True
1071,3,35,30,4.0,12,wet,suv,40,15,sedan,False,True,False,급정지,일반구간,False,4.6,0,0.0,0,True,-0.05,True,False,False,False,2026-05-03T22:56:01.161091,,-0.8,0.8,False,False,False,False,True
1072,3,35,30,5.0,12,wet,suv,0,0,,False,True,False,급정지,일반구간,False,6.45,0,0.7,0,False,999.0,True,False,True,False,2026-05-03T22:56:03.066515,,-2.4,2.4,False,False,False,False,True
1073,3,35,30,5.0,12,wet,suv,40,15,sedan,False,True,False,급정지,일반구간,False,4.6,0,0.0,0,True,-0.05,True,False,False,False,2026-05-03T22:56:05.164980,,-0.8,0.8,False,False,False,False,True
1074,3,35,40,3.0,12,wet,suv,0,0,,False,True,False,급정지,일반구간,False,7.9,0,0.0,0,False,999.0,True,False,True,False,2026-05-03T22:56:07.072926,,-2.25,2.25,False,False,False,False,True
1075,3,35,40,3.0,12,wet,suv,40,15,sedan,False,True,False,급정지,일반구간,False,5.9,0,0.1,0,True,-0.07,True,False,False,False,2026-05-03T22:56:09.558811,,-1.76,1.76,False,False,False,False,True
1076,3,35,40,4.0,12,wet,suv,0,0,,False,True,False,급정지,일반구간,False,7.9,0,0.0,0,False,999.0,True,False,True,False,2026-05-03T22:56:11.773191,,-2.25,2.25,False,False,False,False,True
1077,3,35,40,4.0,12,wet,suv,40,15,sedan,False,True,False,급정지,일반구간,False,5.9,0,0.1,0,True,-0.07,True,False,False,False,2026-05-03T22:56:14.218811,,-1.76,1.76,False,False,False,False,True
1078,3,35,40,5.0,12,wet,suv,0,0,,False,True,False,급정지,일반구간,False,7.9,0,0.0,0,False,999.0,True,False,True,False,2026-05-03T22:56:16.459658,,-2.25,2.25,False,False,False,False,True
1079,3,35,40,5.0,12,wet,suv,40,15,sedan,False,True,False,급정지,일반구간,False,5.9,0,0.1,0,True,-0.07,True,False,False,False,2026-05-03T22:56:18.915999,,-1.76,1.76,False,False,False,False,True
1080,3,35,50,3.0,12,wet,suv,0,0,,False,True,False,급정지,일반구간,False,8.7,0,0.6,0,False,999.0,True,False,True,False,2026-05-03T22:56:21.165316,,-2.46,2.46,False,False,False,False,True
1081,3,35,50,3.0,12,wet,suv,40,15,sedan,False,True,False,급정지,일반구간,False,7.9,0,0.0,0,True,-0.08,True,False,False,False,2026-05-03T22:56:23.841227,,-1.83,1.83,False,False,False,False,True
1082,3,35,50,4.0,12,wet,suv,0,0,,False,True,False,급정지,일반구간,False,8.3,0,0.9,0,False,999.0,True,False,True,False,2026-05-03T22:56:26.601866,,-2.83,2.83,False,False,False,False,True
1083,3,35,50,4.0,12,wet,suv,40,15,sedan,False,True,False,급정지,일반구간,False,7.9,0,0.0,0,True,-0.08,True,False,False,False,2026-05-03T22:56:29.152039,,-1.83,1.83,False,False,False,False,True
1084,3,35,50,5.0,12,wet,suv,0,0,,False,True,False,급정지,일반구간,False,8.7,0,0.6,0,False,999.0,True,False,True,False,2026-05-03T22:56:31.887779,,-2.46,2.46,False,False,False,False,True
1085,3,35,50,5.0,12,wet,suv,40,15,sedan,False,True,False,급정지,일반구간,False,7.9,0,0.0,0,True,-0.08,True,False,False,False,2026-05-03T22:56:34.051897,,-1.83,1.83,False,False,False,False,True
1086,3,35,60,3.0,12,wet,suv,0,0,,False,True,False,급정지,일반구간,False,9.9,0,0.7,0,False,999.0,True,False,True,False,2026-05-03T22:56:36.175525,,-2.49,2.49,False,False,False,False,True
1087,3,35,60,3.0,12,wet,suv,40,15,sedan,False,True,False,급정지,일반구간,False,8.8,0,0.9,0,False,6.07,True,False,True,False,2026-05-03T22:56:39.025513,,-2.42,2.42,False,False,False,False,True
1088,3,35,60,4.0,12,wet,suv,0,0,,False,True,False,급정지,일반구간,False,9.9,0,0.7,0,False,999.0,True,False,True,False,2026-05-03T22:56:41.920155,,-2.49,2.49,False,False,False,False,True
1089,3,35,60,4.0,12,wet,suv,40,15,sedan,False,True,False,급정지,일반구간,False,8.8,0,0.9,0,False,6.07,True,False,True,False,2026-05-03T22:56:44.807098,,-2.42,2.42,False,False,False,False,True
1090,3,35,60,5.0,12,wet,suv,0,0,,False,True,False,급정지,일반구간,False,9.9,0,0.7,0,False,999.0,True,False,True,False,2026-05-03T22:56:47.690551,,-2.49,2.49,False,False,False,False,True
1091,3,35,60,5.0,12,wet,suv,40,15,sedan,False,True,False,급정지,일반구간,False,8.8,0,0.9,0,False,6.07,True,False,True,False,2026-05-03T22:56:50.593553,,-2.42,2.42,False,False,False,False,True
1092,3,35,70,3.0,12,wet,suv,0,0,,False,True,False,급정지,일반구간,False,11.25,0,0.9,0,False,999.0,True,False,True,False,2026-05-03T22:56:52.980277,,-2.43,2.43,False,False,False,False,True
1093,3,35,70,3.0,12,wet,suv,40,15,sedan,False,True,False,급정지,일반구간,False,9.7,0,1.0,0,False,14.55,True,False,True,False,2026-05-03T22:56:56.121662,,-2.48,2.48,False,False,False,False,True
1094,3,35,70,4.0,12,wet,suv,0,0,,False,True,False,급정지,일반구간,False,11.25,0,0.9,0,False,999.0,True,False,True,False,2026-05-03T22:56:59.215728,,-2.43,2.43,False,False,False,False,True
1095,3,35,70,4.0,12,wet,suv,40,15,sedan,False,True,False,급정지,일반구간,False,9.7,0,1.0,0,False,14.55,True,False,True,False,2026-05-03T22:57:02.427789,,-2.48,2.48,False,False,False,False,True
1096,3,35,70,5.0,12,wet,suv,0,0,,False,True,False,급정지,일반구간,False,11.3,0,0.6,0,False,999.0,True,False,True,False,2026-05-03T22:57:05.529002,,-2.41,2.41,False,False,False,False,True
1097,3,35,70,5.0,12,wet,suv,40,15,sedan,False,True,False,급정지,일반구간,False,9.7,0,1.0,0,False,14.55,True,False,True,False,2026-05-03T22:57:08.779520,,-2.48,2.48,False,False,False,False,True
1098,3,35,80,3.0,12,wet,suv,0,0,,False,True,False,급정지,일반구간,False,12.45,0,0.1,0,False,999.0,True,False,True,False,2026-05-03T22:57:11.862088,,-2.4,2.4,False,False,False,False,True
1099,3,35,80,3.0,12,wet,suv,40,15,sedan,False,True,False,급정지,일반구간,False,10.95,0,0.1,0,False,15,True,False,True,False,2026-05-03T22:57:15.332904,,-2.48,2.48,False,False,False,False,True
1100,3,35,80,4.0,12,wet,suv,0,0,,False,True,False,급정지,일반구간,False,12.45,0,0.1,0,False,999.0,True,False,True,False,2026-05-03T22:57:18.785593,,-2.4,2.4,False,False,False,False,True
1101,3,35,80,4.0,12,wet,suv,40,15,sedan,False,True,False,급정지,일반구간,False,10.95,0,0.1,0,False,15,True,False,True,False,2026-05-03T22:57:21.557447,,-2.48,2.48,False,False,False,False,True
1102,3,35,80,5.0,12,wet,suv,0,0,,False,True,False,급정지,일반구간,False,12.05,0,0.8,0,False,999.0,True,False,True,False,2026-05-03T22:57:24.858438,,-2.54,2.54,False,False,False,False,True
1103,3,35,80,5.0,12,wet,suv,40,15,sedan,False,True,False,급정지,일반구간,False,10.95,0,0.1,0,False,15,True,False,True,False,2026-05-03T22:57:27.617633,,-2.48,2.48,False,False,False,False,True
1104,3,40,10,3.0,12,wet,suv,0,0,,True,False,False,진행,일반구간,False,2.45,0,39.7,0,False,999.0,False,False,True,False,2026-05-03T22:57:30.956692,,41.21,41.21,False,False,True,False,True
1105,3,40,10,3.0,12,wet,suv,45,15,sedan,True,False,True,진행,일반구간,False,2.45,0,39.7,0,False,15,False,False,True,False,2026-05-03T22:57:32.644482,,53.14,53.14,False,False,True,False,True
1106,3,40,10,4.0,12,wet,suv,0,0,,True,False,False,진행,일반구간,False,2.45,0,39.7,0,False,999.0,False,False,True,False,2026-05-03T22:57:34.547015,,41.21,41.21,False,False,True,False,True
1107,3,40,10,4.0,12,wet,suv,45,15,sedan,True,False,True,진행,일반구간,False,2.45,0,39.7,0,False,15,False,False,True,False,2026-05-03T22:57:36.168403,,53.14,53.14,False,False,True,False,True
1108,3,40,10,5.0,12,wet,suv,0,0,,True,False,False,진행,일반구간,False,2.45,0,39.7,0,False,999.0,False,False,True,False,2026-05-03T22:57:38.062919,,41.21,41.21,False,False,True,False,True
1109,3,40,10,5.0,12,wet,suv,45,15,sedan,True,False,True,진행,일반구간,False,2.45,0,39.7,0,False,15,False,False,True,False,2026-05-03T22:57:39.705500,,53.14,53.14,False,False,True,False,True
1110,3,40,20,3.0,12,wet,suv,0,0,,False,False,False,급정지,딜레마구간,False,4.5,0,0.6,0,False,999.0,True,False,True,False,2026-05-03T22:57:41.609945,,-2.23,2.23,False,False,False,True,True
1111,3,40,20,3.0,12,wet,suv,45,15,sedan,False,False,True,급정지,딜레마구간,False,1.55,0,0.0,0,False,12.66,True,False,True,False,2026-05-03T22:57:43.231690,,0.71,0.71,False,False,False,True,True
1112,3,40,20,4.0,12,wet,suv,0,0,,True,False,False,진행,일반구간,False,3.4,0,39.7,0,False,999.0,False,False,True,False,2026-05-03T22:57:44.427889,,41.12,41.12,False,False,True,False,True
1113,3,40,20,4.0,12,wet,suv,45,15,sedan,True,False,True,진행,일반구간,False,3.4,0,39.7,0,False,15,False,False,True,False,2026-05-03T22:57:46.280660,,53.04,53.04,False,False,True,False,True
1114,3,40,20,5.0,12,wet,suv,0,0,,True,False,False,진행,일반구간,False,3.4,0,39.7,0,False,999.0,False,False,True,False,2026-05-03T22:57:48.388710,,41.12,41.12,False,False,True,False,True
1115,3,40,20,5.0,12,wet,suv,45,15,sedan,True,False,True,진행,일반구간,False,3.4,0,39.7,0,False,15,False,False,True,False,2026-05-03T22:57:50.218231,,53.05,53.05,False,False,True,False,True
1116,3,40,30,3.0,12,wet,suv,0,0,,False,True,False,급정지,일반구간,False,6.2,0,0.0,0,False,999.0,True,False,True,False,2026-05-03T22:57:52.376541,,-2.31,2.31,False,False,False,False,True
1117,3,40,30,3.0,12,wet,suv,45,15,sedan,False,True,True,급정지,일반구간,False,3.65,0,0.1,0,True,-0.12,True,False,False,False,2026-05-03T22:57:54.420116,,-1.92,1.92,False,False,False,False,True
1118,3,40,30,4.0,12,wet,suv,0,0,,False,True,False,급정지,일반구간,False,6.2,0,0.0,0,False,999.0,True,False,True,False,2026-05-03T22:57:56.149431,,-2.31,2.31,False,False,False,False,True
1119,3,40,30,4.0,12,wet,suv,45,15,sedan,False,True,True,급정지,일반구간,False,3.65,0,0.1,0,True,-0.12,True,False,False,False,2026-05-03T22:57:58.194955,,-1.92,1.92,False,False,False,False,True
1120,3,40,30,5.0,12,wet,suv,0,0,,True,True,False,진행,진행/정지선택구간,False,4.3,0,39.7,0,False,999.0,False,False,True,False,2026-05-03T22:57:59.880970,,41.03,41.03,False,False,True,False,True
1121,3,40,30,5.0,12,wet,suv,45,15,sedan,True,True,True,진행,진행/정지선택구간,False,4.3,0,39.7,0,False,15,False,False,True,False,2026-05-03T22:58:01.921734,,52.96,52.96,False,False,True,False,True
1122,3,40,40,3.0,12,wet,suv,0,0,,False,True,False,급정지,일반구간,False,7.4,0,0.7,0,False,999.0,True,False,True,False,2026-05-03T22:58:04.219962,,-2.6,2.6,False,False,False,False,True
1123,3,40,40,3.0,12,wet,suv,45,15,sedan,False,True,True,급정지,일반구간,False,5.5,0,0.0,0,True,-0.09,True,False,False,False,2026-05-03T22:58:06.095936,,-2.45,2.45,False,False,False,False,True
1124,3,40,40,4.0,12,wet,suv,0,0,,False,True,False,급정지,일반구간,False,7.4,0,0.7,0,False,999.0,True,False,True,False,2026-05-03T22:58:08.096588,,-2.6,2.6,False,False,False,False,True
1125,3,40,40,4.0,12,wet,suv,45,15,sedan,False,True,True,급정지,일반구간,False,5.5,0,0.0,0,True,-0.09,True,False,False,False,2026-05-03T22:58:09.968728,,-2.45,2.45,False,False,False,False,True
1126,3,40,40,5.0,12,wet,suv,0,0,,False,True,False,급정지,일반구간,False,7.4,0,0.7,0,False,999.0,True,False,True,False,2026-05-03T22:58:11.634991,,-2.6,2.6,False,False,False,False,True
1127,3,40,40,5.0,12,wet,suv,45,15,sedan,False,True,True,급정지,일반구간,False,5.5,0,0.0,0,True,-0.09,True,False,False,False,2026-05-03T22:58:13.870483,,-2.45,2.45,False,False,False,False,True
1128,3,40,50,3.0,12,wet,suv,0,0,,False,True,False,급정지,일반구간,False,8.8,0,0.6,0,False,999.0,True,False,True,False,2026-05-03T22:58:15.982740,,-2.43,2.43,False,False,False,False,True
1129,3,40,50,3.0,12,wet,suv,45,15,sedan,False,True,True,감속,일반구간,False,6.25,0,0.8,0,True,-0.1,True,False,False,False,2026-05-03T22:58:18.601089,,-1.25,1.25,False,False,False,False,True
1130,3,40,50,4.0,12,wet,suv,0,0,,False,True,False,급정지,일반구간,False,8.8,0,0.6,0,False,999.0,True,False,True,False,2026-05-03T22:58:20.887410,,-2.43,2.43,False,False,False,False,True
1131,3,40,50,4.0,12,wet,suv,45,15,sedan,False,True,True,감속,일반구간,False,6.25,0,0.8,0,True,-0.1,True,False,False,False,2026-05-03T22:58:23.505740,,-1.25,1.25,False,False,False,False,True
1132,3,40,50,5.0,12,wet,suv,0,0,,False,True,False,급정지,일반구간,False,8.85,0,0.8,0,False,999.0,True,False,True,False,2026-05-03T22:58:25.793558,,-2.51,2.51,False,False,False,False,True
1133,3,40,50,5.0,12,wet,suv,45,15,sedan,False,True,True,감속,일반구간,False,6.25,0,0.8,0,True,-0.1,True,False,False,False,2026-05-03T22:58:28.425411,,-1.25,1.25,False,False,False,False,True
1134,3,40,60,3.0,12,wet,suv,0,0,,False,True,False,급정지,일반구간,False,9.75,0,0.0,0,False,999.0,True,False,True,False,2026-05-03T22:58:30.717463,,-2.4,2.4,False,False,False,False,True
1135,3,40,60,3.0,12,wet,suv,45,15,sedan,False,True,True,감속,일반구간,False,7.45,0,0.7,0,True,-0.09,True,False,False,False,2026-05-03T22:58:33.557897,,-2.25,2.25,False,False,False,False,True
1136,3,40,60,4.0,12,wet,suv,0,0,,False,True,False,급정지,일반구간,False,10.05,0,0.1,0,False,999.0,True,False,True,False,2026-05-03T22:58:36.139899,,-2.28,2.28,False,False,False,False,True
1137,3,40,60,4.0,12,wet,suv,45,15,sedan,False,True,True,감속,일반구간,False,7.45,0,0.7,0,True,-0.09,True,False,False,False,2026-05-03T22:58:38.509413,,-2.25,2.25,False,False,False,False,True
1138,3,40,60,5.0,12,wet,suv,0,0,,False,True,False,급정지,일반구간,False,9.75,0,0.0,0,False,999.0,True,False,True,False,2026-05-03T22:58:40.535547,,-2.4,2.4,False,False,False,False,True
1139,3,40,60,5.0,12,wet,suv,45,15,sedan,False,True,True,감속,일반구간,False,7.45,0,0.7,0,True,-0.09,True,False,False,False,2026-05-03T22:58:43.319920,,-2.25,2.25,False,False,False,False,True
1140,3,40,70,3.0,12,wet,suv,0,0,,False,True,False,급정지,일반구간,False,10.75,0,0.7,0,False,999.0,True,False,True,False,2026-05-03T22:58:45.939993,,-2.37,2.37,False,False,False,False,True
1141,3,40,70,3.0,12,wet,suv,45,15,sedan,False,True,True,감속,일반구간,False,8.25,0,0.0,0,False,6.19,True,False,True,False,2026-05-03T22:58:49.015340,,-2.23,2.23,False,False,False,False,True
1142,3,40,70,4.0,12,wet,suv,0,0,,False,True,False,급정지,일반구간,False,10.75,0,0.7,0,False,999.0,True,False,True,False,2026-05-03T22:58:51.768012,,-2.37,2.37,False,False,False,False,True
1143,3,40,70,4.0,12,wet,suv,45,15,sedan,False,True,True,감속,일반구간,False,8.25,0,0.0,0,False,6.19,True,False,True,False,2026-05-03T22:58:54.847852,,-2.23,2.23,False,False,False,False,True
1144,3,40,70,5.0,12,wet,suv,0,0,,False,True,False,급정지,일반구간,False,10.75,0,0.7,0,False,999.0,True,False,True,False,2026-05-03T22:58:57.160677,,-2.37,2.37,False,False,False,False,True
1145,3,40,70,5.0,12,wet,suv,45,15,sedan,False,True,True,감속,일반구간,False,8.65,0,0.6,0,False,4.59,True,False,True,False,2026-05-03T22:59:00.201555,,-2.23,2.23,False,False,False,False,True
1146,3,40,80,3.0,12,wet,suv,0,0,,False,True,False,급정지,일반구간,False,11.65,0,1.0,0,False,999.0,True,False,True,False,2026-05-03T22:59:03.084964,,-2.55,2.55,False,False,False,False,True
1147,3,40,80,3.0,12,wet,suv,45,15,sedan,False,True,True,감속,일반구간,False,9.3,0,0.9,0,False,12.23,True,False,True,False,2026-05-03T22:59:05.777468,,-2.37,2.37,False,False,False,False,True
1148,3,40,80,4.0,12,wet,suv,0,0,,False,True,False,급정지,일반구간,False,11.65,0,1.0,0,False,999.0,True,False,True,False,2026-05-03T22:59:08.727861,,-2.55,2.55,False,False,False,False,True
1149,3,40,80,4.0,12,wet,suv,45,15,sedan,False,True,True,감속,일반구간,False,9.3,0,0.9,0,False,12.23,True,False,True,False,2026-05-03T22:59:12.025349,,-2.37,2.37,False,False,False,False,True
