scenario_id,exp,speed_kmh,distance_m,yellow_time_s,intersection_width_m,road_condition,ego_type,rear_speed_kmh,gap_m,rear_type,theoretical_pass,can_stop_emg,rear_collision_theory,decision,zone,pass_before_red,actual_travel_time_s,avg_speed_kmh,final_speed_kmh,time_margin_s,actual_collision,min_gap_m,safe_stop,red_entry,success,match_theory,timestamp,error,stop_overrun_m,dist_to_stopline_m,in_crosswalk,in_intersection,past_intersection,is_dilemma_zone,decision_feasible
0,3,30,10,3.0,12,dry,sedan,0,0,,False,False,False,급정지,딜레마구간,False,1.7,0,0.0,0,False,999.0,True,False,True,False,2026-05-03T20:52:24.074056,,-1.94,1.94,False,False,False,True,True
1,3,30,10,3.0,12,dry,sedan,35,15,sedan,False,False,False,급정지,딜레마구간,False,1.55,0,0.0,0,False,9.87,True,False,True,False,2026-05-03T20:52:24.885291,,3.0,3.0,True,False,False,True,True
2,3,30,10,4.0,12,dry,sedan,0,0,,True,False,False,진행,일반구간,False,3.2,0,30.0,0,False,999.0,False,False,True,False,2026-05-03T20:52:25.875307,,34.77,34.77,False,False,True,False,True
3,3,30,10,4.0,12,dry,sedan,35,15,sedan,True,False,False,진행,일반구간,False,3.2,0,30.0,0,False,14.87,False,False,True,False,2026-05-03T20:52:27.271692,,43.64,43.64,False,False,True,False,True
4,3,30,10,5.0,12,dry,sedan,0,0,,True,False,False,진행,일반구간,False,3.2,0,30.0,0,False,999.0,False,False,True,False,2026-05-03T20:52:28.852672,,34.77,34.77,False,False,True,False,True
5,3,30,10,5.0,12,dry,sedan,35,15,sedan,True,False,False,진행,일반구간,False,3.2,0,30.0,0,False,14.87,False,False,True,False,2026-05-03T20:52:30.241720,,43.64,43.64,False,False,True,False,True
6,3,30,20,3.0,12,dry,sedan,0,0,,False,True,False,급정지,일반구간,False,3.4,0,0.6,0,False,999.0,True,False,True,False,2026-05-03T20:52:31.828376,,-2.13,2.13,False,False,False,False,True
7,3,30,20,3.0,12,dry,sedan,35,15,sedan,False,True,False,급정지,일반구간,False,1.95,0,0.0,0,False,11.63,True,False,True,False,2026-05-03T20:52:32.970909,,-1.89,1.89,False,False,False,False,True
8,3,30,20,4.0,12,dry,sedan,0,0,,False,True,False,급정지,일반구간,False,3.4,0,0.6,0,False,999.0,True,False,True,False,2026-05-03T20:52:33.975460,,-2.13,2.13,False,False,False,False,True
9,3,30,20,4.0,12,dry,sedan,35,15,sedan,False,True,False,급정지,일반구간,False,1.95,0,0.0,0,False,11.63,True,False,True,False,2026-05-03T20:52:35.030564,,-1.89,1.89,False,False,False,False,True
10,3,30,20,5.0,12,dry,sedan,0,0,,True,True,False,진행,진행/정지선택구간,False,4.4,0,30.0,0,False,999.0,False,False,True,False,2026-05-03T20:52:36.036460,,34.76,34.76,False,False,True,False,True
11,3,30,20,5.0,12,dry,sedan,35,15,sedan,True,True,False,진행,진행/정지선택구간,False,4.4,0,30.0,0,False,13.22,False,False,True,False,2026-05-03T20:52:37.587615,,43.64,43.64,False,False,True,False,True
12,3,30,30,3.0,12,dry,sedan,0,0,,False,True,False,급정지,일반구간,False,4.65,0,0.5,0,False,999.0,True,False,True,False,2026-05-03T20:52:39.321850,,-2.39,2.39,False,False,False,False,True
13,3,30,30,3.0,12,dry,sedan,35,15,sedan,False,True,False,급정지,일반구간,False,3.85,0,0.0,0,False,10.44,True,False,True,False,2026-05-03T20:52:40.587516,,-2.03,2.03,False,False,False,False,True
14,3,30,30,4.0,12,dry,sedan,0,0,,False,True,False,급정지,일반구간,False,4.65,0,0.5,0,False,999.0,True,False,True,False,2026-05-03T20:52:41.898541,,-2.39,2.39,False,False,False,False,True
15,3,30,30,4.0,12,dry,sedan,35,15,sedan,False,True,False,급정지,일반구간,False,3.85,0,0.0,0,False,10.44,True,False,True,False,2026-05-03T20:52:43.159593,,-2.03,2.03,False,False,False,False,True
16,3,30,30,5.0,12,dry,sedan,0,0,,False,True,False,급정지,일반구간,False,4.65,0,0.5,0,False,999.0,True,False,True,False,2026-05-03T20:52:44.470621,,-2.39,2.39,False,False,False,False,True
17,3,30,30,5.0,12,dry,sedan,35,15,sedan,False,True,False,급정지,일반구간,False,3.85,0,0.0,0,False,10.44,True,False,True,False,2026-05-03T20:52:45.732725,,-2.03,2.03,False,False,False,False,True
18,3,30,40,3.0,12,dry,sedan,0,0,,False,True,False,급정지,일반구간,False,6.25,0,0.0,0,False,999.0,True,False,True,False,2026-05-03T20:52:47.042240,,-2.17,2.17,False,False,False,False,True
19,3,30,40,3.0,12,dry,sedan,35,15,sedan,False,True,False,급정지,일반구간,False,4.8,0,1.0,0,False,15,True,False,True,False,2026-05-03T20:52:48.562719,,-2.49,2.49,False,False,False,False,True
20,3,30,40,4.0,12,dry,sedan,0,0,,False,True,False,급정지,일반구간,False,6.1,0,0.0,0,False,999.0,True,False,True,False,2026-05-03T20:52:50.043673,,-2.18,2.18,False,False,False,False,True
21,3,30,40,4.0,12,dry,sedan,35,15,sedan,False,True,False,급정지,일반구간,False,4.8,0,1.0,0,False,15,True,False,True,False,2026-05-03T20:52:51.552698,,-2.49,2.49,False,False,False,False,True
22,3,30,40,5.0,12,dry,sedan,0,0,,False,True,False,급정지,일반구간,False,6.25,0,0.0,0,False,999.0,True,False,True,False,2026-05-03T20:52:53.025822,,-2.17,2.17,False,False,False,False,True
23,3,30,40,5.0,12,dry,sedan,35,15,sedan,False,True,False,급정지,일반구간,False,4.8,0,1.0,0,False,15,True,False,True,False,2026-05-03T20:52:54.550651,,-2.49,2.49,False,False,False,False,True
24,3,30,50,3.0,12,dry,sedan,0,0,,False,True,False,급정지,일반구간,False,7.4,0,0.7,0,False,999.0,True,False,True,False,2026-05-03T20:52:56.024298,,-2.39,2.39,False,False,False,False,True
25,3,30,50,3.0,12,dry,sedan,35,15,sedan,False,True,False,급정지,일반구간,False,6.25,0,0.0,0,False,15,True,False,True,False,2026-05-03T20:52:57.745348,,-2.2,2.2,False,False,False,False,True
26,3,30,50,4.0,12,dry,sedan,0,0,,False,True,False,급정지,일반구간,False,7.55,0,0.7,0,False,999.0,True,False,True,False,2026-05-03T20:52:59.453287,,-2.24,2.24,False,False,False,False,True
27,3,30,50,4.0,12,dry,sedan,35,15,sedan,False,True,False,급정지,일반구간,False,6.25,0,0.0,0,False,15,True,False,True,False,2026-05-03T20:53:01.201971,,-2.2,2.2,False,False,False,False,True
28,3,30,50,5.0,12,dry,sedan,0,0,,False,True,False,급정지,일반구간,False,7.55,0,0.7,0,False,999.0,True,False,True,False,2026-05-03T20:53:02.911726,,-2.24,2.24,False,False,False,False,True
29,3,30,50,5.0,12,dry,sedan,35,15,sedan,False,True,False,급정지,일반구간,False,6.25,0,0.0,0,False,15,True,False,True,False,2026-05-03T20:53:04.665575,,-2.2,2.2,False,False,False,False,True
30,3,30,60,3.0,12,dry,sedan,0,0,,False,True,False,급정지,일반구간,False,8.75,0,0.7,0,False,999.0,True,False,True,False,2026-05-03T20:53:06.387078,,-2.48,2.48,False,False,False,False,True
31,3,30,60,3.0,12,dry,sedan,35,15,sedan,False,True,False,급정지,일반구간,False,7.75,0,0.7,0,False,15,True,False,True,False,2026-05-03T20:53:08.337627,,-2.24,2.24,False,False,False,False,True
32,3,30,60,4.0,12,dry,sedan,0,0,,False,True,False,급정지,일반구간,False,8.75,0,0.7,0,False,999.0,True,False,True,False,2026-05-03T20:53:10.298877,,-2.48,2.48,False,False,False,False,True
33,3,30,60,4.0,12,dry,sedan,35,15,sedan,False,True,False,급정지,일반구간,False,7.6,0,1.0,0,False,15,True,False,True,False,2026-05-03T20:53:12.242779,,-2.37,2.37,False,False,False,False,True
34,3,30,60,5.0,12,dry,sedan,0,0,,False,True,False,급정지,일반구간,False,8.75,0,0.7,0,False,999.0,True,False,True,False,2026-05-03T20:53:14.202608,,-2.48,2.48,False,False,False,False,True
35,3,30,60,5.0,12,dry,sedan,35,15,sedan,False,True,False,급정지,일반구간,False,7.6,0,1.0,0,False,15,True,False,True,False,2026-05-03T20:53:16.155402,,-2.37,2.37,False,False,False,False,True
36,3,30,70,3.0,12,dry,sedan,0,0,,False,True,False,급정지,일반구간,False,10.35,0,0.7,0,False,999.0,True,False,True,False,2026-05-03T20:53:18.085588,,-2.18,2.18,False,False,False,False,True
37,3,30,70,3.0,12,dry,sedan,35,15,sedan,False,True,False,급정지,일반구간,False,8.95,0,0.5,0,False,15,True,False,True,False,2026-05-03T20:53:20.291760,,-2.15,2.15,False,False,False,False,True
38,3,30,70,4.0,12,dry,sedan,0,0,,False,True,False,급정지,일반구간,False,10.35,0,0.7,0,False,999.0,True,False,True,False,2026-05-03T20:53:22.449628,,-2.18,2.18,False,False,False,False,True
39,3,30,70,4.0,12,dry,sedan,35,15,sedan,False,True,False,급정지,일반구간,False,8.95,0,0.5,0,False,15,True,False,True,False,2026-05-03T20:53:24.662710,,-2.15,2.15,False,False,False,False,True
40,3,30,70,5.0,12,dry,sedan,0,0,,False,True,False,급정지,일반구간,False,10.35,0,0.7,0,False,999.0,True,False,True,False,2026-05-03T20:53:26.820146,,-2.18,2.18,False,False,False,False,True
41,3,30,70,5.0,12,dry,sedan,35,15,sedan,False,True,False,급정지,일반구간,False,8.95,0,0.5,0,False,15,True,False,True,False,2026-05-03T20:53:29.030037,,-2.15,2.15,False,False,False,False,True
42,3,30,80,3.0,12,dry,sedan,0,0,,False,True,False,급정지,일반구간,False,11.85,0,0.6,0,False,999.0,True,False,True,False,2026-05-03T20:53:31.190181,,-2.24,2.24,False,False,False,False,True
43,3,30,80,3.0,12,dry,sedan,35,15,sedan,False,True,False,급정지,일반구간,False,10.3,0,0.8,0,False,15,True,False,True,False,2026-05-03T20:53:33.641335,,-2.45,2.45,False,False,False,False,True
44,3,30,80,4.0,12,dry,sedan,0,0,,False,True,False,급정지,일반구간,False,11.85,0,0.6,0,False,999.0,True,False,True,False,2026-05-03T20:53:36.015858,,-2.24,2.24,False,False,False,False,True
45,3,30,80,4.0,12,dry,sedan,35,15,sedan,False,True,False,급정지,일반구간,False,10.3,0,0.8,0,False,15,True,False,True,False,2026-05-03T20:53:38.472696,,-2.45,2.45,False,False,False,False,True
46,3,30,80,5.0,12,dry,sedan,0,0,,False,True,False,급정지,일반구간,False,11.85,0,0.6,0,False,999.0,True,False,True,False,2026-05-03T20:53:40.852033,,-2.24,2.24,False,False,False,False,True
47,3,30,80,5.0,12,dry,sedan,35,15,sedan,False,True,False,급정지,일반구간,False,10.3,0,0.8,0,False,15,True,False,True,False,2026-05-03T20:53:43.312805,,-2.45,2.45,False,False,False,False,True
48,3,35,10,3.0,12,dry,sedan,0,0,,False,False,False,급정지,딜레마구간,False,1.65,0,0.0,0,False,999.0,True,False,True,False,2026-05-03T20:53:45.703963,,-2.05,2.05,False,False,False,True,True
49,3,35,10,3.0,12,dry,sedan,40,15,sedan,False,False,False,급정지,딜레마구간,False,1.55,0,0.0,0,False,10.37,False,False,False,False,2026-05-03T20:53:46.483494,,5.88,5.88,True,False,False,True,False
50,3,35,10,4.0,12,dry,sedan,0,0,,True,False,False,진행,일반구간,False,2.75,0,34.9,0,False,999.0,False,False,True,False,2026-05-03T20:53:47.442451,,37.64,37.64,False,False,True,False,True
51,3,35,10,4.0,12,dry,sedan,40,15,sedan,True,False,False,진행,일반구간,False,2.75,0,34.8,0,False,15,False,False,True,False,2026-05-03T20:53:48.735606,,48.5,48.5,False,False,True,False,True
52,3,35,10,5.0,12,dry,sedan,0,0,,True,False,False,진행,일반구간,False,2.75,0,34.9,0,False,999.0,False,False,True,False,2026-05-03T20:53:50.226625,,37.63,37.63,False,False,True,False,True
53,3,35,10,5.0,12,dry,sedan,40,15,sedan,True,False,False,진행,일반구간,False,2.75,0,34.8,0,False,15,False,False,True,False,2026-05-03T20:53:51.517255,,48.5,48.5,False,False,True,False,True
54,3,35,20,3.0,12,dry,sedan,0,0,,False,True,False,급정지,일반구간,False,3.5,0,0.0,0,False,999.0,True,False,True,False,2026-05-03T20:53:53.009295,,-2.19,2.19,False,False,False,False,True
55,3,35,20,3.0,12,dry,sedan,40,15,sedan,False,True,False,급정지,일반구간,False,1.6,0,0.0,0,False,11.97,True,False,True,False,2026-05-03T20:53:54.108801,,-2.01,2.01,False,False,False,False,True
56,3,35,20,4.0,12,dry,sedan,0,0,,False,True,False,급정지,일반구간,False,3.5,0,0.0,0,False,999.0,True,False,True,False,2026-05-03T20:53:55.069103,,-2.19,2.19,False,False,False,False,True
57,3,35,20,4.0,12,dry,sedan,40,15,sedan,False,True,False,급정지,일반구간,False,1.55,0,0.0,0,False,12.46,True,False,True,False,2026-05-03T20:53:56.168989,,-2.03,2.03,False,False,False,False,True
58,3,35,20,5.0,12,dry,sedan,0,0,,True,True,False,진행,진행/정지선택구간,False,3.8,0,34.8,0,False,999.0,False,False,True,False,2026-05-03T20:53:57.114597,,37.81,37.81,False,False,True,False,True
59,3,35,20,5.0,12,dry,sedan,40,15,sedan,True,True,False,진행,진행/정지선택구간,False,3.8,0,34.8,0,False,15,False,False,True,False,2026-05-03T20:53:58.591472,,48.18,48.18,False,False,True,False,True
60,3,35,30,3.0,12,dry,sedan,0,0,,False,True,False,급정지,일반구간,False,4.95,0,0.0,0,False,999.0,True,False,True,False,2026-05-03T20:54:00.268871,,-2.11,2.11,False,False,False,False,True
61,3,35,30,3.0,12,dry,sedan,40,15,sedan,False,True,False,급정지,일반구간,False,3.7,0,0.0,0,False,5.14,True,False,True,False,2026-05-03T20:54:01.608642,,-2.07,2.07,False,False,False,False,True
62,3,35,30,4.0,12,dry,sedan,0,0,,False,True,False,급정지,일반구간,False,4.95,0,0.0,0,False,999.0,True,False,True,False,2026-05-03T20:54:02.917302,,-2.11,2.11,False,False,False,False,True
63,3,35,30,4.0,12,dry,sedan,40,15,sedan,False,True,False,급정지,일반구간,False,3.7,0,0.0,0,False,5.14,True,False,True,False,2026-05-03T20:54:04.255806,,-2.07,2.07,False,False,False,False,True
64,3,35,30,5.0,12,dry,sedan,0,0,,False,True,False,급정지,일반구간,False,4.95,0,0.0,0,False,999.0,True,False,True,False,2026-05-03T20:54:05.562529,,-2.11,2.11,False,False,False,False,True
65,3,35,30,5.0,12,dry,sedan,40,15,sedan,False,True,False,급정지,일반구간,False,3.7,0,0.0,0,False,5.14,True,False,True,False,2026-05-03T20:54:06.900806,,-2.07,2.07,False,False,False,False,True
66,3,35,40,3.0,12,dry,sedan,0,0,,False,True,False,급정지,일반구간,False,5.65,0,0.0,0,False,999.0,True,False,True,False,2026-05-03T20:54:08.205614,,-2.26,2.26,False,False,False,False,True
67,3,35,40,3.0,12,dry,sedan,40,15,sedan,False,True,False,급정지,일반구간,False,4.45,0,0.5,0,False,10.95,True,False,True,False,2026-05-03T20:54:09.656702,,-2.27,2.27,False,False,False,False,True
68,3,35,40,4.0,12,dry,sedan,0,0,,False,True,False,급정지,일반구간,False,5.65,0,0.0,0,False,999.0,True,False,True,False,2026-05-03T20:54:11.092123,,-2.26,2.26,False,False,False,False,True
69,3,35,40,4.0,12,dry,sedan,40,15,sedan,False,True,False,급정지,일반구간,False,4.45,0,0.5,0,False,10.95,True,False,True,False,2026-05-03T20:54:12.541137,,-2.27,2.27,False,False,False,False,True
70,3,35,40,5.0,12,dry,sedan,0,0,,False,True,False,급정지,일반구간,False,6.1,0,0.0,0,False,999.0,True,False,True,False,2026-05-03T20:54:13.965755,,-2.05,2.05,False,False,False,False,True
71,3,35,40,5.0,12,dry,sedan,40,15,sedan,False,True,False,급정지,일반구간,False,4.45,0,0.5,0,False,10.95,True,False,True,False,2026-05-03T20:54:15.487060,,-2.27,2.27,False,False,False,False,True
72,3,35,50,3.0,12,dry,sedan,0,0,,False,True,False,급정지,일반구간,False,7.0,0,0.5,0,False,999.0,True,False,True,False,2026-05-03T20:54:16.917957,,-2.19,2.19,False,False,False,False,True
73,3,35,50,3.0,12,dry,sedan,40,15,sedan,False,True,False,급정지,일반구간,False,5.95,0,0.0,0,False,15,True,False,True,False,2026-05-03T20:54:18.602058,,-2.14,2.14,False,False,False,False,True
74,3,35,50,4.0,12,dry,sedan,0,0,,False,True,False,급정지,일반구간,False,7.0,0,0.5,0,False,999.0,True,False,True,False,2026-05-03T20:54:20.283372,,-2.19,2.19,False,False,False,False,True
75,3,35,50,4.0,12,dry,sedan,40,15,sedan,False,True,False,급정지,일반구간,False,5.55,0,0.6,0,False,15,True,False,True,False,2026-05-03T20:54:21.957393,,-2.44,2.44,False,False,False,False,True
76,3,35,50,5.0,12,dry,sedan,0,0,,False,True,False,급정지,일반구간,False,7.0,0,0.5,0,False,999.0,True,False,True,False,2026-05-03T20:54:23.568430,,-2.19,2.19,False,False,False,False,True
77,3,35,50,5.0,12,dry,sedan,40,15,sedan,False,True,False,급정지,일반구간,False,5.95,0,0.0,0,False,15,True,False,True,False,2026-05-03T20:54:25.246728,,-2.14,2.14,False,False,False,False,True
78,3,35,60,3.0,12,dry,sedan,0,0,,False,True,False,급정지,일반구간,False,8.25,0,0.6,0,False,999.0,True,False,True,False,2026-05-03T20:54:26.946735,,-2.19,2.19,False,False,False,False,True
79,3,35,60,3.0,12,dry,sedan,40,15,sedan,False,True,False,급정지,일반구간,False,6.7,0,0.5,0,False,15,True,False,True,False,2026-05-03T20:54:28.834145,,-2.26,2.26,False,False,False,False,True
80,3,35,60,4.0,12,dry,sedan,0,0,,False,True,False,급정지,일반구간,False,8.25,0,0.6,0,False,999.0,True,False,True,False,2026-05-03T20:54:30.632068,,-2.19,2.19,False,False,False,False,True
81,3,35,60,4.0,12,dry,sedan,40,15,sedan,False,True,False,급정지,일반구간,False,6.7,0,0.5,0,False,15,True,False,True,False,2026-05-03T20:54:32.502598,,-2.26,2.26,False,False,False,False,True
82,3,35,60,5.0,12,dry,sedan,0,0,,False,True,False,급정지,일반구간,False,8.25,0,0.6,0,False,999.0,True,False,True,False,2026-05-03T20:54:34.315990,,-2.19,2.19,False,False,False,False,True
83,3,35,60,5.0,12,dry,sedan,40,15,sedan,False,True,False,급정지,일반구간,False,7.0,0,0.6,0,False,15,True,False,True,False,2026-05-03T20:54:36.200542,,-2.16,2.16,False,False,False,False,True
84,3,35,70,3.0,12,dry,sedan,0,0,,False,True,False,급정지,일반구간,False,9.15,0,0.0,0,False,999.0,True,False,True,False,2026-05-03T20:54:38.057749,,-2.1,2.1,False,False,False,False,True
85,3,35,70,3.0,12,dry,sedan,40,15,sedan,False,True,False,급정지,일반구간,False,8.2,0,0.0,0,False,15,True,False,True,False,2026-05-03T20:54:40.109868,,-2.09,2.09,False,False,False,False,True
86,3,35,70,4.0,12,dry,sedan,0,0,,False,True,False,급정지,일반구간,False,9.15,0,0.0,0,False,999.0,True,False,True,False,2026-05-03T20:54:42.167848,,-2.1,2.1,False,False,False,False,True
87,3,35,70,4.0,12,dry,sedan,40,15,sedan,False,True,False,급정지,일반구간,False,8.4,0,0.0,0,False,15,True,False,True,False,2026-05-03T20:54:44.197409,,-2.1,2.1,False,False,False,False,True
88,3,35,70,5.0,12,dry,sedan,0,0,,False,True,False,급정지,일반구간,False,9.3,0,0.6,0,False,999.0,True,False,True,False,2026-05-03T20:54:46.287492,,-2.25,2.25,False,False,False,False,True
89,3,35,70,5.0,12,dry,sedan,40,15,sedan,False,True,False,급정지,일반구간,False,8.4,0,0.0,0,False,15,True,False,True,False,2026-05-03T20:54:48.340030,,-2.1,2.1,False,False,False,False,True
90,3,35,80,3.0,12,dry,sedan,0,0,,False,True,False,급정지,일반구간,False,10.4,0,0.0,0,False,999.0,True,False,True,False,2026-05-03T20:54:50.432072,,-1.96,1.96,False,False,False,False,True
91,3,35,80,3.0,12,dry,sedan,40,15,sedan,False,True,False,급정지,일반구간,False,9.05,0,1.0,0,False,15,True,False,True,False,2026-05-03T20:54:52.672088,,-2.46,2.46,False,False,False,False,True
92,3,35,80,4.0,12,dry,sedan,0,0,,False,True,False,급정지,일반구간,False,10.55,0,0.0,0,False,999.0,True,False,True,False,2026-05-03T20:54:54.866869,,-2.11,2.11,False,False,False,False,True
93,3,35,80,4.0,12,dry,sedan,40,15,sedan,False,True,False,급정지,일반구간,False,9.05,0,1.0,0,False,15,True,False,True,False,2026-05-03T20:54:57.127996,,-2.46,2.46,False,False,False,False,True
94,3,35,80,5.0,12,dry,sedan,0,0,,False,True,False,급정지,일반구간,False,10.55,0,0.0,0,False,999.0,True,False,True,False,2026-05-03T20:54:59.326850,,-2.11,2.11,False,False,False,False,True
95,3,35,80,5.0,12,dry,sedan,40,15,sedan,False,True,False,급정지,일반구간,False,9.05,0,1.0,0,False,15,True,False,True,False,2026-05-03T20:55:01.589047,,-2.46,2.46,False,False,False,False,True
96,3,40,10,3.0,12,dry,sedan,0,0,,True,False,False,진행,일반구간,False,2.45,0,39.7,0,False,999.0,False,False,True,False,2026-05-03T20:55:03.804382,,40.94,40.94,False,False,True,False,True
97,3,40,10,3.0,12,dry,sedan,45,15,sedan,True,False,True,진행,일반구간,False,2.45,0,39.7,0,False,15,False,False,True,False,2026-05-03T20:55:05.053345,,52.81,52.81,False,False,True,False,True
98,3,40,10,4.0,12,dry,sedan,0,0,,True,False,False,진행,일반구간,False,2.45,0,39.7,0,False,999.0,False,False,True,False,2026-05-03T20:55:06.487977,,40.94,40.94,False,False,True,False,True
99,3,40,10,4.0,12,dry,sedan,45,15,sedan,True,False,True,진행,일반구간,False,2.45,0,39.7,0,False,15,False,False,True,False,2026-05-03T20:55:07.737085,,52.81,52.81,False,False,True,False,True
100,3,40,10,5.0,12,dry,sedan,0,0,,True,False,False,진행,일반구간,False,2.45,0,39.7,0,False,999.0,False,False,True,False,2026-05-03T20:55:09.184480,,40.94,40.94,False,False,True,False,True
101,3,40,10,5.0,12,dry,sedan,45,15,sedan,True,False,True,진행,일반구간,False,2.45,0,39.7,0,False,15,False,False,True,False,2026-05-03T20:55:10.434034,,52.81,52.81,False,False,True,False,True
102,3,40,20,3.0,12,dry,sedan,0,0,,False,False,False,급정지,딜레마구간,False,3.1,0,0.0,0,False,999.0,True,False,True,False,2026-05-03T20:55:11.867210,,-2.04,2.04,False,False,False,True,True
103,3,40,20,3.0,12,dry,sedan,45,15,sedan,False,False,True,급정지,딜레마구간,False,1.55,0,0.0,0,False,13.12,True,False,True,False,2026-05-03T20:55:12.885887,,1.06,1.06,False,False,False,True,True
104,3,40,20,4.0,12,dry,sedan,0,0,,True,False,False,진행,일반구간,False,3.35,0,39.7,0,False,999.0,False,False,True,False,2026-05-03T20:55:13.831703,,40.87,40.87,False,False,True,False,True
105,3,40,20,4.0,12,dry,sedan,45,15,sedan,True,False,True,진행,일반구간,False,3.35,0,39.7,0,False,15,False,False,True,False,2026-05-03T20:55:15.229267,,52.74,52.74,False,False,True,False,True
106,3,40,20,5.0,12,dry,sedan,0,0,,True,False,False,진행,일반구간,False,3.35,0,39.7,0,False,999.0,False,False,True,False,2026-05-03T20:55:16.819620,,40.87,40.87,False,False,True,False,True
107,3,40,20,5.0,12,dry,sedan,45,15,sedan,True,False,True,진행,일반구간,False,3.35,0,39.7,0,False,15,False,False,True,False,2026-05-03T20:55:18.227726,,52.74,52.74,False,False,True,False,True
108,3,40,30,3.0,12,dry,sedan,0,0,,False,True,False,급정지,일반구간,False,4.4,0,0.5,0,False,999.0,True,False,True,False,2026-05-03T20:55:19.813766,,-2.43,2.43,False,False,False,False,True
109,3,40,30,3.0,12,dry,sedan,45,15,sedan,False,True,True,급정지,일반구간,False,2.8,0,0.0,0,False,7.19,True,False,True,False,2026-05-03T20:55:21.051157,,-2.05,2.05,False,False,False,False,True
110,3,40,30,4.0,12,dry,sedan,0,0,,False,True,False,급정지,일반구간,False,4.4,0,0.5,0,False,999.0,True,False,True,False,2026-05-03T20:55:22.207520,,-2.43,2.43,False,False,False,False,True
111,3,40,30,4.0,12,dry,sedan,45,15,sedan,False,True,True,급정지,일반구간,False,2.8,0,0.0,0,False,7.19,True,False,True,False,2026-05-03T20:55:23.441800,,-2.05,2.05,False,False,False,False,True
112,3,40,30,5.0,12,dry,sedan,0,0,,True,True,False,진행,진행/정지선택구간,False,4.25,0,39.7,0,False,999.0,False,False,True,False,2026-05-03T20:55:24.601177,,40.8,40.8,False,False,True,False,True
113,3,40,30,5.0,12,dry,sedan,45,15,sedan,True,True,True,진행,진행/정지선택구간,False,4.25,0,39.7,0,False,15,False,False,True,False,2026-05-03T20:55:26.152196,,52.67,52.67,False,False,True,False,True
114,3,40,40,3.0,12,dry,sedan,0,0,,False,True,False,급정지,일반구간,False,5.45,0,0.0,0,False,999.0,True,False,True,False,2026-05-03T20:55:27.889511,,-2.1,2.1,False,False,False,False,True
115,3,40,40,3.0,12,dry,sedan,45,15,sedan,False,True,True,감속,일반구간,False,4.0,0,0.0,0,False,8.19,True,False,True,False,2026-05-03T20:55:29.309368,,-1.51,1.51,False,False,False,False,True
116,3,40,40,4.0,12,dry,sedan,0,0,,False,True,False,급정지,일반구간,False,5.45,0,0.0,0,False,999.0,True,False,True,False,2026-05-03T20:55:30.668405,,-2.1,2.1,False,False,False,False,True
117,3,40,40,4.0,12,dry,sedan,45,15,sedan,False,True,True,감속,일반구간,False,4.0,0,0.0,0,False,8.19,True,False,True,False,2026-05-03T20:55:32.101495,,-1.51,1.51,False,False,False,False,True
118,3,40,40,5.0,12,dry,sedan,0,0,,False,True,False,급정지,일반구간,False,5.45,0,0.0,0,False,999.0,True,False,True,False,2026-05-03T20:55:33.460126,,-2.1,2.1,False,False,False,False,True
119,3,40,40,5.0,12,dry,sedan,45,15,sedan,False,True,True,감속,일반구간,False,3.85,0,0.0,0,False,9.18,True,False,True,False,2026-05-03T20:55:34.876058,,-1.56,1.56,False,False,False,False,True
120,3,40,50,3.0,12,dry,sedan,0,0,,False,True,False,급정지,일반구간,False,6.4,0,0.5,0,False,999.0,True,False,True,False,2026-05-03T20:55:36.201154,,-2.28,2.28,False,False,False,False,True
121,3,40,50,3.0,12,dry,sedan,45,15,sedan,False,True,True,감속,일반구간,False,4.9,0,0.0,0,False,12.78,True,False,True,False,2026-05-03T20:55:37.780171,,-1.52,1.52,False,False,False,False,True
122,3,40,50,4.0,12,dry,sedan,0,0,,False,True,False,급정지,일반구간,False,6.4,0,0.5,0,False,999.0,True,False,True,False,2026-05-03T20:55:39.286930,,-2.28,2.28,False,False,False,False,True
123,3,40,50,4.0,12,dry,sedan,45,15,sedan,False,True,True,감속,일반구간,False,4.9,0,0.0,0,False,12.78,True,False,True,False,2026-05-03T20:55:40.856084,,-1.52,1.52,False,False,False,False,True
124,3,40,50,5.0,12,dry,sedan,0,0,,False,True,False,급정지,일반구간,False,6.4,0,0.5,0,False,999.0,True,False,True,False,2026-05-03T20:55:42.365807,,-2.28,2.28,False,False,False,False,True
125,3,40,50,5.0,12,dry,sedan,45,15,sedan,False,True,True,감속,일반구간,False,4.9,0,0.0,0,False,12.78,True,False,True,False,2026-05-03T20:55:43.934548,,-1.52,1.52,False,False,False,False,True
126,3,40,60,3.0,12,dry,sedan,0,0,,False,True,False,급정지,일반구간,False,7.65,0,0.6,0,False,999.0,True,False,True,False,2026-05-03T20:55:45.444309,,-2.19,2.19,False,False,False,False,True
127,3,40,60,3.0,12,dry,sedan,45,15,sedan,False,True,True,감속,일반구간,False,5.9,0,0.0,0,False,15,True,False,True,False,2026-05-03T20:55:47.233318,,-1.53,1.53,False,False,False,False,True
128,3,40,60,4.0,12,dry,sedan,0,0,,False,True,False,급정지,일반구간,False,7.65,0,0.6,0,False,999.0,True,False,True,False,2026-05-03T20:55:48.917618,,-2.19,2.19,False,False,False,False,True
129,3,40,60,4.0,12,dry,sedan,45,15,sedan,False,True,True,감속,일반구간,False,5.9,0,0.0,0,False,15,True,False,True,False,2026-05-03T20:55:50.702764,,-1.53,1.53,False,False,False,False,True
130,3,40,60,5.0,12,dry,sedan,0,0,,False,True,False,급정지,일반구간,False,7.65,0,0.6,0,False,999.0,True,False,True,False,2026-05-03T20:55:52.378134,,-2.19,2.19,False,False,False,False,True
131,3,40,60,5.0,12,dry,sedan,45,15,sedan,False,True,True,감속,일반구간,False,5.9,0,0.0,0,False,15,True,False,True,False,2026-05-03T20:55:54.157148,,-1.53,1.53,False,False,False,False,True
132,3,40,70,3.0,12,dry,sedan,0,0,,False,True,False,급정지,일반구간,False,8.7,0,0.0,0,False,999.0,True,False,True,False,2026-05-03T20:55:55.832303,,-2.12,2.12,False,False,False,False,True
133,3,40,70,3.0,12,dry,sedan,45,15,sedan,False,True,True,감속,일반구간,False,6.8,0,0.5,0,False,15,True,False,True,False,2026-05-03T20:55:57.787028,,-1.53,1.53,False,False,False,False,True
134,3,40,70,4.0,12,dry,sedan,0,0,,False,True,False,급정지,일반구간,False,8.7,0,0.0,0,False,999.0,True,False,True,False,2026-05-03T20:55:59.609172,,-2.12,2.12,False,False,False,False,True
135,3,40,70,4.0,12,dry,sedan,45,15,sedan,False,True,True,감속,일반구간,False,6.8,0,0.5,0,False,15,True,False,True,False,2026-05-03T20:56:01.566293,,-1.53,1.53,False,False,False,False,True
136,3,40,70,5.0,12,dry,sedan,0,0,,False,True,False,급정지,일반구간,False,8.7,0,0.0,0,False,999.0,True,False,True,False,2026-05-03T20:56:03.394360,,-2.12,2.12,False,False,False,False,True
137,3,40,70,5.0,12,dry,sedan,45,15,sedan,False,True,True,감속,일반구간,False,6.8,0,0.5,0,False,15,True,False,True,False,2026-05-03T20:56:05.353313,,-1.53,1.53,False,False,False,False,True
138,3,40,80,3.0,12,dry,sedan,0,0,,False,True,False,급정지,일반구간,False,9.55,0,0.0,0,False,999.0,True,False,True,False,2026-05-03T20:56:07.165296,,-2.1,2.1,False,False,False,False,True
139,3,40,80,3.0,12,dry,sedan,45,15,sedan,False,True,True,감속,일반구간,False,7.85,0,0.0,0,False,15,True,False,True,False,2026-05-03T20:56:09.278169,,-1.52,1.52,False,False,False,False,True
140,3,40,80,4.0,12,dry,sedan,0,0,,False,True,False,급정지,일반구간,False,9.55,0,0.0,0,False,999.0,True,False,True,False,2026-05-03T20:56:11.284407,,-2.1,2.1,False,False,False,False,True
141,3,40,80,4.0,12,dry,sedan,45,15,sedan,False,True,True,감속,일반구간,False,7.85,0,0.0,0,False,15,True,False,True,False,2026-05-03T20:56:13.394453,,-1.52,1.52,False,False,False,False,True
142,3,40,80,5.0,12,dry,sedan,0,0,,False,True,False,급정지,일반구간,False,9.55,0,0.0,0,False,999.0,True,False,True,False,2026-05-03T20:56:15.392311,,-2.1,2.1,False,False,False,False,True
143,3,40,80,5.0,12,dry,sedan,45,15,sedan,False,True,True,감속,일반구간,False,7.85,0,0.0,0,False,15,True,False,True,False,2026-05-03T20:56:17.481235,,-1.52,1.52,False,False,False,False,True
144,3,45,10,3.0,12,dry,sedan,0,0,,True,False,False,진행,일반구간,False,2.15,0,44.6,0,False,999.0,False,False,True,False,2026-05-03T20:56:19.481424,,44.04,44.04,False,False,True,False,True
145,3,45,10,3.0,12,dry,sedan,50,15,sedan,True,False,True,진행,일반구간,False,2.15,0,44.6,0,False,15,False,False,True,False,2026-05-03T20:56:20.697485,,57.39,57.39,False,False,True,False,True
146,3,45,10,4.0,12,dry,sedan,0,0,,True,False,False,진행,일반구간,False,2.15,0,44.6,0,False,999.0,False,False,True,False,2026-05-03T20:56:22.112347,,44.05,44.05,False,False,True,False,True
147,3,45,10,4.0,12,dry,sedan,50,15,sedan,True,False,True,진행,일반구간,False,2.15,0,44.6,0,False,15,False,False,True,False,2026-05-03T20:56:23.328116,,57.4,57.4,False,False,True,False,True
148,3,45,10,5.0,12,dry,sedan,0,0,,True,False,False,진행,일반구간,False,2.15,0,44.6,0,False,999.0,False,False,True,False,2026-05-03T20:56:24.727085,,44.05,44.05,False,False,True,False,True
149,3,45,10,5.0,12,dry,sedan,50,15,sedan,True,False,True,진행,일반구간,False,2.15,0,44.6,0,False,15,False,False,True,False,2026-05-03T20:56:25.943218,,57.4,57.4,False,False,True,False,True
150,3,45,20,3.0,12,dry,sedan,0,0,,False,False,False,급정지,딜레마구간,False,2.85,0,0.0,0,False,999.0,True,False,True,False,2026-05-03T20:56:27.359128,,-1.96,1.96,False,False,False,True,True
151,3,45,20,3.0,12,dry,sedan,50,15,sedan,False,False,True,급정지,딜레마구간,False,1.55,0,0.0,0,False,13.09,True,False,True,False,2026-05-03T20:56:28.348560,,3.44,3.44,True,False,False,True,True
152,3,45,20,4.0,12,dry,sedan,0,0,,True,False,False,진행,일반구간,False,3.0,0,44.6,0,False,999.0,False,False,True,False,2026-05-03T20:56:29.296678,,43.96,43.96,False,False,True,False,True
153,3,45,20,4.0,12,dry,sedan,50,15,sedan,True,False,True,진행,일반구간,False,3.0,0,44.6,0,False,15,False,False,True,False,2026-05-03T20:56:30.638243,,57.31,57.31,False,False,True,False,True
154,3,45,20,5.0,12,dry,sedan,0,0,,True,False,False,진행,일반구간,False,3.0,0,44.6,0,False,999.0,False,False,True,False,2026-05-03T20:56:32.159553,,43.95,43.95,False,False,True,False,True
155,3,45,20,5.0,12,dry,sedan,50,15,sedan,True,False,True,진행,일반구간,False,3.0,0,44.6,0,False,15,False,False,True,False,2026-05-03T20:56:33.504518,,57.31,57.31,False,False,True,False,True
156,3,45,30,3.0,12,dry,sedan,0,0,,False,True,False,급정지,일반구간,False,4.55,0,0.0,0,False,999.0,True,False,True,False,2026-05-03T20:56:35.027292,,-2.15,2.15,False,False,False,False,True
157,3,45,30,3.0,12,dry,sedan,50,15,sedan,False,True,True,급정지,일반구간,False,2.2,0,0.0,0,False,9.74,True,False,True,False,2026-05-03T20:56:36.297097,,-1.99,1.99,False,False,False,False,True
158,3,45,30,4.0,12,dry,sedan,0,0,,False,True,False,급정지,일반구간,False,4.55,0,0.0,0,False,999.0,True,False,True,False,2026-05-03T20:56:37.349240,,-2.15,2.15,False,False,False,False,True
159,3,45,30,4.0,12,dry,sedan,50,15,sedan,False,True,True,급정지,일반구간,False,2.25,0,0.0,0,False,9.3,True,False,True,False,2026-05-03T20:56:38.622917,,-1.86,1.86,False,False,False,False,True
160,3,45,30,5.0,12,dry,sedan,0,0,,True,True,False,진행,진행/정지선택구간,False,3.8,0,44.6,0,False,999.0,False,False,True,False,2026-05-03T20:56:39.690615,,43.86,43.86,False,False,True,False,True
161,3,45,30,5.0,12,dry,sedan,50,15,sedan,True,True,True,진행,진행/정지선택구간,False,3.8,0,44.6,0,False,15,False,False,True,False,2026-05-03T20:56:41.168214,,57.22,57.22,False,False,True,False,True
162,3,45,40,3.0,12,dry,sedan,0,0,,False,True,False,급정지,일반구간,False,5.55,0,0.5,0,False,999.0,True,False,True,False,2026-05-03T20:56:42.843355,,-2.23,2.23,False,False,False,False,True
163,3,45,40,3.0,12,dry,sedan,50,15,sedan,False,True,True,감속,일반구간,False,3.8,0,0.0,0,False,4.13,True,False,True,False,2026-05-03T20:56:44.278350,,-1.5,1.5,False,False,False,False,True
164,3,45,40,4.0,12,dry,sedan,0,0,,False,True,False,급정지,일반구간,False,5.55,0,0.5,0,False,999.0,True,False,True,False,2026-05-03T20:56:45.608212,,-2.23,2.23,False,False,False,False,True
165,3,45,40,4.0,12,dry,sedan,50,15,sedan,False,True,True,감속,일반구간,False,3.8,0,0.0,0,False,4.13,True,False,True,False,2026-05-03T20:56:47.043309,,-1.5,1.5,False,False,False,False,True
166,3,45,40,5.0,12,dry,sedan,0,0,,False,True,False,급정지,일반구간,False,5.55,0,0.5,0,False,999.0,True,False,True,False,2026-05-03T20:56:48.370200,,-2.23,2.23,False,False,False,False,True
167,3,45,40,5.0,12,dry,sedan,50,15,sedan,False,True,True,감속,일반구간,False,3.8,0,0.0,0,False,4.13,True,False,True,False,2026-05-03T20:56:49.822371,,-1.5,1.5,False,False,False,False,True
168,3,45,50,3.0,12,dry,sedan,0,0,,False,True,False,급정지,일반구간,False,6.35,0,0.0,0,False,999.0,True,False,True,False,2026-05-03T20:56:51.143399,,-2.09,2.09,False,False,False,False,True
169,3,45,50,3.0,12,dry,sedan,50,15,sedan,False,True,True,감속,일반구간,False,4.65,0,0.6,0,False,7.51,True,False,True,False,2026-05-03T20:56:52.726047,,-1.53,1.53,False,False,False,False,True
170,3,45,50,4.0,12,dry,sedan,0,0,,False,True,False,급정지,일반구간,False,6.55,0,0.0,0,False,999.0,True,False,True,False,2026-05-03T20:56:54.202448,,-2.11,2.11,False,False,False,False,True
171,3,45,50,4.0,12,dry,sedan,50,15,sedan,False,True,True,감속,일반구간,False,4.65,0,0.6,0,False,7.51,True,False,True,False,2026-05-03T20:56:55.797295,,-1.53,1.53,False,False,False,False,True
172,3,45,50,5.0,12,dry,sedan,0,0,,False,True,False,급정지,일반구간,False,6.35,0,0.0,0,False,999.0,True,False,True,False,2026-05-03T20:56:57.263319,,-2.09,2.09,False,False,False,False,True
173,3,45,50,5.0,12,dry,sedan,50,15,sedan,False,True,True,감속,일반구간,False,4.65,0,0.6,0,False,7.51,True,False,True,False,2026-05-03T20:56:58.829169,,-1.53,1.53,False,False,False,False,True
174,3,45,60,3.0,12,dry,sedan,0,0,,False,True,False,급정지,일반구간,False,7.15,0,0.0,0,False,999.0,True,False,True,False,2026-05-03T20:57:00.298358,,-2.08,2.08,False,False,False,False,True
175,3,45,60,3.0,12,dry,sedan,50,15,sedan,False,True,True,감속,일반구간,False,5.45,0,0.0,0,False,12.55,True,False,True,False,2026-05-03T20:57:02.019566,,-1.5,1.5,False,False,False,False,True
176,3,45,60,4.0,12,dry,sedan,0,0,,False,True,False,급정지,일반구간,False,7.15,0,0.0,0,False,999.0,True,False,True,False,2026-05-03T20:57:03.623954,,-2.08,2.08,False,False,False,False,True
177,3,45,60,4.0,12,dry,sedan,50,15,sedan,False,True,True,감속,일반구간,False,5.45,0,0.0,0,False,12.55,True,False,True,False,2026-05-03T20:57:05.314980,,-1.5,1.5,False,False,False,False,True
178,3,45,60,5.0,12,dry,sedan,0,0,,False,True,False,급정지,일반구간,False,7.15,0,0.0,0,False,999.0,True,False,True,False,2026-05-03T20:57:06.916038,,-2.08,2.08,False,False,False,False,True
179,3,45,60,5.0,12,dry,sedan,50,15,sedan,False,True,True,감속,일반구간,False,5.45,0,0.0,0,False,12.55,True,False,True,False,2026-05-03T20:57:08.620213,,-1.5,1.5,False,False,False,False,True
180,3,45,70,3.0,12,dry,sedan,0,0,,False,True,False,급정지,일반구간,False,8.15,0,0.0,0,False,999.0,True,False,True,False,2026-05-03T20:57:10.220466,,-2.05,2.05,False,False,False,False,True
181,3,45,70,3.0,12,dry,sedan,50,15,sedan,False,True,True,감속,일반구간,False,6.3,0,0.8,0,False,15,True,False,True,False,2026-05-03T20:57:12.079890,,-1.5,1.5,False,False,False,False,True
182,3,45,70,4.0,12,dry,sedan,0,0,,False,True,False,급정지,일반구간,False,8.15,0,0.0,0,False,999.0,True,False,True,False,2026-05-03T20:57:13.817742,,-2.05,2.05,False,False,False,False,True
183,3,45,70,4.0,12,dry,sedan,50,15,sedan,False,True,True,감속,일반구간,False,6.3,0,0.8,0,False,15,True,False,True,False,2026-05-03T20:57:15.689605,,-1.5,1.5,False,False,False,False,True
184,3,45,70,5.0,12,dry,sedan,0,0,,False,True,False,급정지,일반구간,False,8.15,0,0.0,0,False,999.0,True,False,True,False,2026-05-03T20:57:17.424353,,-2.05,2.05,False,False,False,False,True
185,3,45,70,5.0,12,dry,sedan,50,15,sedan,False,True,True,감속,일반구간,False,6.3,0,0.8,0,False,15,True,False,True,False,2026-05-03T20:57:19.299609,,-1.5,1.5,False,False,False,False,True
186,3,45,80,3.0,12,dry,sedan,0,0,,False,True,False,급정지,일반구간,False,9.3,0,0.0,0,False,999.0,True,False,True,False,2026-05-03T20:57:21.041340,,-2.13,2.13,False,False,False,False,True
187,3,45,80,3.0,12,dry,sedan,50,15,sedan,False,True,True,감속,일반구간,False,7.25,0,0.0,0,False,15,True,False,True,False,2026-05-03T20:57:23.101394,,-1.48,1.48,False,False,False,False,True
188,3,45,80,4.0,12,dry,sedan,0,0,,False,True,False,급정지,일반구간,False,9.3,0,0.0,0,False,999.0,True,False,True,False,2026-05-03T20:57:25.007797,,-2.13,2.13,False,False,False,False,True
189,3,45,80,4.0,12,dry,sedan,50,15,sedan,False,True,True,감속,일반구간,False,7.25,0,0.0,0,False,15,True,False,True,False,2026-05-03T20:57:27.082396,,-1.48,1.48,False,False,False,False,True
190,3,45,80,5.0,12,dry,sedan,0,0,,False,True,False,급정지,일반구간,False,9.3,0,0.0,0,False,999.0,True,False,True,False,2026-05-03T20:57:28.981923,,-2.13,2.13,False,False,False,False,True
191,3,45,80,5.0,12,dry,sedan,50,15,sedan,False,True,True,감속,일반구간,False,7.25,0,0.0,0,False,15,True,False,True,False,2026-05-03T20:57:31.041404,,-1.48,1.48,False,False,False,False,True
192,3,50,10,3.0,12,dry,sedan,0,0,,True,False,False,진행,일반구간,False,1.95,0,49.5,0,False,999.0,False,False,True,False,2026-05-03T20:57:32.936602,,47.17,47.17,False,False,True,False,True
193,3,50,10,3.0,12,dry,sedan,55,15,sedan,True,False,True,진행,일반구간,False,1.95,0,49.5,0,False,15,False,False,True,False,2026-05-03T20:57:34.118242,,62.01,62.01,False,False,True,False,True
194,3,50,10,4.0,12,dry,sedan,0,0,,True,False,False,진행,일반구간,False,1.95,0,49.5,0,False,999.0,False,False,True,False,2026-05-03T20:57:35.475509,,47.17,47.17,False,False,True,False,True
195,3,50,10,4.0,12,dry,sedan,55,15,sedan,True,False,True,진행,일반구간,False,1.95,0,49.5,0,False,15,False,False,True,False,2026-05-03T20:57:36.659236,,62.01,62.01,False,False,True,False,True
196,3,50,10,5.0,12,dry,sedan,0,0,,True,False,False,진행,일반구간,False,1.95,0,49.5,0,False,999.0,False,False,True,False,2026-05-03T20:57:38.031431,,47.17,47.17,False,False,True,False,True
197,3,50,10,5.0,12,dry,sedan,55,15,sedan,True,False,True,진행,일반구간,False,1.95,0,49.5,0,False,15,False,False,True,False,2026-05-03T20:57:39.212428,,62.01,62.01,False,False,True,False,True
198,3,50,20,3.0,12,dry,sedan,0,0,,False,False,False,급정지,딜레마구간,False,2.6,0,0.0,0,False,999.0,True,False,True,False,2026-05-03T20:57:40.583117,,-1.93,1.93,False,False,False,True,True
199,3,50,20,3.0,12,dry,sedan,55,15,sedan,False,False,True,급정지,딜레마구간,False,1.55,0,0.0,0,False,13.13,False,False,False,False,2026-05-03T20:57:41.531488,,5.92,5.92,True,False,False,True,False
200,3,50,20,4.0,12,dry,sedan,0,0,,True,False,False,진행,일반구간,False,2.7,0,49.5,0,False,999.0,False,False,True,False,2026-05-03T20:57:42.489760,,46.78,46.78,False,False,True,False,True
201,3,50,20,4.0,12,dry,sedan,55,15,sedan,True,False,True,진행,일반구간,False,2.7,0,49.5,0,False,15,False,False,True,False,2026-05-03T20:57:43.783481,,61.62,61.62,False,False,True,False,True
202,3,50,20,5.0,12,dry,sedan,0,0,,True,False,False,진행,일반구간,False,2.7,0,49.5,0,False,999.0,False,False,True,False,2026-05-03T20:57:45.259238,,46.78,46.78,False,False,True,False,True
203,3,50,20,5.0,12,dry,sedan,55,15,sedan,True,False,True,진행,일반구간,False,2.7,0,49.5,0,False,15,False,False,True,False,2026-05-03T20:57:46.549321,,61.62,61.62,False,False,True,False,True
204,3,50,30,3.0,12,dry,sedan,0,0,,False,True,False,급정지,일반구간,False,4.25,0,0.0,0,False,999.0,True,False,True,False,2026-05-03T20:57:48.039272,,-2.0,2.0,False,False,False,False,True
205,3,50,30,3.0,12,dry,sedan,55,15,sedan,False,True,True,급정지,일반구간,False,1.55,0,0.0,0,False,15,True,False,True,False,2026-05-03T20:57:49.258855,,-1.09,1.09,False,False,False,False,True
206,3,50,30,4.0,12,dry,sedan,0,0,,True,True,False,진행,진행/정지선택구간,False,3.4,0,49.4,0,False,999.0,False,False,True,False,2026-05-03T20:57:50.198329,,47.08,47.08,False,False,True,False,True
207,3,50,30,4.0,12,dry,sedan,55,15,sedan,True,True,True,진행,진행/정지선택구간,False,3.4,0,49.4,0,False,15,False,False,True,False,2026-05-03T20:57:51.613855,,61.92,61.92,False,False,True,False,True
208,3,50,30,5.0,12,dry,sedan,0,0,,True,True,False,진행,진행/정지선택구간,False,3.4,0,49.4,0,False,999.0,False,False,True,False,2026-05-03T20:57:53.216445,,47.08,47.08,False,False,True,False,True
209,3,50,30,5.0,12,dry,sedan,55,15,sedan,True,True,True,진행,진행/정지선택구간,False,3.4,0,49.4,0,False,15,False,False,True,False,2026-05-03T20:57:54.634999,,61.92,61.92,False,False,True,False,True
210,3,50,40,3.0,12,dry,sedan,0,0,,False,True,False,급정지,일반구간,False,5.6,0,0.7,0,False,999.0,True,False,True,False,2026-05-03T20:57:56.237207,,-2.17,2.17,False,False,False,False,True
211,3,50,40,3.0,12,dry,sedan,55,15,sedan,False,True,True,급정지,일반구간,False,3.95,0,0.4,0,True,0.03,True,False,False,False,2026-05-03T20:57:57.698187,,-1.0,1.0,False,False,False,False,True
212,3,50,40,4.0,12,dry,sedan,0,0,,False,True,False,급정지,일반구간,False,5.6,0,0.7,0,False,999.0,True,False,True,False,2026-05-03T20:57:59.057256,,-2.17,2.17,False,False,False,False,True
213,3,50,40,4.0,12,dry,sedan,55,15,sedan,False,True,True,급정지,일반구간,False,3.95,0,0.4,0,True,0.03,True,False,False,False,2026-05-03T20:58:00.505546,,-1.0,1.0,False,False,False,False,True
214,3,50,40,5.0,12,dry,sedan,0,0,,True,True,False,진행,진행/정지선택구간,False,4.15,0,49.4,0,False,999.0,False,False,True,False,2026-05-03T20:58:01.847847,,46.7,46.7,False,False,True,False,True
215,3,50,40,5.0,12,dry,sedan,55,15,sedan,True,True,True,진행,진행/정지선택구간,False,4.15,0,49.4,0,False,15,False,False,True,False,2026-05-03T20:58:03.384553,,61.53,61.53,False,False,True,False,True
216,3,50,50,3.0,12,dry,sedan,0,0,,False,True,False,급정지,일반구간,False,6.1,0,0.7,0,False,999.0,True,False,True,False,2026-05-03T20:58:05.099375,,-2.41,2.41,False,False,False,False,True
217,3,50,50,3.0,12,dry,sedan,55,15,sedan,False,True,True,감속,일반구간,False,4.45,0,0.5,0,False,2.53,True,False,True,False,2026-05-03T20:58:06.618817,,-1.47,1.47,False,False,False,False,True
218,3,50,50,4.0,12,dry,sedan,0,0,,False,True,False,급정지,일반구간,False,6.1,0,0.7,0,False,999.0,True,False,True,False,2026-05-03T20:58:08.054644,,-2.41,2.41,False,False,False,False,True
219,3,50,50,4.0,12,dry,sedan,55,15,sedan,False,True,True,감속,일반구간,False,4.45,0,0.5,0,False,2.53,True,False,True,False,2026-05-03T20:58:09.580388,,-1.47,1.47,False,False,False,False,True
220,3,50,50,5.0,12,dry,sedan,0,0,,False,True,False,급정지,일반구간,False,6.45,0,0.5,0,False,999.0,True,False,True,False,2026-05-03T20:58:11.017673,,-2.25,2.25,False,False,False,False,True
221,3,50,50,5.0,12,dry,sedan,55,15,sedan,False,True,True,감속,일반구간,False,4.45,0,0.5,0,False,2.53,True,False,True,False,2026-05-03T20:58:12.600324,,-1.47,1.47,False,False,False,False,True
222,3,50,60,3.0,12,dry,sedan,0,0,,False,True,False,급정지,일반구간,False,7.1,0,0.5,0,False,999.0,True,False,True,False,2026-05-03T20:58:14.027343,,-2.22,2.22,False,False,False,False,True
223,3,50,60,3.0,12,dry,sedan,55,15,sedan,False,True,True,감속,일반구간,False,5.2,0,0.0,0,False,6.48,True,False,True,False,2026-05-03T20:58:15.714602,,-1.5,1.5,False,False,False,False,True
224,3,50,60,4.0,12,dry,sedan,0,0,,False,True,False,급정지,일반구간,False,7.1,0,0.5,0,False,999.0,True,False,True,False,2026-05-03T20:58:17.267332,,-2.22,2.22,False,False,False,False,True
225,3,50,60,4.0,12,dry,sedan,55,15,sedan,False,True,True,감속,일반구간,False,5.15,0,0.0,0,False,6.61,True,False,True,False,2026-05-03T20:58:18.957198,,-1.74,1.74,False,False,False,False,True
226,3,50,60,5.0,12,dry,sedan,0,0,,False,True,False,급정지,일반구간,False,7.1,0,0.5,0,False,999.0,True,False,True,False,2026-05-03T20:58:20.509364,,-2.22,2.22,False,False,False,False,True
227,3,50,60,5.0,12,dry,sedan,55,15,sedan,False,True,True,감속,일반구간,False,5.15,0,0.0,0,False,6.61,True,False,True,False,2026-05-03T20:58:22.204318,,-1.74,1.74,False,False,False,False,True
228,3,50,70,3.0,12,dry,sedan,0,0,,False,True,False,급정지,일반구간,False,7.85,0,0.7,0,False,999.0,True,False,True,False,2026-05-03T20:58:23.757197,,-2.19,2.19,False,False,False,False,True
229,3,50,70,3.0,12,dry,sedan,55,15,sedan,False,True,True,감속,일반구간,False,5.95,0,0.0,0,False,11.45,True,False,True,False,2026-05-03T20:58:25.569429,,-1.57,1.57,False,False,False,False,True
230,3,50,70,4.0,12,dry,sedan,0,0,,False,True,False,급정지,일반구간,False,7.85,0,0.7,0,False,999.0,True,False,True,False,2026-05-03T20:58:27.257220,,-2.19,2.19,False,False,False,False,True
231,3,50,70,4.0,12,dry,sedan,55,15,sedan,False,True,True,감속,일반구간,False,5.95,0,0.6,0,False,11.46,True,False,True,False,2026-05-03T20:58:29.073609,,-1.55,1.55,False,False,False,False,True
232,3,50,70,5.0,12,dry,sedan,0,0,,False,True,False,급정지,일반구간,False,7.85,0,0.7,0,False,999.0,True,False,True,False,2026-05-03T20:58:30.757194,,-2.19,2.19,False,False,False,False,True
233,3,50,70,5.0,12,dry,sedan,55,15,sedan,False,True,True,감속,일반구간,False,5.95,0,0.0,0,False,11.45,True,False,True,False,2026-05-03T20:58:32.581592,,-1.57,1.57,False,False,False,False,True
234,3,50,80,3.0,12,dry,sedan,0,0,,False,True,False,급정지,일반구간,False,8.7,0,0.0,0,False,999.0,True,False,True,False,2026-05-03T20:58:34.268482,,-2.13,2.13,False,False,False,False,True
235,3,50,80,3.0,12,dry,sedan,55,15,sedan,False,True,True,감속,일반구간,False,6.75,0,0.9,0,False,15,True,False,True,False,2026-05-03T20:58:36.229958,,-1.46,1.46,False,False,False,False,True
236,3,50,80,4.0,12,dry,sedan,0,0,,False,True,False,급정지,일반구간,False,8.7,0,0.0,0,False,999.0,True,False,True,False,2026-05-03T20:58:38.047584,,-2.13,2.13,False,False,False,False,True
237,3,50,80,4.0,12,dry,sedan,55,15,sedan,False,True,True,감속,일반구간,False,6.75,0,0.5,0,False,15,True,False,True,False,2026-05-03T20:58:39.996266,,-1.51,1.51,False,False,False,False,True
238,3,50,80,5.0,12,dry,sedan,0,0,,False,True,False,급정지,일반구간,False,8.7,0,0.0,0,False,999.0,True,False,True,False,2026-05-03T20:58:41.806252,,-2.13,2.13,False,False,False,False,True
239,3,50,80,5.0,12,dry,sedan,55,15,sedan,False,True,True,감속,일반구간,False,6.75,0,0.9,0,False,15,True,False,True,False,2026-05-03T20:58:43.758954,,-1.46,1.46,False,False,False,False,True
240,3,55,10,3.0,12,dry,sedan,0,0,,True,False,False,진행,일반구간,False,1.8,0,54.3,0,False,999.0,False,False,True,False,2026-05-03T20:58:45.569854,,49.75,49.75,False,False,True,False,True
241,3,55,10,3.0,12,dry,sedan,60,15,sedan,True,False,True,진행,일반구간,False,1.8,0,54.3,0,False,15,False,False,True,False,2026-05-03T20:58:46.709984,,66.07,66.07,False,False,True,False,True
242,3,55,10,4.0,12,dry,sedan,0,0,,True,False,False,진행,일반구간,False,1.8,0,54.3,0,False,999.0,False,False,True,False,2026-05-03T20:58:48.039990,,49.75,49.75,False,False,True,False,True
243,3,55,10,4.0,12,dry,sedan,60,15,sedan,True,False,True,진행,일반구간,False,1.8,0,54.3,0,False,15,False,False,True,False,2026-05-03T20:58:49.182691,,66.07,66.07,False,False,True,False,True
244,3,55,10,5.0,12,dry,sedan,0,0,,True,False,False,진행,일반구간,False,1.8,0,54.3,0,False,999.0,False,False,True,False,2026-05-03T20:58:50.513465,,49.75,49.75,False,False,True,False,True
245,3,55,10,5.0,12,dry,sedan,60,15,sedan,True,False,True,진행,일반구간,False,1.8,0,54.3,0,False,15,False,False,True,False,2026-05-03T20:58:51.654941,,66.07,66.07,False,False,True,False,True
246,3,55,20,3.0,12,dry,sedan,0,0,,True,False,False,진행,일반구간,False,2.45,0,54.3,0,False,999.0,False,False,True,False,2026-05-03T20:58:52.979532,,49.56,49.56,False,False,True,False,True
247,3,55,20,3.0,12,dry,sedan,60,15,sedan,True,False,True,진행,일반구간,False,2.45,0,54.3,0,False,15,False,False,True,False,2026-05-03T20:58:54.227698,,66.64,66.64,False,False,True,False,True
248,3,55,20,4.0,12,dry,sedan,0,0,,True,False,False,진행,일반구간,False,2.45,0,54.3,0,False,999.0,False,False,True,False,2026-05-03T20:58:55.674360,,49.56,49.56,False,False,True,False,True
249,3,55,20,4.0,12,dry,sedan,60,15,sedan,True,False,True,진행,일반구간,False,2.45,0,54.3,0,False,15,False,False,True,False,2026-05-03T20:58:56.922600,,66.64,66.64,False,False,True,False,True
250,3,55,20,5.0,12,dry,sedan,0,0,,True,False,False,진행,일반구간,False,2.45,0,54.3,0,False,999.0,False,False,True,False,2026-05-03T20:58:58.383360,,49.55,49.55,False,False,True,False,True
251,3,55,20,5.0,12,dry,sedan,60,15,sedan,True,False,True,진행,일반구간,False,2.45,0,54.3,0,False,15,False,False,True,False,2026-05-03T20:58:59.629467,,66.64,66.64,False,False,True,False,True
252,3,55,30,3.0,12,dry,sedan,0,0,,False,False,False,급정지,딜레마구간,False,4.15,0,0.0,0,False,999.0,True,False,True,False,2026-05-03T20:59:01.065631,,-2.11,2.11,False,False,False,True,True
253,3,55,30,3.0,12,dry,sedan,60,15,sedan,False,False,True,급정지,딜레마구간,False,1.55,0,0.0,0,False,15,True,False,True,False,2026-05-03T20:59:02.268397,,2.08,2.08,True,False,False,True,True
254,3,55,30,4.0,12,dry,sedan,0,0,,True,False,False,진행,일반구간,False,3.1,0,54.3,0,False,999.0,False,False,True,False,2026-05-03T20:59:03.213698,,50.12,50.12,False,False,True,False,True
255,3,55,30,4.0,12,dry,sedan,60,15,sedan,True,False,True,진행,일반구간,False,3.1,0,54.3,0,False,15,False,False,True,False,2026-05-03T20:59:04.584066,,66.44,66.44,False,False,True,False,True
256,3,55,30,5.0,12,dry,sedan,0,0,,True,False,False,진행,일반구간,False,3.1,0,54.3,0,False,999.0,False,False,True,False,2026-05-03T20:59:06.153613,,50.12,50.12,False,False,True,False,True
257,3,55,30,5.0,12,dry,sedan,60,15,sedan,True,False,True,진행,일반구간,False,3.1,0,54.3,0,False,15,False,False,True,False,2026-05-03T20:59:07.526268,,66.44,66.44,False,False,True,False,True
258,3,55,40,3.0,12,dry,sedan,0,0,,False,True,False,급정지,일반구간,False,5.2,0,0.0,0,False,999.0,True,False,True,False,2026-05-03T20:59:09.077269,,-2.23,2.23,False,False,False,False,True
259,3,55,40,3.0,12,dry,sedan,60,15,sedan,False,True,True,급정지,일반구간,False,2.95,0,0.0,0,False,2.99,True,False,True,False,2026-05-03T20:59:10.448407,,-1.85,1.85,False,False,False,False,True
260,3,55,40,4.0,12,dry,sedan,0,0,,False,True,False,급정지,일반구간,False,5.2,0,0.0,0,False,999.0,True,False,True,False,2026-05-03T20:59:11.637299,,-2.23,2.23,False,False,False,False,True
261,3,55,40,4.0,12,dry,sedan,60,15,sedan,False,True,True,급정지,일반구간,False,2.95,0,0.0,0,False,2.99,True,False,True,False,2026-05-03T20:59:13.020420,,-1.85,1.85,False,False,False,False,True
262,3,55,40,5.0,12,dry,sedan,0,0,,True,True,False,진행,진행/정지선택구간,False,3.8,0,54.3,0,False,999.0,False,False,True,False,2026-05-03T20:59:14.211244,,49.92,49.92,False,False,True,False,True
263,3,55,40,5.0,12,dry,sedan,60,15,sedan,True,True,True,진행,진행/정지선택구간,False,3.8,0,54.3,0,False,15,False,False,True,False,2026-05-03T20:59:15.677930,,66.25,66.25,False,False,True,False,True
264,3,55,50,3.0,12,dry,sedan,0,0,,False,True,False,급정지,일반구간,False,6.35,0,0.5,0,False,999.0,True,False,True,False,2026-05-03T20:59:17.341563,,-2.2,2.2,False,False,False,False,True
265,3,55,50,3.0,12,dry,sedan,60,15,sedan,False,True,True,급정지,일반구간,False,4.3,0,0.0,0,True,0.01,True,False,False,False,2026-05-03T20:59:18.910028,,-1.75,1.75,False,False,False,False,True
266,3,55,50,4.0,12,dry,sedan,0,0,,False,True,False,급정지,일반구간,False,6.35,0,0.5,0,False,999.0,True,False,True,False,2026-05-03T20:59:20.320506,,-2.2,2.2,False,False,False,False,True
267,3,55,50,4.0,12,dry,sedan,60,15,sedan,False,True,True,급정지,일반구간,False,4.3,0,0.0,0,True,0.01,True,False,False,False,2026-05-03T20:59:21.887038,,-1.75,1.75,False,False,False,False,True
268,3,55,50,5.0,12,dry,sedan,0,0,,True,True,False,진행,진행/정지선택구간,False,4.45,0,54.3,0,False,999.0,False,False,True,False,2026-05-03T20:59:23.288346,,49.74,49.74,False,False,True,False,True
269,3,55,50,5.0,12,dry,sedan,60,15,sedan,True,True,True,진행,진행/정지선택구간,False,4.45,0,54.3,0,False,15,False,False,True,False,2026-05-03T20:59:24.887634,,66.06,66.06,False,False,True,False,True
270,3,55,60,3.0,12,dry,sedan,0,0,,False,True,False,급정지,일반구간,False,6.85,0,1.0,0,False,999.0,True,False,True,False,2026-05-03T20:59:26.657359,,-2.37,2.37,False,False,False,False,True
271,3,55,60,3.0,12,dry,sedan,60,15,sedan,False,True,True,감속,일반구간,False,4.95,0,0.0,0,True,1.15,True,False,False,False,2026-05-03T20:59:28.308604,,-1.63,1.63,False,False,False,False,True
272,3,55,60,4.0,12,dry,sedan,0,0,,False,True,False,급정지,일반구간,False,6.85,0,1.0,0,False,999.0,True,False,True,False,2026-05-03T20:59:29.816269,,-2.37,2.37,False,False,False,False,True
273,3,55,60,4.0,12,dry,sedan,60,15,sedan,False,True,True,감속,일반구간,False,4.95,0,0.0,0,True,1.15,True,False,False,False,2026-05-03T20:59:31.469578,,-1.63,1.63,False,False,False,False,True
274,3,55,60,5.0,12,dry,sedan,0,0,,False,True,False,급정지,일반구간,False,6.85,0,1.0,0,False,999.0,True,False,True,False,2026-05-03T20:59:33.002602,,-2.37,2.37,False,False,False,False,True
275,3,55,60,5.0,12,dry,sedan,60,15,sedan,False,True,True,감속,일반구간,False,4.95,0,0.0,0,True,1.15,True,False,False,False,2026-05-03T20:59:34.653666,,-1.63,1.63,False,False,False,False,True
276,3,55,70,3.0,12,dry,sedan,0,0,,False,True,False,급정지,일반구간,False,7.5,0,0.5,0,False,999.0,True,False,True,False,2026-05-03T20:59:36.173445,,-2.45,2.45,False,False,False,False,True
277,3,55,70,3.0,12,dry,sedan,60,15,sedan,False,True,True,감속,일반구간,False,5.8,0,0.0,0,False,4.25,True,False,True,False,2026-05-03T20:59:37.926186,,-1.43,1.43,False,False,False,False,True
278,3,55,70,4.0,12,dry,sedan,0,0,,False,True,False,급정지,일반구간,False,7.5,0,0.5,0,False,999.0,True,False,True,False,2026-05-03T20:59:39.584570,,-2.45,2.45,False,False,False,False,True
279,3,55,70,4.0,12,dry,sedan,60,15,sedan,False,True,True,감속,일반구간,False,5.8,0,0.0,0,False,4.25,True,False,True,False,2026-05-03T20:59:41.363649,,-1.43,1.43,False,False,False,False,True
280,3,55,70,5.0,12,dry,sedan,0,0,,False,True,False,급정지,일반구간,False,7.5,0,0.5,0,False,999.0,True,False,True,False,2026-05-03T20:59:43.039542,,-2.45,2.45,False,False,False,False,True
281,3,55,70,5.0,12,dry,sedan,60,15,sedan,False,True,True,감속,일반구간,False,5.8,0,0.0,0,False,4.25,True,False,True,False,2026-05-03T20:59:44.793645,,-1.43,1.43,False,False,False,False,True
282,3,55,80,3.0,12,dry,sedan,0,0,,False,True,False,급정지,일반구간,False,8.6,0,0.7,0,False,999.0,True,False,True,False,2026-05-03T20:59:46.454956,,-2.16,2.16,False,False,False,False,True
283,3,55,80,3.0,12,dry,sedan,60,15,sedan,False,True,True,감속,일반구간,False,6.4,0,0.6,0,False,9.95,True,False,True,False,2026-05-03T20:59:48.394703,,-1.54,1.54,False,False,False,False,True
284,3,55,80,4.0,12,dry,sedan,0,0,,False,True,False,급정지,일반구간,False,8.45,0,0.5,0,False,999.0,True,False,True,False,2026-05-03T20:59:50.161579,,-2.16,2.16,False,False,False,False,True
285,3,55,80,4.0,12,dry,sedan,60,15,sedan,False,True,True,감속,일반구간,False,6.4,0,0.6,0,False,9.95,True,False,True,False,2026-05-03T20:59:52.079480,,-1.54,1.54,False,False,False,False,True
286,3,55,80,5.0,12,dry,sedan,0,0,,False,True,False,급정지,일반구간,False,8.6,0,0.7,0,False,999.0,True,False,True,False,2026-05-03T20:59:53.827324,,-2.16,2.16,False,False,False,False,True
287,3,55,80,5.0,12,dry,sedan,60,15,sedan,False,True,True,감속,일반구간,False,6.4,0,0.6,0,False,9.95,True,False,True,False,2026-05-03T20:59:55.760158,,-1.54,1.54,False,False,False,False,True
288,3,60,10,3.0,12,dry,sedan,0,0,,True,False,False,진행,일반구간,False,1.65,0,59.2,0,False,999.0,False,False,True,False,2026-05-03T20:59:57.512171,,52.64,52.64,False,False,True,False,True
289,3,60,10,3.0,12,dry,sedan,65,15,sedan,True,False,True,진행,일반구간,False,1.65,0,59.2,0,False,15,False,False,True,False,2026-05-03T20:59:58.627387,,70.45,70.45,False,False,True,False,True
290,3,60,10,4.0,12,dry,sedan,0,0,,True,False,False,진행,일반구간,False,1.65,0,59.2,0,False,999.0,False,False,True,False,2026-05-03T20:59:59.933602,,52.64,52.64,False,False,True,False,True
291,3,60,10,4.0,12,dry,sedan,65,15,sedan,True,False,True,진행,일반구간,False,1.65,0,59.2,0,False,15,False,False,True,False,2026-05-03T21:00:01.047411,,70.45,70.45,False,False,True,False,True
292,3,60,10,5.0,12,dry,sedan,0,0,,True,False,False,진행,일반구간,False,1.65,0,59.2,0,False,999.0,False,False,True,False,2026-05-03T21:00:02.359560,,52.64,52.64,False,False,True,False,True
293,3,60,10,5.0,12,dry,sedan,65,15,sedan,True,False,True,진행,일반구간,False,1.65,0,59.2,0,False,15,False,False,True,False,2026-05-03T21:00:03.473706,,70.45,70.45,False,False,True,False,True
294,3,60,20,3.0,12,dry,sedan,0,0,,True,False,False,진행,일반구간,False,2.25,0,59.2,0,False,999.0,False,False,True,False,2026-05-03T21:00:04.781699,,53.33,53.33,False,False,True,False,True
295,3,60,20,3.0,12,dry,sedan,65,15,sedan,True,False,True,진행,일반구간,False,2.25,0,59.2,0,False,15,False,False,True,False,2026-05-03T21:00:06.000946,,71.14,71.14,False,False,True,False,True
296,3,60,20,4.0,12,dry,sedan,0,0,,True,False,False,진행,일반구간,False,2.25,0,59.2,0,False,999.0,False,False,True,False,2026-05-03T21:00:07.404108,,53.33,53.33,False,False,True,False,True
297,3,60,20,4.0,12,dry,sedan,65,15,sedan,True,False,True,진행,일반구간,False,2.25,0,59.2,0,False,15,False,False,True,False,2026-05-03T21:00:08.633416,,71.14,71.14,False,False,True,False,True
298,3,60,20,5.0,12,dry,sedan,0,0,,True,False,False,진행,일반구간,False,2.25,0,59.2,0,False,999.0,False,False,True,False,2026-05-03T21:00:10.049887,,53.33,53.33,False,False,True,False,True
299,3,60,20,5.0,12,dry,sedan,65,15,sedan,True,False,True,진행,일반구간,False,2.25,0,59.2,0,False,15,False,False,True,False,2026-05-03T21:00:11.283756,,71.14,71.14,False,False,True,False,True
300,3,60,30,3.0,12,dry,sedan,0,0,,False,False,False,급정지,딜레마구간,False,3.75,0,0.0,0,False,999.0,True,False,True,False,2026-05-03T21:00:12.711217,,-1.93,1.93,False,False,False,True,True
301,3,60,30,3.0,12,dry,sedan,65,15,sedan,False,False,True,급정지,딜레마구간,False,1.55,0,0.0,0,False,15,True,False,True,False,2026-05-03T21:00:13.851606,,4.91,4.91,True,False,False,True,True
302,3,60,30,4.0,12,dry,sedan,0,0,,True,False,False,진행,일반구간,False,2.85,0,59.2,0,False,999.0,False,False,True,False,2026-05-03T21:00:14.808844,,53.2,53.2,False,False,True,False,True
303,3,60,30,4.0,12,dry,sedan,65,15,sedan,True,False,True,진행,일반구간,False,2.85,0,59.2,0,False,15,False,False,True,False,2026-05-03T21:00:16.136324,,71.01,71.01,False,False,True,False,True
304,3,60,30,5.0,12,dry,sedan,0,0,,True,False,False,진행,일반구간,False,2.85,0,59.2,0,False,999.0,False,False,True,False,2026-05-03T21:00:17.643775,,53.2,53.2,False,False,True,False,True
305,3,60,30,5.0,12,dry,sedan,65,15,sedan,True,False,True,진행,일반구간,False,2.85,0,59.2,0,False,15,False,False,True,False,2026-05-03T21:00:18.969590,,71.01,71.01,False,False,True,False,True
306,3,60,40,3.0,12,dry,sedan,0,0,,False,True,False,급정지,일반구간,False,5.2,0,0.0,0,False,999.0,True,False,True,False,2026-05-03T21:00:20.483794,,-2.11,2.11,False,False,False,False,True
307,3,60,40,3.0,12,dry,sedan,65,15,sedan,False,True,True,급정지,일반구간,False,2.35,0,0.5,0,False,7.53,True,False,True,False,2026-05-03T21:00:21.867460,,-1.88,1.88,False,False,False,False,True
308,3,60,40,4.0,12,dry,sedan,0,0,,True,True,False,진행,진행/정지선택구간,False,3.45,0,59.2,0,False,999.0,False,False,True,False,2026-05-03T21:00:22.949592,,53.07,53.07,False,False,True,False,True
309,3,60,40,4.0,12,dry,sedan,65,15,sedan,True,True,True,진행,진행/정지선택구간,False,3.45,0,59.2,0,False,15,False,False,True,False,2026-05-03T21:00:24.376362,,70.86,70.86,False,False,True,False,True
310,3,60,40,5.0,12,dry,sedan,0,0,,True,True,False,진행,진행/정지선택구간,False,3.45,0,59.2,0,False,999.0,False,False,True,False,2026-05-03T21:00:25.978661,,53.07,53.07,False,False,True,False,True
311,3,60,40,5.0,12,dry,sedan,65,15,sedan,True,True,True,진행,진행/정지선택구간,False,3.45,0,59.2,0,False,15,False,False,True,False,2026-05-03T21:00:27.400480,,70.88,70.88,False,False,True,False,True
312,3,60,50,3.0,12,dry,sedan,0,0,,False,True,False,급정지,일반구간,False,6.3,0,1.0,0,False,999.0,True,False,True,False,2026-05-03T21:00:29.028624,,-2.21,2.21,False,False,False,False,True
313,3,60,50,3.0,12,dry,sedan,65,15,sedan,False,True,True,급정지,일반구간,False,4.15,0,0.0,0,True,0.04,True,False,False,False,2026-05-03T21:00:30.588531,,-0.08,0.08,False,False,False,False,True
314,3,60,50,4.0,12,dry,sedan,0,0,,False,True,False,급정지,일반구간,False,6.3,0,1.0,0,False,999.0,True,False,True,False,2026-05-03T21:00:31.977678,,-2.21,2.21,False,False,False,False,True
315,3,60,50,4.0,12,dry,sedan,65,15,sedan,False,True,True,급정지,일반구간,False,4.15,0,0.0,0,True,0.04,True,False,False,False,2026-05-03T21:00:33.531685,,-0.08,0.08,False,False,False,False,True
316,3,60,50,5.0,12,dry,sedan,0,0,,True,True,False,진행,진행/정지선택구간,False,4.05,0,59.2,0,False,999.0,False,False,True,False,2026-05-03T21:00:34.911610,,52.94,52.94,False,False,True,False,True
317,3,60,50,5.0,12,dry,sedan,65,15,sedan,True,True,True,진행,진행/정지선택구간,False,4.1,0,59.2,0,False,15,False,False,True,False,2026-05-03T21:00:36.437390,,70.75,70.75,False,False,True,False,True
318,3,60,60,3.0,12,dry,sedan,0,0,,False,True,False,급정지,일반구간,False,6.85,0,1.0,0,False,999.0,True,False,True,False,2026-05-03T21:00:38.143726,,-2.23,2.23,False,False,False,False,True
319,3,60,60,3.0,12,dry,sedan,65,15,sedan,False,True,True,감속,일반구간,False,4.9,0,0.0,0,True,0.04,True,False,False,False,2026-05-03T21:00:39.786616,,-0.09,0.09,False,False,False,False,True
320,3,60,60,4.0,12,dry,sedan,0,0,,False,True,False,급정지,일반구간,False,6.85,0,1.0,0,False,999.0,True,False,True,False,2026-05-03T21:00:41.294981,,-2.23,2.23,False,False,False,False,True
321,3,60,60,4.0,12,dry,sedan,65,15,sedan,False,True,True,감속,일반구간,False,4.9,0,0.0,0,True,0.04,True,False,False,False,2026-05-03T21:00:42.937398,,-0.09,0.09,False,False,False,False,True
322,3,60,60,5.0,12,dry,sedan,0,0,,False,True,False,급정지,일반구간,False,6.85,0,1.0,0,False,999.0,True,False,True,False,2026-05-03T21:00:44.448651,,-2.23,2.23,False,False,False,False,True
323,3,60,60,5.0,12,dry,sedan,65,15,sedan,False,True,True,감속,일반구간,False,4.9,0,0.0,0,True,0.04,True,False,False,False,2026-05-03T21:00:46.098547,,-0.09,0.09,False,False,False,False,True
324,3,60,70,3.0,12,dry,sedan,0,0,,False,True,False,급정지,일반구간,False,7.6,0,0.0,0,False,999.0,True,False,True,False,2026-05-03T21:00:47.596410,,-2.07,2.07,False,False,False,False,True
325,3,60,70,3.0,12,dry,sedan,65,15,sedan,False,True,True,감속,일반구간,False,5.85,0,0.0,0,True,0.04,True,False,False,False,2026-05-03T21:00:49.374839,,-0.01,0.01,False,False,False,False,True
326,3,60,70,4.0,12,dry,sedan,0,0,,False,True,False,급정지,일반구간,False,7.6,0,0.0,0,False,999.0,True,False,True,False,2026-05-03T21:00:51.048458,,-2.07,2.07,False,False,False,False,True
327,3,60,70,4.0,12,dry,sedan,65,15,sedan,False,True,True,감속,일반구간,False,5.85,0,0.0,0,True,0.04,True,False,False,False,2026-05-03T21:00:52.831240,,-0.01,0.01,False,False,False,False,True
328,3,60,70,5.0,12,dry,sedan,0,0,,False,True,False,급정지,일반구간,False,7.6,0,0.0,0,False,999.0,True,False,True,False,2026-05-03T21:00:54.496360,,-2.07,2.07,False,False,False,False,True
329,3,60,70,5.0,12,dry,sedan,65,15,sedan,False,True,True,감속,일반구간,False,5.85,0,0.0,0,True,0.04,True,False,False,False,2026-05-03T21:00:56.283894,,-0.01,0.01,False,False,False,False,True
330,3,60,80,3.0,12,dry,sedan,0,0,,False,True,False,급정지,일반구간,False,8.4,0,0.6,0,False,999.0,True,False,True,False,2026-05-03T21:00:57.951742,,-2.15,2.15,False,False,False,False,True
331,3,60,80,3.0,12,dry,sedan,65,15,sedan,False,True,True,감속,일반구간,False,6.2,0,0.5,0,False,2.52,True,False,True,False,2026-05-03T21:00:59.851683,,-1.53,1.53,False,False,False,False,True
332,3,60,80,4.0,12,dry,sedan,0,0,,False,True,False,급정지,일반구간,False,8.4,0,0.6,0,False,999.0,True,False,True,False,2026-05-03T21:01:01.573782,,-2.15,2.15,False,False,False,False,True
333,3,60,80,4.0,12,dry,sedan,65,15,sedan,False,True,True,감속,일반구간,False,6.2,0,0.5,0,False,2.52,True,False,True,False,2026-05-03T21:01:03.492014,,-1.53,1.53,False,False,False,False,True
334,3,60,80,5.0,12,dry,sedan,0,0,,False,True,False,급정지,일반구간,False,8.4,0,0.6,0,False,999.0,True,False,True,False,2026-05-03T21:01:05.226709,,-2.15,2.15,False,False,False,False,True
335,3,60,80,5.0,12,dry,sedan,65,15,sedan,False,True,True,감속,일반구간,False,6.2,0,0.5,0,False,2.52,True,False,True,False,2026-05-03T21:01:07.131611,,-1.53,1.53,False,False,False,False,True
336,3,30,10,3.0,12,wet,sedan,0,0,,False,False,False,급정지,딜레마구간,False,1.75,0,0.6,0,False,999.0,True,False,True,False,2026-05-03T21:01:08.853744,,-2.6,2.6,False,False,False,True,True
337,3,30,10,3.0,12,wet,sedan,35,15,sedan,False,False,False,급정지,딜레마구간,False,1.55,0,0.0,0,False,9.78,True,False,True,False,2026-05-03T21:01:09.783284,,3.02,3.02,True,False,False,True,True
338,3,30,10,4.0,12,wet,sedan,0,0,,True,False,False,진행,일반구간,False,3.2,0,30.0,0,False,999.0,False,False,True,False,2026-05-03T21:01:10.817450,,34.77,34.77,False,False,True,False,True
339,3,30,10,4.0,12,wet,sedan,35,15,sedan,True,False,False,진행,일반구간,False,3.2,0,30.0,0,False,14.7,False,False,True,False,2026-05-03T21:01:12.190674,,43.64,43.64,False,False,True,False,True
340,3,30,10,5.0,12,wet,sedan,0,0,,True,False,False,진행,일반구간,False,3.2,0,30.0,0,False,999.0,False,False,True,False,2026-05-03T21:01:13.994837,,34.77,34.77,False,False,True,False,True
341,3,30,10,5.0,12,wet,sedan,35,15,sedan,True,False,False,진행,일반구간,False,3.2,0,30.0,0,False,14.7,False,False,True,False,2026-05-03T21:01:15.650065,,43.64,43.64,False,False,True,False,True
342,3,30,20,3.0,12,wet,sedan,0,0,,False,True,False,급정지,일반구간,False,4.85,0,0.0,0,False,999.0,True,False,True,False,2026-05-03T21:01:17.523849,,-2.16,2.16,False,False,False,False,True
343,3,30,20,3.0,12,wet,sedan,35,15,sedan,False,True,False,급정지,일반구간,False,2.6,0,0.0,0,False,5.46,True,False,True,False,2026-05-03T21:01:18.886403,,-2.35,2.35,False,False,False,False,True
344,3,30,20,4.0,12,wet,sedan,0,0,,False,True,False,급정지,일반구간,False,4.45,0,0.6,0,False,999.0,True,False,True,False,2026-05-03T21:01:20.165375,,-2.24,2.24,False,False,False,False,True
345,3,30,20,4.0,12,wet,sedan,35,15,sedan,False,True,False,급정지,일반구간,False,2.6,0,0.0,0,False,5.46,True,False,True,False,2026-05-03T21:01:21.661688,,-2.35,2.35,False,False,False,False,True
346,3,30,20,5.0,12,wet,sedan,0,0,,True,True,False,진행,진행/정지선택구간,False,4.4,0,30.0,0,False,999.0,False,False,True,False,2026-05-03T21:01:23.001590,,34.76,34.76,False,False,True,False,True
347,3,30,20,5.0,12,wet,sedan,35,15,sedan,True,True,False,진행,진행/정지선택구간,False,4.4,0,30.0,0,False,13.02,False,False,True,False,2026-05-03T21:01:24.887448,,43.64,43.64,False,False,True,False,True
348,3,30,30,3.0,12,wet,sedan,0,0,,False,True,False,급정지,일반구간,False,5.7,0,0.9,0,False,999.0,True,False,True,False,2026-05-03T21:01:26.997747,,-2.56,2.56,False,False,False,False,True
349,3,30,30,3.0,12,wet,sedan,35,15,sedan,False,True,False,급정지,일반구간,False,4.8,0,0.6,0,True,0.79,True,False,False,False,2026-05-03T21:01:28.737605,,-2.33,2.33,False,False,False,False,True
350,3,30,30,4.0,12,wet,sedan,0,0,,False,True,False,급정지,일반구간,False,5.7,0,0.9,0,False,999.0,True,False,True,False,2026-05-03T21:01:30.554239,,-2.56,2.56,False,False,False,False,True
351,3,30,30,4.0,12,wet,sedan,35,15,sedan,False,True,False,급정지,일반구간,False,4.75,0,0.5,0,True,1.16,True,False,False,False,2026-05-03T21:01:32.306487,,-2.23,2.23,False,False,False,False,True
352,3,30,30,5.0,12,wet,sedan,0,0,,False,True,False,급정지,일반구간,False,5.7,0,0.9,0,False,999.0,True,False,True,False,2026-05-03T21:01:34.079071,,-2.56,2.56,False,False,False,False,True
353,3,30,30,5.0,12,wet,sedan,35,15,sedan,False,True,False,급정지,일반구간,False,4.75,0,0.5,0,True,1.16,True,False,False,False,2026-05-03T21:01:35.823781,,-2.23,2.23,False,False,False,False,True
354,3,30,40,3.0,12,wet,sedan,0,0,,False,True,False,급정지,일반구간,False,7.15,0,0.0,0,False,999.0,True,False,True,False,2026-05-03T21:01:37.393822,,-2.38,2.38,False,False,False,False,True
355,3,30,40,3.0,12,wet,sedan,35,15,sedan,False,True,False,급정지,일반구간,False,6.25,0,0.4,0,False,7.5,True,False,True,False,2026-05-03T21:01:39.410692,,-2.24,2.24,False,False,False,False,True
356,3,30,40,4.0,12,wet,sedan,0,0,,False,True,False,급정지,일반구간,False,7.15,0,0.0,0,False,999.0,True,False,True,False,2026-05-03T21:01:41.492938,,-2.38,2.38,False,False,False,False,True
357,3,30,40,4.0,12,wet,sedan,35,15,sedan,False,True,False,급정지,일반구간,False,6.25,0,0.4,0,False,7.5,True,False,True,False,2026-05-03T21:01:43.536688,,-2.24,2.24,False,False,False,False,True
358,3,30,40,5.0,12,wet,sedan,0,0,,False,True,False,급정지,일반구간,False,7.15,0,0.0,0,False,999.0,True,False,True,False,2026-05-03T21:01:45.622828,,-2.38,2.38,False,False,False,False,True
359,3,30,40,5.0,12,wet,sedan,35,15,sedan,False,True,False,급정지,일반구간,False,6.25,0,0.0,0,False,7.48,True,False,True,False,2026-05-03T21:01:47.663064,,-2.27,2.27,False,False,False,False,True
360,3,30,50,3.0,12,wet,sedan,0,0,,False,True,False,급정지,일반구간,False,8.65,0,0.8,0,False,999.0,True,False,True,False,2026-05-03T21:01:49.747471,,-2.36,2.36,False,False,False,False,True
361,3,30,50,3.0,12,wet,sedan,35,15,sedan,False,True,False,급정지,일반구간,False,7.4,0,0.0,0,False,13.96,True,False,True,False,2026-05-03T21:01:52.088500,,-2.29,2.29,False,False,False,False,True
362,3,30,50,4.0,12,wet,sedan,0,0,,False,True,False,급정지,일반구간,False,8.8,0,0.9,0,False,999.0,True,False,True,False,2026-05-03T21:01:54.406555,,-2.24,2.24,False,False,False,False,True
363,3,30,50,4.0,12,wet,sedan,35,15,sedan,False,True,False,급정지,일반구간,False,7.4,0,0.0,0,False,13.96,True,False,True,False,2026-05-03T21:01:56.778776,,-2.29,2.29,False,False,False,False,True
364,3,30,50,5.0,12,wet,sedan,0,0,,False,True,False,급정지,일반구간,False,8.8,0,0.9,0,False,999.0,True,False,True,False,2026-05-03T21:01:59.089703,,-2.24,2.24,False,False,False,False,True
365,3,30,50,5.0,12,wet,sedan,35,15,sedan,False,True,False,급정지,일반구간,False,7.4,0,0.0,0,False,13.96,True,False,True,False,2026-05-03T21:02:01.461591,,-2.29,2.29,False,False,False,False,True
366,3,30,60,3.0,12,wet,sedan,0,0,,False,True,False,급정지,일반구간,False,10.05,0,0.0,0,False,999.0,True,False,True,False,2026-05-03T21:02:03.776780,,-2.24,2.24,False,False,False,False,True
367,3,30,60,3.0,12,wet,sedan,35,15,sedan,False,True,False,급정지,일반구간,False,8.8,0,0.7,0,False,15,True,False,True,False,2026-05-03T21:02:06.396389,,-2.44,2.44,False,False,False,False,True
368,3,30,60,4.0,12,wet,sedan,0,0,,False,True,False,급정지,일반구간,False,10.05,0,0.0,0,False,999.0,True,False,True,False,2026-05-03T21:02:08.989721,,-2.24,2.24,False,False,False,False,True
369,3,30,60,4.0,12,wet,sedan,35,15,sedan,False,True,False,급정지,일반구간,False,8.8,0,0.7,0,False,15,True,False,True,False,2026-05-03T21:02:11.608149,,-2.44,2.44,False,False,False,False,True
370,3,30,60,5.0,12,wet,sedan,0,0,,False,True,False,급정지,일반구간,False,10.05,0,0.0,0,False,999.0,True,False,True,False,2026-05-03T21:02:13.849854,,-2.24,2.24,False,False,False,False,True
371,3,30,60,5.0,12,wet,sedan,35,15,sedan,False,True,False,급정지,일반구간,False,8.8,0,0.7,0,False,15,True,False,True,False,2026-05-03T21:02:16.439035,,-2.44,2.44,False,False,False,False,True
372,3,30,70,3.0,12,wet,sedan,0,0,,False,True,False,급정지,일반구간,False,11.3,0,0.0,0,False,999.0,True,False,True,False,2026-05-03T21:02:19.090277,,-2.25,2.25,False,False,False,False,True
373,3,30,70,3.0,12,wet,sedan,35,15,sedan,False,True,False,급정지,일반구간,False,10.3,0,0.7,0,False,15,True,False,True,False,2026-05-03T21:02:21.962129,,-2.39,2.39,False,False,False,False,True
374,3,30,70,4.0,12,wet,sedan,0,0,,False,True,False,급정지,일반구간,False,11.3,0,0.0,0,False,999.0,True,False,True,False,2026-05-03T21:02:24.463280,,-2.25,2.25,False,False,False,False,True
375,3,30,70,4.0,12,wet,sedan,35,15,sedan,False,True,False,급정지,일반구간,False,10.3,0,0.7,0,False,15,True,False,True,False,2026-05-03T21:02:27.308670,,-2.39,2.39,False,False,False,False,True
376,3,30,70,5.0,12,wet,sedan,0,0,,False,True,False,급정지,일반구간,False,11.4,0,0.6,0,False,999.0,True,False,True,False,2026-05-03T21:02:30.204841,,-2.21,2.21,False,False,False,False,True
377,3,30,70,5.0,12,wet,sedan,35,15,sedan,False,True,False,급정지,일반구간,False,10.3,0,0.7,0,False,15,True,False,True,False,2026-05-03T21:02:33.095088,,-2.39,2.39,False,False,False,False,True
378,3,30,80,3.0,12,wet,sedan,0,0,,False,True,False,급정지,일반구간,False,12.7,0,0.8,0,False,999.0,True,False,True,False,2026-05-03T21:02:35.985885,,-2.33,2.33,False,False,False,False,True
379,3,30,80,3.0,12,wet,sedan,35,15,sedan,False,True,False,급정지,일반구간,False,11.6,0,0.6,0,False,15,True,False,True,False,2026-05-03T21:02:39.144912,,-2.4,2.4,False,False,False,False,True
380,3,30,80,4.0,12,wet,sedan,0,0,,False,True,False,급정지,일반구간,False,12.7,0,0.8,0,False,999.0,True,False,True,False,2026-05-03T21:02:42.309077,,-2.33,2.33,False,False,False,False,True
381,3,30,80,4.0,12,wet,sedan,35,15,sedan,False,True,False,급정지,일반구간,False,11.6,0,0.6,0,False,15,True,False,True,False,2026-05-03T21:02:45.461696,,-2.4,2.4,False,False,False,False,True
382,3,30,80,5.0,12,wet,sedan,0,0,,False,True,False,급정지,일반구간,False,12.7,0,0.8,0,False,999.0,True,False,True,False,2026-05-03T21:02:48.623925,,-2.33,2.33,False,False,False,False,True
383,3,30,80,5.0,12,wet,sedan,35,15,sedan,False,True,False,급정지,일반구간,False,11.75,0,0.0,0,False,15,True,False,True,False,2026-05-03T21:02:51.786567,,-2.23,2.23,False,False,False,False,True
384,3,35,10,3.0,12,wet,sedan,0,0,,False,False,False,급정지,딜레마구간,False,1.55,0,0.8,0,False,999.0,True,False,True,False,2026-05-03T21:02:54.974445,,-2.26,2.26,False,False,False,True,True
385,3,35,10,3.0,12,wet,sedan,40,15,sedan,False,False,True,급정지,딜레마구간,False,1.55,0,0.0,0,False,10.26,False,False,False,False,2026-05-03T21:02:55.781776,,5.88,5.88,True,False,False,True,False
386,3,35,10,4.0,12,wet,sedan,0,0,,True,False,False,진행,일반구간,False,2.75,0,34.9,0,False,999.0,False,False,True,False,2026-05-03T21:02:56.843997,,37.63,37.63,False,False,True,False,True
387,3,35,10,4.0,12,wet,sedan,40,15,sedan,True,False,True,진행,일반구간,False,2.75,0,34.8,0,False,15,False,False,True,False,2026-05-03T21:02:58.408217,,48.5,48.5,False,False,True,False,True
388,3,35,10,5.0,12,wet,sedan,0,0,,True,False,False,진행,일반구간,False,2.75,0,34.9,0,False,999.0,False,False,True,False,2026-05-03T21:03:00.201798,,37.64,37.64,False,False,True,False,True
389,3,35,10,5.0,12,wet,sedan,40,15,sedan,True,False,True,진행,일반구간,False,2.75,0,34.8,0,False,15,False,False,True,False,2026-05-03T21:03:01.756665,,48.5,48.5,False,False,True,False,True
390,3,35,20,3.0,12,wet,sedan,0,0,,False,False,False,급정지,딜레마구간,False,4.4,0,0.0,0,False,999.0,True,False,True,False,2026-05-03T21:03:03.552975,,-2.26,2.26,False,False,False,True,True
391,3,35,20,3.0,12,wet,sedan,40,15,sedan,False,False,True,급정지,딜레마구간,False,1.55,0,0.0,0,False,12.32,True,False,True,False,2026-05-03T21:03:05.041999,,-2.05,2.05,False,False,False,True,True
392,3,35,20,4.0,12,wet,sedan,0,0,,False,False,False,급정지,딜레마구간,False,4.4,0,0.0,0,False,999.0,True,False,True,False,2026-05-03T21:03:06.078955,,-2.26,2.26,False,False,False,True,True
393,3,35,20,4.0,12,wet,sedan,40,15,sedan,False,False,True,급정지,딜레마구간,False,1.55,0,0.0,0,False,12.32,True,False,True,False,2026-05-03T21:03:07.542944,,-2.05,2.05,False,False,False,True,True
394,3,35,20,5.0,12,wet,sedan,0,0,,True,False,False,진행,일반구간,False,3.8,0,34.8,0,False,999.0,False,False,True,False,2026-05-03T21:03:08.680721,,37.81,37.81,False,False,True,False,True
395,3,35,20,5.0,12,wet,sedan,40,15,sedan,True,False,True,진행,일반구간,False,3.8,0,34.8,0,False,15,False,False,True,False,2026-05-03T21:03:10.448743,,48.18,48.18,False,False,True,False,True
396,3,35,30,3.0,12,wet,sedan,0,0,,False,True,False,급정지,일반구간,False,6.25,0,0.0,0,False,999.0,True,False,True,False,2026-05-03T21:03:12.444184,,-2.16,2.16,False,False,False,False,True
397,3,35,30,3.0,12,wet,sedan,40,15,sedan,False,True,True,급정지,일반구간,False,4.3,0,0.0,0,True,0.04,True,False,False,False,2026-05-03T21:03:14.050152,,-1.79,1.79,False,False,False,False,True
398,3,35,30,4.0,12,wet,sedan,0,0,,False,True,False,급정지,일반구간,False,6.25,0,0.0,0,False,999.0,True,False,True,False,2026-05-03T21:03:15.678755,,-2.16,2.16,False,False,False,False,True
399,3,35,30,4.0,12,wet,sedan,40,15,sedan,False,True,True,급정지,일반구간,False,4.3,0,0.0,0,True,0.04,True,False,False,False,2026-05-03T21:03:17.536790,,-1.79,1.79,False,False,False,False,True
400,3,35,30,5.0,12,wet,sedan,0,0,,False,True,False,급정지,일반구간,False,6.25,0,0.0,0,False,999.0,True,False,True,False,2026-05-03T21:03:19.056859,,-2.16,2.16,False,False,False,False,True
401,3,35,30,5.0,12,wet,sedan,40,15,sedan,False,True,True,급정지,일반구간,False,4.3,0,0.0,0,True,0.04,True,False,False,False,2026-05-03T21:03:20.609665,,-1.79,1.79,False,False,False,False,True
402,3,35,40,3.0,12,wet,sedan,0,0,,False,True,False,급정지,일반구간,False,6.9,0,0.5,0,False,999.0,True,False,True,False,2026-05-03T21:03:22.018726,,-2.47,2.47,False,False,False,False,True
403,3,35,40,3.0,12,wet,sedan,40,15,sedan,False,True,True,감속,일반구간,False,5.25,0,0.0,0,True,1.41,True,False,False,False,2026-05-03T21:03:23.981951,,-2.17,2.17,False,False,False,False,True
404,3,35,40,4.0,12,wet,sedan,0,0,,False,True,False,급정지,일반구간,False,6.9,0,0.5,0,False,999.0,True,False,True,False,2026-05-03T21:03:25.859305,,-2.47,2.47,False,False,False,False,True
405,3,35,40,4.0,12,wet,sedan,40,15,sedan,False,True,True,감속,일반구간,False,5.35,0,0.6,0,True,0.84,True,False,False,False,2026-05-03T21:03:27.566548,,-2.13,2.13,False,False,False,False,True
406,3,35,40,5.0,12,wet,sedan,0,0,,False,True,False,급정지,일반구간,False,7.25,0,0.6,0,False,999.0,True,False,True,False,2026-05-03T21:03:29.406759,,-2.41,2.41,False,False,False,False,True
407,3,35,40,5.0,12,wet,sedan,40,15,sedan,False,True,True,감속,일반구간,False,5.35,0,0.6,0,True,0.84,True,False,False,False,2026-05-03T21:03:31.460763,,-2.13,2.13,False,False,False,False,True
408,3,35,50,3.0,12,wet,sedan,0,0,,False,True,False,급정지,일반구간,False,8.3,0,0.6,0,False,999.0,True,False,True,False,2026-05-03T21:03:33.364909,,-2.47,2.47,False,False,False,False,True
409,3,35,50,3.0,12,wet,sedan,40,15,sedan,False,True,True,감속,일반구간,False,6.25,0,0.0,0,False,5.85,True,False,True,False,2026-05-03T21:03:35.644216,,-2.08,2.08,False,False,False,False,True
410,3,35,50,4.0,12,wet,sedan,0,0,,False,True,False,급정지,일반구간,False,8.2,0,0.8,0,False,999.0,True,False,True,False,2026-05-03T21:03:37.718752,,-2.34,2.34,False,False,False,False,True
411,3,35,50,4.0,12,wet,sedan,40,15,sedan,False,True,True,감속,일반구간,False,6.25,0,0.0,0,False,5.85,True,False,True,False,2026-05-03T21:03:39.974996,,-2.08,2.08,False,False,False,False,True
412,3,35,50,5.0,12,wet,sedan,0,0,,False,True,False,급정지,일반구간,False,8.3,0,0.6,0,False,999.0,True,False,True,False,2026-05-03T21:03:42.059875,,-2.47,2.47,False,False,False,False,True
413,3,35,50,5.0,12,wet,sedan,40,15,sedan,False,True,True,감속,일반구간,False,6.4,0,0.0,0,False,5.02,True,False,True,False,2026-05-03T21:03:44.328748,,-2.16,2.16,False,False,False,False,True
414,3,35,60,3.0,12,wet,sedan,0,0,,False,True,False,급정지,일반구간,False,9.15,0,1.0,0,False,999.0,True,False,True,False,2026-05-03T21:03:46.173699,,-2.51,2.51,False,False,False,False,True
415,3,35,60,3.0,12,wet,sedan,40,15,sedan,False,True,True,감속,일반구간,False,7.35,0,0.6,0,False,10.85,True,False,True,False,2026-05-03T21:03:48.577704,,-2.13,2.13,False,False,False,False,True
416,3,35,60,4.0,12,wet,sedan,0,0,,False,True,False,급정지,일반구간,False,9.3,0,0.0,0,False,999.0,True,False,True,False,2026-05-03T21:03:50.876536,,-2.34,2.34,False,False,False,False,True
417,3,35,60,4.0,12,wet,sedan,40,15,sedan,False,True,True,감속,일반구간,False,7.35,0,0.6,0,False,10.85,True,False,True,False,2026-05-03T21:03:53.339682,,-2.13,2.13,False,False,False,False,True
418,3,35,60,5.0,12,wet,sedan,0,0,,False,True,False,급정지,일반구간,False,9.15,0,1.0,0,False,999.0,True,False,True,False,2026-05-03T21:03:55.340615,,-2.51,2.51,False,False,False,False,True
419,3,35,60,5.0,12,wet,sedan,40,15,sedan,False,True,True,감속,일반구간,False,7.35,0,0.6,0,False,10.85,True,False,True,False,2026-05-03T21:03:57.379852,,-2.13,2.13,False,False,False,False,True
420,3,35,70,3.0,12,wet,sedan,0,0,,False,True,False,급정지,일반구간,False,10.5,0,0.8,0,False,999.0,True,False,True,False,2026-05-03T21:03:59.613052,,-2.33,2.33,False,False,False,False,True
421,3,35,70,3.0,12,wet,sedan,40,15,sedan,False,True,True,감속,일반구간,False,8.65,0,0.9,0,False,15,True,False,True,False,2026-05-03T21:04:02.316662,,-2.15,2.15,False,False,False,False,True
422,3,35,70,4.0,12,wet,sedan,0,0,,False,True,False,급정지,일반구간,False,10.5,0,0.8,0,False,999.0,True,False,True,False,2026-05-03T21:04:04.875575,,-2.33,2.33,False,False,False,False,True
423,3,35,70,4.0,12,wet,sedan,40,15,sedan,False,True,True,감속,일반구간,False,8.65,0,0.9,0,False,15,True,False,True,False,2026-05-03T21:04:07.588865,,-2.15,2.15,False,False,False,False,True
424,3,35,70,5.0,12,wet,sedan,0,0,,False,True,False,급정지,일반구간,False,10.5,0,0.8,0,False,999.0,True,False,True,False,2026-05-03T21:04:10.137635,,-2.33,2.33,False,False,False,False,True
425,3,35,70,5.0,12,wet,sedan,40,15,sedan,False,True,True,감속,일반구간,False,8.65,0,0.9,0,False,15,True,False,True,False,2026-05-03T21:04:12.843927,,-2.15,2.15,False,False,False,False,True
426,3,35,80,3.0,12,wet,sedan,0,0,,False,True,False,급정지,일반구간,False,11.55,0,0.0,0,False,999.0,True,False,True,False,2026-05-03T21:04:15.396964,,-2.37,2.37,False,False,False,False,True
427,3,35,80,3.0,12,wet,sedan,40,15,sedan,False,True,True,감속,일반구간,False,9.7,0,0.6,0,False,15,True,False,True,False,2026-05-03T21:04:18.320771,,-2.17,2.17,False,False,False,False,True
428,3,35,80,4.0,12,wet,sedan,0,0,,False,True,False,급정지,일반구간,False,11.55,0,0.0,0,False,999.0,True,False,True,False,2026-05-03T21:04:21.079752,,-2.37,2.37,False,False,False,False,True
429,3,35,80,4.0,12,wet,sedan,40,15,sedan,False,True,True,감속,일반구간,False,9.7,0,0.6,0,False,15,True,False,True,False,2026-05-03T21:04:24.003749,,-2.17,2.17,False,False,False,False,True
430,3,35,80,5.0,12,wet,sedan,0,0,,False,True,False,급정지,일반구간,False,11.55,0,0.0,0,False,999.0,True,False,True,False,2026-05-03T21:04:26.763473,,-2.37,2.37,False,False,False,False,True
431,3,35,80,5.0,12,wet,sedan,40,15,sedan,False,True,True,감속,일반구간,False,9.7,0,0.6,0,False,15,True,False,True,False,2026-05-03T21:04:29.243470,,-2.17,2.17,False,False,False,False,True
432,3,40,10,3.0,12,wet,sedan,0,0,,True,False,False,진행,일반구간,False,2.45,0,39.7,0,False,999.0,False,False,True,False,2026-05-03T21:04:31.542178,,40.94,40.94,False,False,True,False,True
433,3,40,10,3.0,12,wet,sedan,45,15,sedan,True,False,True,진행,일반구간,False,2.45,0,39.7,0,False,15,False,False,True,False,2026-05-03T21:04:33.002983,,52.81,52.81,False,False,True,False,True
434,3,40,10,4.0,12,wet,sedan,0,0,,True,False,False,진행,일반구간,False,2.45,0,39.7,0,False,999.0,False,False,True,False,2026-05-03T21:04:34.722965,,40.94,40.94,False,False,True,False,True
435,3,40,10,4.0,12,wet,sedan,45,15,sedan,True,False,True,진행,일반구간,False,2.45,0,39.7,0,False,15,False,False,True,False,2026-05-03T21:04:36.209702,,52.81,52.81,False,False,True,False,True
436,3,40,10,5.0,12,wet,sedan,0,0,,True,False,False,진행,일반구간,False,2.45,0,39.7,0,False,999.0,False,False,True,False,2026-05-03T21:04:37.928795,,40.93,40.93,False,False,True,False,True
437,3,40,10,5.0,12,wet,sedan,45,15,sedan,True,False,True,진행,일반구간,False,2.45,0,39.7,0,False,15,False,False,True,False,2026-05-03T21:04:39.417707,,52.8,52.8,False,False,True,False,True
438,3,40,20,3.0,12,wet,sedan,0,0,,False,False,False,급정지,딜레마구간,False,4.15,0,0.0,0,False,999.0,True,False,True,False,2026-05-03T21:04:40.938790,,-2.24,2.24,False,False,False,True,True
439,3,40,20,3.0,12,wet,sedan,45,15,sedan,False,False,True,급정지,딜레마구간,False,1.55,0,0.0,0,False,13.01,True,False,True,False,2026-05-03T21:04:42.336040,,1.06,1.06,False,False,False,True,True
440,3,40,20,4.0,12,wet,sedan,0,0,,True,False,False,진행,일반구간,False,3.35,0,39.7,0,False,999.0,False,False,True,False,2026-05-03T21:04:43.464025,,40.87,40.87,False,False,True,False,True
441,3,40,20,4.0,12,wet,sedan,45,15,sedan,True,False,True,진행,일반구간,False,3.35,0,39.7,0,False,15,False,False,True,False,2026-05-03T21:04:45.135056,,52.74,52.74,False,False,True,False,True
442,3,40,20,5.0,12,wet,sedan,0,0,,True,False,False,진행,일반구간,False,3.35,0,39.7,0,False,999.0,False,False,True,False,2026-05-03T21:04:47.040315,,40.87,40.87,False,False,True,False,True
443,3,40,20,5.0,12,wet,sedan,45,15,sedan,True,False,True,진행,일반구간,False,3.35,0,39.7,0,False,15,False,False,True,False,2026-05-03T21:04:48.478752,,52.74,52.74,False,False,True,False,True
444,3,40,30,3.0,12,wet,sedan,0,0,,False,True,False,급정지,일반구간,False,5.95,0,0.0,0,False,999.0,True,False,True,False,2026-05-03T21:04:50.066966,,-2.21,2.21,False,False,False,False,True
445,3,40,30,3.0,12,wet,sedan,45,15,sedan,False,True,True,급정지,일반구간,False,3.8,0,0.0,0,True,0.0,True,False,False,False,2026-05-03T21:04:51.835911,,-1.25,1.25,False,False,False,False,True
446,3,40,30,4.0,12,wet,sedan,0,0,,False,True,False,급정지,일반구간,False,5.95,0,0.0,0,False,999.0,True,False,True,False,2026-05-03T21:04:53.420410,,-2.21,2.21,False,False,False,False,True
447,3,40,30,4.0,12,wet,sedan,45,15,sedan,False,True,True,급정지,일반구간,False,3.8,0,0.0,0,True,0.0,True,False,False,False,2026-05-03T21:04:55.219880,,-1.25,1.25,False,False,False,False,True
448,3,40,30,5.0,12,wet,sedan,0,0,,True,True,False,진행,진행/정지선택구간,False,4.25,0,39.7,0,False,999.0,False,False,True,False,2026-05-03T21:04:56.624116,,40.8,40.8,False,False,True,False,True
449,3,40,30,5.0,12,wet,sedan,45,15,sedan,True,True,True,진행,진행/정지선택구간,False,4.25,0,39.7,0,False,15,False,False,True,False,2026-05-03T21:04:58.454028,,52.67,52.67,False,False,True,False,True
450,3,40,40,3.0,12,wet,sedan,0,0,,False,True,False,급정지,일반구간,False,7.3,0,0.7,0,False,999.0,True,False,True,False,2026-05-03T21:05:00.566980,,-2.23,2.23,False,False,False,False,True
451,3,40,40,3.0,12,wet,sedan,45,15,sedan,False,True,True,급정지,일반구간,False,5.15,0,0.0,0,True,0.04,True,False,False,False,2026-05-03T21:05:02.633028,,-2.2,2.2,False,False,False,False,True
452,3,40,40,4.0,12,wet,sedan,0,0,,False,True,False,급정지,일반구간,False,7.3,0,0.7,0,False,999.0,True,False,True,False,2026-05-03T21:05:04.494213,,-2.23,2.23,False,False,False,False,True
453,3,40,40,4.0,12,wet,sedan,45,15,sedan,False,True,True,급정지,일반구간,False,4.65,0,0.9,0,True,0.03,True,False,False,False,2026-05-03T21:05:06.563515,,-2.74,2.74,False,False,False,False,True
454,3,40,40,5.0,12,wet,sedan,0,0,,False,True,False,급정지,일반구간,False,7.3,0,0.7,0,False,999.0,True,False,True,False,2026-05-03T21:05:08.314565,,-2.23,2.23,False,False,False,False,True
455,3,40,40,5.0,12,wet,sedan,45,15,sedan,False,True,True,급정지,일반구간,False,4.65,0,0.9,0,True,0.03,True,False,False,False,2026-05-03T21:05:10.386985,,-2.74,2.74,False,False,False,False,True
456,3,40,50,3.0,12,wet,sedan,0,0,,False,True,False,급정지,일반구간,False,8.0,0,0.6,0,False,999.0,True,False,True,False,2026-05-03T21:05:12.148154,,-2.31,2.31,False,False,False,False,True
457,3,40,50,3.0,12,wet,sedan,45,15,sedan,False,True,True,감속,일반구간,False,6.4,0,0.0,0,True,0.05,True,False,False,False,2026-05-03T21:05:14.347785,,-0.41,0.41,False,False,False,False,True
458,3,40,50,4.0,12,wet,sedan,0,0,,False,True,False,급정지,일반구간,False,8.0,0,0.6,0,False,999.0,True,False,True,False,2026-05-03T21:05:16.454239,,-2.31,2.31,False,False,False,False,True
459,3,40,50,4.0,12,wet,sedan,45,15,sedan,False,True,True,감속,일반구간,False,6.4,0,0.0,0,True,0.05,True,False,False,False,2026-05-03T21:05:18.661930,,-0.41,0.41,False,False,False,False,True
460,3,40,50,5.0,12,wet,sedan,0,0,,False,True,False,급정지,일반구간,False,8.0,0,0.6,0,False,999.0,True,False,True,False,2026-05-03T21:05:20.502798,,-2.31,2.31,False,False,False,False,True
461,3,40,50,5.0,12,wet,sedan,45,15,sedan,False,True,True,감속,일반구간,False,6.4,0,0.0,0,True,0.06,True,False,False,False,2026-05-03T21:05:22.679797,,-0.42,0.42,False,False,False,False,True
462,3,40,60,3.0,12,wet,sedan,0,0,,False,True,False,급정지,일반구간,False,8.95,0,0.9,0,False,999.0,True,False,True,False,2026-05-03T21:05:24.787023,,-2.48,2.48,False,False,False,False,True
463,3,40,60,3.0,12,wet,sedan,45,15,sedan,False,True,True,감속,일반구간,False,6.95,0,0.5,0,False,2.68,True,False,True,False,2026-05-03T21:05:27.182919,,-2.16,2.16,False,False,False,False,True
464,3,40,60,4.0,12,wet,sedan,0,0,,False,True,False,급정지,일반구간,False,8.95,0,0.9,0,False,999.0,True,False,True,False,2026-05-03T21:05:29.399975,,-2.48,2.48,False,False,False,False,True
465,3,40,60,4.0,12,wet,sedan,45,15,sedan,False,True,True,감속,일반구간,False,6.95,0,0.5,0,False,2.68,True,False,True,False,2026-05-03T21:05:31.794098,,-2.16,2.16,False,False,False,False,True
466,3,40,60,5.0,12,wet,sedan,0,0,,False,True,False,급정지,일반구간,False,9.2,0,0.5,0,False,999.0,True,False,True,False,2026-05-03T21:05:33.729895,,-2.38,2.38,False,False,False,False,True
467,3,40,60,5.0,12,wet,sedan,45,15,sedan,False,True,True,감속,일반구간,False,6.95,0,0.5,0,False,2.68,True,False,True,False,2026-05-03T21:05:36.144548,,-2.16,2.16,False,False,False,False,True
468,3,40,70,3.0,12,wet,sedan,0,0,,False,True,False,급정지,일반구간,False,10.2,0,0.7,0,False,999.0,True,False,True,False,2026-05-03T21:05:38.359943,,-2.31,2.31,False,False,False,False,True
469,3,40,70,3.0,12,wet,sedan,45,15,sedan,False,True,True,감속,일반구간,False,7.85,0,0.8,0,False,8.01,True,False,True,False,2026-05-03T21:05:41.008813,,-2.2,2.2,False,False,False,False,True
470,3,40,70,4.0,12,wet,sedan,0,0,,False,True,False,급정지,일반구간,False,10.2,0,0.7,0,False,999.0,True,False,True,False,2026-05-03T21:05:43.398100,,-2.31,2.31,False,False,False,False,True
471,3,40,70,4.0,12,wet,sedan,45,15,sedan,False,True,True,감속,일반구간,False,7.85,0,0.8,0,False,8.01,True,False,True,False,2026-05-03T21:05:46.041992,,-2.2,2.2,False,False,False,False,True
472,3,40,70,5.0,12,wet,sedan,0,0,,False,True,False,급정지,일반구간,False,10.2,0,0.7,0,False,999.0,True,False,True,False,2026-05-03T21:05:48.116032,,-2.31,2.31,False,False,False,False,True
473,3,40,70,5.0,12,wet,sedan,45,15,sedan,False,True,True,감속,일반구간,False,7.85,0,0.8,0,False,8.01,True,False,True,False,2026-05-03T21:05:50.727897,,-2.2,2.2,False,False,False,False,True
474,3,40,80,3.0,12,wet,sedan,0,0,,False,True,False,급정지,일반구간,False,10.9,0,0.7,0,False,999.0,True,False,True,False,2026-05-03T21:05:53.123679,,-2.47,2.47,False,False,False,False,True
475,3,40,80,3.0,12,wet,sedan,45,15,sedan,False,True,True,감속,일반구간,False,8.95,0,0.6,0,False,13.6,True,False,True,False,2026-05-03T21:05:55.486674,,-2.14,2.14,False,False,False,False,True
476,3,40,80,4.0,12,wet,sedan,0,0,,False,True,False,급정지,일반구간,False,10.9,0,0.7,0,False,999.0,True,False,True,False,2026-05-03T21:05:58.033582,,-2.47,2.47,False,False,False,False,True
477,3,40,80,4.0,12,wet,sedan,45,15,sedan,False,True,True,감속,일반구간,False,8.85,0,0.7,0,False,13.85,True,False,True,False,2026-05-03T21:06:00.814147,,-2.24,2.24,False,False,False,False,True
478,3,40,80,5.0,12,wet,sedan,0,0,,False,True,False,급정지,일반구간,False,10.9,0,0.7,0,False,999.0,True,False,True,False,2026-05-03T21:06:03.065123,,-2.47,2.47,False,False,False,False,True
479,3,40,80,5.0,12,wet,sedan,45,15,sedan,False,True,True,감속,일반구간,False,8.95,0,0.6,0,False,13.6,True,False,True,False,2026-05-03T21:06:05.390124,,-2.14,2.14,False,False,False,False,True
480,3,45,10,3.0,12,wet,sedan,0,0,,True,False,False,진행,일반구간,False,2.15,0,44.6,0,False,999.0,False,False,True,False,2026-05-03T21:06:07.564087,,44.05,44.05,False,False,True,False,True
481,3,45,10,3.0,12,wet,sedan,50,15,sedan,True,False,True,진행,일반구간,False,2.15,0,44.6,0,False,15,False,False,True,False,2026-05-03T21:06:08.769931,,57.4,57.4,False,False,True,False,True
482,3,45,10,4.0,12,wet,sedan,0,0,,True,False,False,진행,일반구간,False,2.15,0,44.6,0,False,999.0,False,False,True,False,2026-05-03T21:06:10.372594,,44.05,44.05,False,False,True,False,True
483,3,45,10,4.0,12,wet,sedan,50,15,sedan,True,False,True,진행,일반구간,False,2.15,0,44.6,0,False,15,False,False,True,False,2026-05-03T21:06:11.819445,,57.4,57.4,False,False,True,False,True
484,3,45,10,5.0,12,wet,sedan,0,0,,True,False,False,진행,일반구간,False,2.15,0,44.6,0,False,999.0,False,False,True,False,2026-05-03T21:06:13.488450,,44.04,44.04,False,False,True,False,True
485,3,45,10,5.0,12,wet,sedan,50,15,sedan,True,False,True,진행,일반구간,False,2.15,0,44.6,0,False,15,False,False,True,False,2026-05-03T21:06:14.924015,,57.4,57.4,False,False,True,False,True
486,3,45,20,3.0,12,wet,sedan,0,0,,False,False,False,급정지,딜레마구간,False,3.7,0,0.0,0,False,999.0,True,False,True,False,2026-05-03T21:06:16.593995,,-2.33,2.33,False,False,False,True,True
487,3,45,20,3.0,12,wet,sedan,50,15,sedan,False,False,True,급정지,딜레마구간,False,1.55,0,0.0,0,False,12.98,True,False,True,False,2026-05-03T21:06:17.929982,,3.44,3.44,True,False,False,True,True
488,3,45,20,4.0,12,wet,sedan,0,0,,True,False,False,진행,일반구간,False,3.0,0,44.6,0,False,999.0,False,False,True,False,2026-05-03T21:06:19.057797,,43.95,43.95,False,False,True,False,True
489,3,45,20,4.0,12,wet,sedan,50,15,sedan,True,False,True,진행,일반구간,False,3.0,0,44.6,0,False,15,False,False,True,False,2026-05-03T21:06:20.657141,,57.3,57.3,False,False,True,False,True
490,3,45,20,5.0,12,wet,sedan,0,0,,True,False,False,진행,일반구간,False,3.0,0,44.6,0,False,999.0,False,False,True,False,2026-05-03T21:06:22.479942,,43.96,43.96,False,False,True,False,True
491,3,45,20,5.0,12,wet,sedan,50,15,sedan,True,False,True,진행,일반구간,False,3.0,0,44.6,0,False,15,False,False,True,False,2026-05-03T21:06:24.076160,,57.31,57.31,False,False,True,False,True
492,3,45,30,3.0,12,wet,sedan,0,0,,False,False,False,급정지,딜레마구간,False,5.4,0,0.0,0,False,999.0,True,False,True,False,2026-05-03T21:06:25.894119,,-2.38,2.38,False,False,False,True,True
493,3,45,30,3.0,12,wet,sedan,50,15,sedan,False,False,True,급정지,딜레마구간,False,2.65,0,0.5,0,False,3.26,True,False,True,False,2026-05-03T21:06:27.351015,,-2.48,2.48,False,False,False,True,True
494,3,45,30,4.0,12,wet,sedan,0,0,,False,False,False,급정지,딜레마구간,False,5.4,0,0.0,0,False,999.0,True,False,True,False,2026-05-03T21:06:28.628453,,-2.38,2.38,False,False,False,True,True
495,3,45,30,4.0,12,wet,sedan,50,15,sedan,False,False,True,급정지,딜레마구간,False,2.65,0,0.5,0,False,3.26,True,False,True,False,2026-05-03T21:06:30.314119,,-2.48,2.48,False,False,False,True,True
496,3,45,30,5.0,12,wet,sedan,0,0,,True,False,False,진행,일반구간,False,3.8,0,44.6,0,False,999.0,False,False,True,False,2026-05-03T21:06:31.530120,,43.86,43.86,False,False,True,False,True
497,3,45,30,5.0,12,wet,sedan,50,15,sedan,True,False,True,진행,일반구간,False,3.8,0,44.6,0,False,15,False,False,True,False,2026-05-03T21:06:33.004203,,57.22,57.22,False,False,True,False,True
498,3,45,40,3.0,12,wet,sedan,0,0,,False,True,False,급정지,일반구간,False,7.2,0,0.0,0,False,999.0,True,False,True,False,2026-05-03T21:06:34.919816,,-2.26,2.26,False,False,False,False,True
499,3,45,40,3.0,12,wet,sedan,50,15,sedan,False,True,True,급정지,일반구간,False,4.25,0,0.0,0,True,0.04,True,False,False,False,2026-05-03T21:06:36.678644,,-1.95,1.95,False,False,False,False,True
500,3,45,40,4.0,12,wet,sedan,0,0,,False,True,False,급정지,일반구간,False,7.2,0,0.0,0,False,999.0,True,False,True,False,2026-05-03T21:06:38.314030,,-2.26,2.26,False,False,False,False,True
501,3,45,40,4.0,12,wet,sedan,50,15,sedan,False,True,True,급정지,일반구간,False,4.25,0,0.0,0,True,0.04,True,False,False,False,2026-05-03T21:06:40.357129,,-2.05,2.05,False,False,False,False,True
502,3,45,40,5.0,12,wet,sedan,0,0,,False,True,False,급정지,일반구간,False,7.2,0,0.0,0,False,999.0,True,False,True,False,2026-05-03T21:06:42.031208,,-2.26,2.26,False,False,False,False,True
503,3,45,40,5.0,12,wet,sedan,50,15,sedan,False,True,True,급정지,일반구간,False,4.25,0,0.0,0,True,0.04,True,False,False,False,2026-05-03T21:06:44.074089,,-1.95,1.95,False,False,False,False,True
504,3,45,50,3.0,12,wet,sedan,0,0,,False,True,False,급정지,일반구간,False,7.8,0,0.9,0,False,999.0,True,False,True,False,2026-05-03T21:06:45.554108,,-2.54,2.54,False,False,False,False,True
505,3,45,50,3.0,12,wet,sedan,50,15,sedan,False,True,True,급정지,일반구간,False,5.85,0,0.6,0,True,0.04,True,False,False,False,2026-05-03T21:06:47.684739,,-2.63,2.63,False,False,False,False,True
506,3,45,50,4.0,12,wet,sedan,0,0,,False,True,False,급정지,일반구간,False,7.85,0,0.5,0,False,999.0,True,False,True,False,2026-05-03T21:06:49.427889,,-2.5,2.5,False,False,False,False,True
507,3,45,50,4.0,12,wet,sedan,50,15,sedan,False,True,True,급정지,일반구간,False,5.85,0,0.6,0,True,0.04,True,False,False,False,2026-05-03T21:06:51.579488,,-2.63,2.63,False,False,False,False,True
508,3,45,50,5.0,12,wet,sedan,0,0,,False,True,False,급정지,일반구간,False,7.85,0,0.5,0,False,999.0,True,False,True,False,2026-05-03T21:06:53.573831,,-2.5,2.5,False,False,False,False,True
509,3,45,50,5.0,12,wet,sedan,50,15,sedan,False,True,True,급정지,일반구간,False,5.85,0,0.6,0,True,0.04,True,False,False,False,2026-05-03T21:06:55.750905,,-2.63,2.63,False,False,False,False,True
510,3,45,60,3.0,12,wet,sedan,0,0,,False,True,False,급정지,일반구간,False,9.3,0,0.0,0,False,999.0,True,False,True,False,2026-05-03T21:06:57.747160,,-2.22,2.22,False,False,False,False,True
511,3,45,60,3.0,12,wet,sedan,50,15,sedan,False,True,True,감속,일반구간,False,6.25,0,0.0,0,True,0.03,True,False,False,False,2026-05-03T21:07:00.212004,,-2.12,2.12,False,False,False,False,True
512,3,45,60,4.0,12,wet,sedan,0,0,,False,True,False,급정지,일반구간,False,9.3,0,0.0,0,False,999.0,True,False,True,False,2026-05-03T21:07:02.281999,,-2.22,2.22,False,False,False,False,True
513,3,45,60,4.0,12,wet,sedan,50,15,sedan,False,True,True,감속,일반구간,False,6.25,0,0.0,0,True,0.03,True,False,False,False,2026-05-03T21:07:04.756194,,-2.12,2.12,False,False,False,False,True
514,3,45,60,5.0,12,wet,sedan,0,0,,False,True,False,급정지,일반구간,False,8.8,0,0.5,0,False,999.0,True,False,True,False,2026-05-03T21:07:06.838411,,-2.48,2.48,False,False,False,False,True
515,3,45,60,5.0,12,wet,sedan,50,15,sedan,False,True,True,감속,일반구간,False,6.25,0,0.6,0,True,0.03,True,False,False,False,2026-05-03T21:07:09.199131,,-2.09,2.09,False,False,False,False,True
516,3,45,70,3.0,12,wet,sedan,0,0,,False,True,False,급정지,일반구간,False,9.95,0,0.5,0,False,999.0,True,False,True,False,2026-05-03T21:07:11.272015,,-2.32,2.32,False,False,False,False,True
517,3,45,70,3.0,12,wet,sedan,50,15,sedan,False,True,True,감속,일반구간,False,7.05,0,0.8,0,False,1.72,True,False,True,False,2026-05-03T21:07:13.870042,,-2.75,2.75,False,False,False,False,True
518,3,45,70,4.0,12,wet,sedan,0,0,,False,True,False,급정지,일반구간,False,10.1,0,0.0,0,False,999.0,True,False,True,False,2026-05-03T21:07:16.097702,,-2.21,2.21,False,False,False,False,True
519,3,45,70,4.0,12,wet,sedan,50,15,sedan,False,True,True,감속,일반구간,False,7.95,0,0.0,0,True,0.05,True,False,False,False,2026-05-03T21:07:18.720119,,-0.59,0.59,False,False,False,False,True
520,3,45,70,5.0,12,wet,sedan,0,0,,False,True,False,급정지,일반구간,False,9.95,0,0.5,0,False,999.0,True,False,True,False,2026-05-03T21:07:21.139062,,-2.32,2.32,False,False,False,False,True
521,3,45,70,5.0,12,wet,sedan,50,15,sedan,False,True,True,감속,일반구간,False,7.95,0,0.0,0,True,0.05,True,False,False,False,2026-05-03T21:07:23.734684,,-0.59,0.59,False,False,False,False,True
522,3,45,80,3.0,12,wet,sedan,0,0,,False,True,False,급정지,일반구간,False,10.1,0,0.8,0,False,999.0,True,False,True,False,2026-05-03T21:07:25.834284,,-3.1,3.1,False,False,False,False,True
523,3,45,80,3.0,12,wet,sedan,50,15,sedan,False,True,True,감속,일반구간,False,8.4,0,0.9,0,False,3.95,True,False,True,False,2026-05-03T21:07:28.425039,,-2.29,2.29,False,False,False,False,True
524,3,45,80,4.0,12,wet,sedan,0,0,,False,True,False,급정지,일반구간,False,10.1,0,0.8,0,False,999.0,True,False,True,False,2026-05-03T21:07:30.933705,,-3.1,3.1,False,False,False,False,True
525,3,45,80,4.0,12,wet,sedan,50,15,sedan,False,True,True,감속,일반구간,False,8.4,0,0.9,0,False,3.95,True,False,True,False,2026-05-03T21:07:33.557197,,-2.29,2.29,False,False,False,False,True
526,3,45,80,5.0,12,wet,sedan,0,0,,False,True,False,급정지,일반구간,False,10.1,0,0.8,0,False,999.0,True,False,True,False,2026-05-03T21:07:36.056871,,-3.1,3.1,False,False,False,False,True
527,3,45,80,5.0,12,wet,sedan,50,15,sedan,False,True,True,감속,일반구간,False,8.4,0,0.9,0,False,3.95,True,False,True,False,2026-05-03T21:07:38.677915,,-2.29,2.29,False,False,False,False,True
528,3,50,10,3.0,12,wet,sedan,0,0,,True,False,False,진행,일반구간,False,1.95,0,49.5,0,False,999.0,False,False,True,False,2026-05-03T21:07:40.856787,,47.17,47.17,False,False,True,False,True
529,3,50,10,3.0,12,wet,sedan,55,15,sedan,True,False,True,진행,일반구간,False,1.95,0,49.5,0,False,15,False,False,True,False,2026-05-03T21:07:42.236243,,62.01,62.01,False,False,True,False,True
530,3,50,10,4.0,12,wet,sedan,0,0,,True,False,False,진행,일반구간,False,1.95,0,49.5,0,False,999.0,False,False,True,False,2026-05-03T21:07:43.866961,,47.16,47.16,False,False,True,False,True
531,3,50,10,4.0,12,wet,sedan,55,15,sedan,True,False,True,진행,일반구간,False,1.95,0,49.5,0,False,15,False,False,True,False,2026-05-03T21:07:45.262981,,62.01,62.01,False,False,True,False,True
532,3,50,10,5.0,12,wet,sedan,0,0,,True,False,False,진행,일반구간,False,1.95,0,49.5,0,False,999.0,False,False,True,False,2026-05-03T21:07:46.891022,,47.17,47.17,False,False,True,False,True
533,3,50,10,5.0,12,wet,sedan,55,15,sedan,True,False,True,진행,일반구간,False,1.95,0,49.5,0,False,15,False,False,True,False,2026-05-03T21:07:48.290982,,61.99,61.99,False,False,True,False,True
534,3,50,20,3.0,12,wet,sedan,0,0,,False,False,False,급정지,딜레마구간,False,3.3,0,0.6,0,False,999.0,True,False,True,False,2026-05-03T21:07:49.916747,,-2.37,2.37,False,False,False,True,True
535,3,50,20,3.0,12,wet,sedan,55,15,sedan,False,False,True,급정지,딜레마구간,False,1.55,0,0.0,0,False,13.14,False,False,False,False,2026-05-03T21:07:51.178917,,6.04,6.04,False,True,False,True,False
536,3,50,20,4.0,12,wet,sedan,0,0,,True,False,False,진행,일반구간,False,2.7,0,49.5,0,False,999.0,False,False,True,False,2026-05-03T21:07:52.305247,,46.78,46.78,False,False,True,False,True
537,3,50,20,4.0,12,wet,sedan,55,15,sedan,True,False,True,진행,일반구간,False,2.7,0,49.5,0,False,15,False,False,True,False,2026-05-03T21:07:53.842188,,61.62,61.62,False,False,True,False,True
538,3,50,20,5.0,12,wet,sedan,0,0,,True,False,False,진행,일반구간,False,2.7,0,49.5,0,False,999.0,False,False,True,False,2026-05-03T21:07:55.404121,,46.78,46.78,False,False,True,False,True
539,3,50,20,5.0,12,wet,sedan,55,15,sedan,True,False,True,진행,일반구간,False,2.7,0,49.5,0,False,15,False,False,True,False,2026-05-03T21:07:56.915088,,61.62,61.62,False,False,True,False,True
540,3,50,30,3.0,12,wet,sedan,0,0,,False,False,False,급정지,딜레마구간,False,5.4,0,0.7,0,False,999.0,True,False,True,False,2026-05-03T21:07:58.679183,,-2.43,2.43,False,False,False,True,True
541,3,50,30,3.0,12,wet,sedan,55,15,sedan,False,False,True,급정지,딜레마구간,False,1.55,0,0.0,0,False,15,True,False,True,False,2026-05-03T21:08:00.359122,,-1.09,1.09,False,False,False,True,True
542,3,50,30,4.0,12,wet,sedan,0,0,,True,False,False,진행,일반구간,False,3.4,0,49.4,0,False,999.0,False,False,True,False,2026-05-03T21:08:01.484201,,47.08,47.08,False,False,True,False,True
543,3,50,30,4.0,12,wet,sedan,55,15,sedan,True,False,True,진행,일반구간,False,3.4,0,49.4,0,False,15,False,False,True,False,2026-05-03T21:08:03.168902,,61.92,61.92,False,False,True,False,True
544,3,50,30,5.0,12,wet,sedan,0,0,,True,False,False,진행,일반구간,False,3.4,0,49.4,0,False,999.0,False,False,True,False,2026-05-03T21:08:05.085455,,47.08,47.08,False,False,True,False,True
545,3,50,30,5.0,12,wet,sedan,55,15,sedan,True,False,True,진행,일반구간,False,3.4,0,49.4,0,False,15,False,False,True,False,2026-05-03T21:08:06.767911,,61.92,61.92,False,False,True,False,True
546,3,50,40,3.0,12,wet,sedan,0,0,,False,True,False,급정지,일반구간,False,6.75,0,0.0,0,False,999.0,True,False,True,False,2026-05-03T21:08:08.678025,,-2.31,2.31,False,False,False,False,True
547,3,50,40,3.0,12,wet,sedan,55,15,sedan,False,True,True,급정지,일반구간,False,3.85,0,0.0,0,True,0.04,True,False,False,False,2026-05-03T21:08:10.637257,,-1.41,1.41,False,False,False,False,True
548,3,50,40,4.0,12,wet,sedan,0,0,,False,True,False,급정지,일반구간,False,6.75,0,0.0,0,False,999.0,True,False,True,False,2026-05-03T21:08:12.232414,,-2.31,2.31,False,False,False,False,True
549,3,50,40,4.0,12,wet,sedan,55,15,sedan,False,True,True,급정지,일반구간,False,3.85,0,0.0,0,True,0.04,True,False,False,False,2026-05-03T21:08:13.911094,,-1.41,1.41,False,False,False,False,True
550,3,50,40,5.0,12,wet,sedan,0,0,,True,True,False,진행,진행/정지선택구간,False,4.15,0,49.4,0,False,999.0,False,False,True,False,2026-05-03T21:08:15.286965,,46.7,46.7,False,False,True,False,True
551,3,50,40,5.0,12,wet,sedan,55,15,sedan,True,True,True,진행,진행/정지선택구간,False,4.15,0,49.4,0,False,15,False,False,True,False,2026-05-03T21:08:17.086797,,61.52,61.52,False,False,True,False,True
552,3,50,50,3.0,12,wet,sedan,0,0,,False,True,False,급정지,일반구간,False,8.15,0,0.6,0,False,999.0,True,False,True,False,2026-05-03T21:08:19.142415,,-2.35,2.35,False,False,False,False,True
553,3,50,50,3.0,12,wet,sedan,55,15,sedan,False,True,True,급정지,일반구간,False,5.35,0,0.7,0,True,0.04,True,False,False,False,2026-05-03T21:08:21.045741,,-2.3,2.3,False,False,False,False,True
554,3,50,50,4.0,12,wet,sedan,0,0,,False,True,False,급정지,일반구간,False,8.15,0,0.6,0,False,999.0,True,False,True,False,2026-05-03T21:08:22.876844,,-2.35,2.35,False,False,False,False,True
555,3,50,50,4.0,12,wet,sedan,55,15,sedan,False,True,True,급정지,일반구간,False,5.35,0,0.7,0,True,0.04,True,False,False,False,2026-05-03T21:08:25.117907,,-2.3,2.3,False,False,False,False,True
556,3,50,50,5.0,12,wet,sedan,0,0,,False,True,False,급정지,일반구간,False,8.15,0,0.6,0,False,999.0,True,False,True,False,2026-05-03T21:08:27.014280,,-2.35,2.35,False,False,False,False,True
557,3,50,50,5.0,12,wet,sedan,55,15,sedan,False,True,True,급정지,일반구간,False,5.35,0,0.7,0,True,0.04,True,False,False,False,2026-05-03T21:08:28.929135,,-2.3,2.3,False,False,False,False,True
558,3,50,60,3.0,12,wet,sedan,0,0,,False,True,False,급정지,일반구간,False,8.75,0,0.5,0,False,999.0,True,False,True,False,2026-05-03T21:08:30.760119,,-2.49,2.49,False,False,False,False,True
559,3,50,60,3.0,12,wet,sedan,55,15,sedan,False,True,True,급정지,일반구간,False,6.3,0,0.6,0,True,0.06,True,False,False,False,2026-05-03T21:08:32.776120,,-2.73,2.73,False,False,False,False,True
560,3,50,60,4.0,12,wet,sedan,0,0,,False,True,False,급정지,일반구간,False,8.75,0,0.5,0,False,999.0,True,False,True,False,2026-05-03T21:08:34.790188,,-2.49,2.49,False,False,False,False,True
561,3,50,60,4.0,12,wet,sedan,55,15,sedan,False,True,True,급정지,일반구간,False,6.3,0,0.6,0,True,0.06,True,False,False,False,2026-05-03T21:08:37.151636,,-2.73,2.73,False,False,False,False,True
562,3,50,60,5.0,12,wet,sedan,0,0,,False,True,False,급정지,일반구간,False,8.8,0,0.0,0,False,999.0,True,False,True,False,2026-05-03T21:08:39.239006,,-2.34,2.34,False,False,False,False,True
563,3,50,60,5.0,12,wet,sedan,55,15,sedan,False,True,True,급정지,일반구간,False,6.3,0,0.6,0,True,0.06,True,False,False,False,2026-05-03T21:08:41.599139,,-2.73,2.73,False,False,False,False,True
564,3,50,70,3.0,12,wet,sedan,0,0,,False,True,False,급정지,일반구간,False,9.85,0,1.0,0,False,999.0,True,False,True,False,2026-05-03T21:08:43.688072,,-2.27,2.27,False,False,False,False,True
565,3,50,70,3.0,12,wet,sedan,55,15,sedan,False,True,True,감속,일반구간,False,6.95,0,0.0,0,True,0.09,True,False,False,False,2026-05-03T21:08:45.884256,,-2.17,2.17,False,False,False,False,True
566,3,50,70,4.0,12,wet,sedan,0,0,,False,True,False,급정지,일반구간,False,9.85,0,1.0,0,False,999.0,True,False,True,False,2026-05-03T21:08:48.035861,,-2.27,2.27,False,False,False,False,True
567,3,50,70,4.0,12,wet,sedan,55,15,sedan,False,True,True,감속,일반구간,False,6.95,0,0.0,0,True,0.09,True,False,False,False,2026-05-03T21:08:50.619340,,-2.17,2.17,False,False,False,False,True
568,3,50,70,5.0,12,wet,sedan,0,0,,False,True,False,급정지,일반구간,False,9.85,0,0.9,0,False,999.0,True,False,True,False,2026-05-03T21:08:52.831637,,-2.27,2.27,False,False,False,False,True
569,3,50,70,5.0,12,wet,sedan,55,15,sedan,False,True,True,감속,일반구간,False,6.95,0,0.7,0,True,0.09,True,False,False,False,2026-05-03T21:08:55.404771,,-2.15,2.15,False,False,False,False,True
570,3,50,80,3.0,12,wet,sedan,0,0,,False,True,False,급정지,일반구간,False,10.35,0,0.9,0,False,999.0,True,False,True,False,2026-05-03T21:08:57.616849,,-2.58,2.58,False,False,False,False,True
571,3,50,80,3.0,12,wet,sedan,55,15,sedan,False,True,True,감속,일반구간,False,7.85,0,0.6,0,True,0.04,True,False,False,False,2026-05-03T21:09:00.287316,,-2.23,2.23,False,False,False,False,True
572,3,50,80,4.0,12,wet,sedan,0,0,,False,True,False,급정지,일반구간,False,10.4,0,0.5,0,False,999.0,True,False,True,False,2026-05-03T21:09:02.680143,,-2.49,2.49,False,False,False,False,True
573,3,50,80,4.0,12,wet,sedan,55,15,sedan,False,True,True,감속,일반구간,False,8.0,0,0.5,0,True,0.04,True,False,False,False,2026-05-03T21:09:05.369292,,-2.04,2.04,False,False,False,False,True
574,3,50,80,5.0,12,wet,sedan,0,0,,False,True,False,급정지,일반구간,False,10.35,0,0.9,0,False,999.0,True,False,True,False,2026-05-03T21:09:07.794476,,-2.58,2.58,False,False,False,False,True
575,3,50,80,5.0,12,wet,sedan,55,15,sedan,False,True,True,감속,일반구간,False,7.85,0,0.6,0,True,0.04,True,False,False,False,2026-05-03T21:09:10.474714,,-2.23,2.23,False,False,False,False,True
576,3,55,10,3.0,12,wet,sedan,0,0,,True,False,False,진행,일반구간,False,1.8,0,54.3,0,False,999.0,False,False,True,False,2026-05-03T21:09:12.877513,,49.75,49.75,False,False,True,False,True
577,3,55,10,3.0,12,wet,sedan,60,15,sedan,True,False,True,진행,일반구간,False,1.8,0,54.3,0,False,15,False,False,True,False,2026-05-03T21:09:14.230170,,66.07,66.07,False,False,True,False,True
578,3,55,10,4.0,12,wet,sedan,0,0,,True,False,False,진행,일반구간,False,1.8,0,54.3,0,False,999.0,False,False,True,False,2026-05-03T21:09:15.644284,,49.75,49.75,False,False,True,False,True
579,3,55,10,4.0,12,wet,sedan,60,15,sedan,True,False,True,진행,일반구간,False,1.8,0,54.3,0,False,15,False,False,True,False,2026-05-03T21:09:16.978540,,66.07,66.07,False,False,True,False,True
580,3,55,10,5.0,12,wet,sedan,0,0,,True,False,False,진행,일반구간,False,1.8,0,54.3,0,False,999.0,False,False,True,False,2026-05-03T21:09:18.569016,,49.75,49.75,False,False,True,False,True
581,3,55,10,5.0,12,wet,sedan,60,15,sedan,True,False,True,진행,일반구간,False,1.8,0,54.3,0,False,15,False,False,True,False,2026-05-03T21:09:19.924845,,66.07,66.07,False,False,True,False,True
582,3,55,20,3.0,12,wet,sedan,0,0,,True,False,False,진행,일반구간,False,2.45,0,54.3,0,False,999.0,False,False,True,False,2026-05-03T21:09:21.507183,,49.56,49.56,False,False,True,False,True
583,3,55,20,3.0,12,wet,sedan,60,15,sedan,True,False,True,진행,일반구간,False,2.45,0,54.3,0,False,15,False,False,True,False,2026-05-03T21:09:22.992878,,66.64,66.64,False,False,True,False,True
584,3,55,20,4.0,12,wet,sedan,0,0,,True,False,False,진행,일반구간,False,2.45,0,54.3,0,False,999.0,False,False,True,False,2026-05-03T21:09:24.714163,,49.56,49.56,False,False,True,False,True
585,3,55,20,4.0,12,wet,sedan,60,15,sedan,True,False,True,진행,일반구간,False,2.45,0,54.3,0,False,15,False,False,True,False,2026-05-03T21:09:26.200611,,66.64,66.64,False,False,True,False,True
586,3,55,20,5.0,12,wet,sedan,0,0,,True,False,False,진행,일반구간,False,2.45,0,54.3,0,False,999.0,False,False,True,False,2026-05-03T21:09:27.919145,,49.56,49.56,False,False,True,False,True
587,3,55,20,5.0,12,wet,sedan,60,15,sedan,True,False,True,진행,일반구간,False,2.45,0,54.3,0,False,15,False,False,True,False,2026-05-03T21:09:29.209416,,66.64,66.64,False,False,True,False,True
588,3,55,30,3.0,12,wet,sedan,0,0,,False,False,False,급정지,딜레마구간,False,5.0,0,0.0,0,False,999.0,True,False,True,False,2026-05-03T21:09:30.859144,,-2.31,2.31,False,False,False,True,True
589,3,55,30,3.0,12,wet,sedan,60,15,sedan,False,False,True,급정지,딜레마구간,False,1.55,0,0.0,0,False,15,True,False,True,False,2026-05-03T21:09:32.466947,,2.08,2.08,True,False,False,True,True
590,3,55,30,4.0,12,wet,sedan,0,0,,True,False,False,진행,일반구간,False,3.1,0,54.3,0,False,999.0,False,False,True,False,2026-05-03T21:09:33.600416,,50.12,50.12,False,False,True,False,True
591,3,55,30,4.0,12,wet,sedan,60,15,sedan,True,False,True,진행,일반구간,False,3.1,0,54.3,0,False,15,False,False,True,False,2026-05-03T21:09:35.235286,,66.43,66.43,False,False,True,False,True
592,3,55,30,5.0,12,wet,sedan,0,0,,True,False,False,진행,일반구간,False,3.1,0,54.3,0,False,999.0,False,False,True,False,2026-05-03T21:09:37.093355,,50.11,50.11,False,False,True,False,True
593,3,55,30,5.0,12,wet,sedan,60,15,sedan,True,False,True,진행,일반구간,False,3.1,0,54.3,0,False,15,False,False,True,False,2026-05-03T21:09:38.722354,,66.43,66.43,False,False,True,False,True
594,3,55,40,3.0,12,wet,sedan,0,0,,False,False,False,급정지,딜레마구간,False,6.7,0,0.8,0,False,999.0,True,False,True,False,2026-05-03T21:09:40.583244,,-2.29,2.29,False,False,False,True,True
595,3,55,40,3.0,12,wet,sedan,60,15,sedan,False,False,True,급정지,딜레마구간,False,3.65,0,0.8,0,True,0.03,True,False,False,False,2026-05-03T21:09:42.257057,,0.28,0.28,False,False,False,True,True
596,3,55,40,4.0,12,wet,sedan,0,0,,False,False,False,급정지,딜레마구간,False,6.7,0,0.8,0,False,999.0,True,False,True,False,2026-05-03T21:09:43.746986,,-2.29,2.29,False,False,False,True,True
597,3,55,40,4.0,12,wet,sedan,60,15,sedan,False,False,True,급정지,딜레마구간,False,3.45,0,0.9,0,True,0.06,True,False,False,False,2026-05-03T21:09:45.691922,,-0.38,0.38,False,False,False,True,True
598,3,55,40,5.0,12,wet,sedan,0,0,,True,False,False,진행,일반구간,False,3.75,0,54.3,0,False,999.0,False,False,True,False,2026-05-03T21:09:47.210091,,49.93,49.93,False,False,True,False,True
599,3,55,40,5.0,12,wet,sedan,60,15,sedan,True,False,True,진행,일반구간,False,3.8,0,54.3,0,False,15,False,False,True,False,2026-05-03T21:09:48.974885,,66.25,66.25,False,False,True,False,True
600,3,55,50,3.0,12,wet,sedan,0,0,,False,True,False,급정지,일반구간,False,7.6,0,0.9,0,False,999.0,True,False,True,False,2026-05-03T21:09:51.000151,,-2.5,2.5,False,False,False,False,True
601,3,55,50,3.0,12,wet,sedan,60,15,sedan,False,True,True,급정지,일반구간,False,4.95,0,0.0,0,True,0.02,True,False,False,False,2026-05-03T21:09:53.125595,,-2.16,2.16,False,False,False,False,True
602,3,55,50,4.0,12,wet,sedan,0,0,,False,True,False,급정지,일반구간,False,7.55,0,0.0,0,False,999.0,True,False,True,False,2026-05-03T21:09:54.945080,,-2.57,2.57,False,False,False,False,True
603,3,55,50,4.0,12,wet,sedan,60,15,sedan,False,True,True,급정지,일반구간,False,4.95,0,0.0,0,True,0.02,True,False,False,False,2026-05-03T21:09:57.055315,,-2.16,2.16,False,False,False,False,True
604,3,55,50,5.0,12,wet,sedan,0,0,,True,True,False,진행,진행/정지선택구간,False,4.45,0,54.3,0,False,999.0,False,False,True,False,2026-05-03T21:09:58.865090,,49.74,49.74,False,False,True,False,True
605,3,55,50,5.0,12,wet,sedan,60,15,sedan,True,True,True,진행,진행/정지선택구간,False,4.45,0,54.3,0,False,15,False,False,True,False,2026-05-03T21:10:00.762268,,66.06,66.06,False,False,True,False,True
606,3,55,60,3.0,12,wet,sedan,0,0,,False,True,False,급정지,일반구간,False,9.05,0,0.0,0,False,999.0,True,False,True,False,2026-05-03T21:10:02.611126,,-2.27,2.27,False,False,False,False,True
607,3,55,60,3.0,12,wet,sedan,60,15,sedan,False,True,True,급정지,일반구간,False,6.1,0,0.7,0,True,0.03,True,False,False,False,2026-05-03T21:10:05.006969,,-2.49,2.49,False,False,False,False,True
608,3,55,60,4.0,12,wet,sedan,0,0,,False,True,False,급정지,일반구간,False,8.85,0,0.9,0,False,999.0,True,False,True,False,2026-05-03T21:10:07.056155,,-2.35,2.35,False,False,False,False,True
609,3,55,60,4.0,12,wet,sedan,60,15,sedan,False,True,True,급정지,일반구간,False,6.1,0,0.7,0,True,0.03,True,False,False,False,2026-05-03T21:10:09.079327,,-2.49,2.49,False,False,False,False,True
610,3,55,60,5.0,12,wet,sedan,0,0,,False,True,False,급정지,일반구간,False,9.05,0,0.0,0,False,999.0,True,False,True,False,2026-05-03T21:10:11.051851,,-2.27,2.27,False,False,False,False,True
611,3,55,60,5.0,12,wet,sedan,60,15,sedan,False,True,True,급정지,일반구간,False,6.1,0,0.7,0,True,0.03,True,False,False,False,2026-05-03T21:10:13.475356,,-2.49,2.49,False,False,False,False,True
612,3,55,70,3.0,12,wet,sedan,0,0,,False,True,False,급정지,일반구간,False,9.9,0,0.6,0,False,999.0,True,False,True,False,2026-05-03T21:10:15.523360,,-2.24,2.24,False,False,False,False,True
613,3,55,70,3.0,12,wet,sedan,60,15,sedan,False,True,True,급정지,일반구간,False,7.9,0,0.9,0,True,0.04,True,False,False,False,2026-05-03T21:10:18.115429,,-2.41,2.41,False,False,False,False,True
614,3,55,70,4.0,12,wet,sedan,0,0,,False,True,False,급정지,일반구간,False,9.9,0,0.6,0,False,999.0,True,False,True,False,2026-05-03T21:10:20.525930,,-2.24,2.24,False,False,False,False,True
615,3,55,70,4.0,12,wet,sedan,60,15,sedan,False,True,True,급정지,일반구간,False,8.15,0,0.7,0,True,0.04,True,False,False,False,2026-05-03T21:10:22.734511,,-2.37,2.37,False,False,False,False,True
616,3,55,70,5.0,12,wet,sedan,0,0,,False,True,False,급정지,일반구간,False,9.9,0,0.6,0,False,999.0,True,False,True,False,2026-05-03T21:10:24.781955,,-2.24,2.24,False,False,False,False,True
617,3,55,70,5.0,12,wet,sedan,60,15,sedan,False,True,True,급정지,일반구간,False,7.9,0,0.9,0,True,0.04,True,False,False,False,2026-05-03T21:10:27.333621,,-2.41,2.41,False,False,False,False,True
618,3,55,80,3.0,12,wet,sedan,0,0,,False,True,False,급정지,일반구간,False,10.55,0,0.0,0,False,999.0,True,False,True,False,2026-05-03T21:10:29.748133,,-2.29,2.29,False,False,False,False,True
619,3,55,80,3.0,12,wet,sedan,60,15,sedan,False,True,True,감속,일반구간,False,7.2,0,0.6,0,True,0.06,True,False,False,False,2026-05-03T21:10:32.459406,,-1.83,1.83,False,False,False,False,True
620,3,55,80,4.0,12,wet,sedan,0,0,,False,True,False,급정지,일반구간,False,10.55,0,0.0,0,False,999.0,True,False,True,False,2026-05-03T21:10:34.723358,,-2.29,2.29,False,False,False,False,True
621,3,55,80,4.0,12,wet,sedan,60,15,sedan,False,True,True,감속,일반구간,False,7.2,0,0.6,0,True,0.06,True,False,False,False,2026-05-03T21:10:37.446029,,-1.83,1.83,False,False,False,False,True
622,3,55,80,5.0,12,wet,sedan,0,0,,False,True,False,급정지,일반구간,False,10.55,0,0.0,0,False,999.0,True,False,True,False,2026-05-03T21:10:39.714722,,-2.29,2.29,False,False,False,False,True
623,3,55,80,5.0,12,wet,sedan,60,15,sedan,False,True,True,감속,일반구간,False,7.2,0,0.6,0,True,0.06,True,False,False,False,2026-05-03T21:10:42.429750,,-1.83,1.83,False,False,False,False,True
624,3,60,10,3.0,12,wet,sedan,0,0,,True,False,False,진행,일반구간,False,1.65,0,59.2,0,False,999.0,False,False,True,False,2026-05-03T21:10:44.399221,,52.64,52.64,False,False,True,False,True
625,3,60,10,3.0,12,wet,sedan,65,15,sedan,True,False,True,진행,일반구간,False,1.65,0,59.2,0,False,15,False,False,True,False,2026-05-03T21:10:45.695889,,70.45,70.45,False,False,True,False,True
626,3,60,10,4.0,12,wet,sedan,0,0,,True,False,False,진행,일반구간,False,1.65,0,59.2,0,False,999.0,False,False,True,False,2026-05-03T21:10:47.254892,,52.64,52.64,False,False,True,False,True
627,3,60,10,4.0,12,wet,sedan,65,15,sedan,True,False,True,진행,일반구간,False,1.65,0,59.2,0,False,15,False,False,True,False,2026-05-03T21:10:48.592293,,70.45,70.45,False,False,True,False,True
628,3,60,10,5.0,12,wet,sedan,0,0,,True,False,False,진행,일반구간,False,1.65,0,59.2,0,False,999.0,False,False,True,False,2026-05-03T21:10:49.978966,,52.64,52.64,False,False,True,False,True
629,3,60,10,5.0,12,wet,sedan,65,15,sedan,True,False,True,진행,일반구간,False,1.65,0,59.2,0,False,15,False,False,True,False,2026-05-03T21:10:51.278106,,70.45,70.45,False,False,True,False,True
630,3,60,20,3.0,12,wet,sedan,0,0,,True,False,False,진행,일반구간,False,2.25,0,59.2,0,False,999.0,False,False,True,False,2026-05-03T21:10:52.829094,,53.33,53.33,False,False,True,False,True
631,3,60,20,3.0,12,wet,sedan,65,15,sedan,True,False,True,진행,일반구간,False,2.25,0,59.2,0,False,15,False,False,True,False,2026-05-03T21:10:54.292249,,71.12,71.12,False,False,True,False,True
632,3,60,20,4.0,12,wet,sedan,0,0,,True,False,False,진행,일반구간,False,2.25,0,59.2,0,False,999.0,False,False,True,False,2026-05-03T21:10:55.970966,,53.33,53.33,False,False,True,False,True
633,3,60,20,4.0,12,wet,sedan,65,15,sedan,True,False,True,진행,일반구간,False,2.25,0,59.2,0,False,15,False,False,True,False,2026-05-03T21:10:57.424774,,71.14,71.14,False,False,True,False,True
634,3,60,20,5.0,12,wet,sedan,0,0,,True,False,False,진행,일반구간,False,2.25,0,59.2,0,False,999.0,False,False,True,False,2026-05-03T21:10:58.912796,,53.33,53.33,False,False,True,False,True
635,3,60,20,5.0,12,wet,sedan,65,15,sedan,True,False,True,진행,일반구간,False,2.25,0,59.2,0,False,15,False,False,True,False,2026-05-03T21:11:00.344669,,71.14,71.14,False,False,True,False,True
636,3,60,30,3.0,12,wet,sedan,0,0,,False,False,False,급정지,딜레마구간,False,4.7,0,0.8,0,False,999.0,True,False,True,False,2026-05-03T21:11:02.029225,,-2.28,2.28,False,False,False,True,True
637,3,60,30,3.0,12,wet,sedan,65,15,sedan,False,False,True,급정지,딜레마구간,False,1.55,0,0.0,0,False,15,True,False,True,False,2026-05-03T21:11:03.577277,,4.91,4.91,True,False,False,True,True
638,3,60,30,4.0,12,wet,sedan,0,0,,True,False,False,진행,일반구간,False,2.85,0,59.2,0,False,999.0,False,False,True,False,2026-05-03T21:11:04.699349,,53.19,53.19,False,False,True,False,True
639,3,60,30,4.0,12,wet,sedan,65,15,sedan,True,False,True,진행,일반구간,False,2.85,0,59.2,0,False,15,False,False,True,False,2026-05-03T21:11:06.282338,,71.01,71.01,False,False,True,False,True
640,3,60,30,5.0,12,wet,sedan,0,0,,True,False,False,진행,일반구간,False,2.85,0,59.2,0,False,999.0,False,False,True,False,2026-05-03T21:11:08.080236,,53.2,53.2,False,False,True,False,True
641,3,60,30,5.0,12,wet,sedan,65,15,sedan,True,False,True,진행,일반구간,False,2.85,0,59.2,0,False,15,False,False,True,False,2026-05-03T21:11:09.665614,,71.01,71.01,False,False,True,False,True
642,3,60,40,3.0,12,wet,sedan,0,0,,False,False,False,급정지,딜레마구간,False,6.3,0,0.8,0,False,999.0,True,False,True,False,2026-05-03T21:11:11.475390,,-2.29,2.29,False,False,False,True,True
643,3,60,40,3.0,12,wet,sedan,65,15,sedan,False,False,True,급정지,딜레마구간,False,2.25,0,0.9,0,False,8.09,True,False,True,False,2026-05-03T21:11:13.334458,,-2.31,2.31,False,False,False,True,True
644,3,60,40,4.0,12,wet,sedan,0,0,,True,False,False,진행,일반구간,False,3.45,0,59.2,0,False,999.0,False,False,True,False,2026-05-03T21:11:14.599205,,53.07,53.07,False,False,True,False,True
645,3,60,40,4.0,12,wet,sedan,65,15,sedan,True,False,True,진행,일반구간,False,3.45,0,59.2,0,False,15,False,False,True,False,2026-05-03T21:11:16.295436,,70.88,70.88,False,False,True,False,True
646,3,60,40,5.0,12,wet,sedan,0,0,,True,False,False,진행,일반구간,False,3.45,0,59.2,0,False,999.0,False,False,True,False,2026-05-03T21:11:18.224315,,53.07,53.07,False,False,True,False,True
647,3,60,40,5.0,12,wet,sedan,65,15,sedan,True,False,True,진행,일반구간,False,3.45,0,59.2,0,False,15,False,False,True,False,2026-05-03T21:11:19.924325,,70.88,70.88,False,False,True,False,True
648,3,60,50,3.0,12,wet,sedan,0,0,,False,True,False,급정지,일반구간,False,7.7,0,0.0,0,False,999.0,True,False,True,False,2026-05-03T21:11:21.844532,,-2.24,2.24,False,False,False,False,True
649,3,60,50,3.0,12,wet,sedan,65,15,sedan,False,True,True,급정지,일반구간,False,3.95,0,0.6,0,True,-0.05,True,False,False,False,2026-05-03T21:11:23.688392,,-1.51,1.51,False,False,False,False,True
650,3,60,50,4.0,12,wet,sedan,0,0,,False,True,False,급정지,일반구간,False,7.7,0,0.0,0,False,999.0,True,False,True,False,2026-05-03T21:11:25.070347,,-2.24,2.24,False,False,False,False,True
651,3,60,50,4.0,12,wet,sedan,65,15,sedan,False,True,True,급정지,일반구간,False,3.95,0,0.6,0,True,-0.05,True,False,False,False,2026-05-03T21:11:27.187397,,-1.51,1.51,False,False,False,False,True
652,3,60,50,5.0,12,wet,sedan,0,0,,True,True,False,진행,진행/정지선택구간,False,4.05,0,59.2,0,False,999.0,False,False,True,False,2026-05-03T21:11:28.801137,,52.94,52.94,False,False,True,False,True
653,3,60,50,5.0,12,wet,sedan,65,15,sedan,True,True,True,진행,진행/정지선택구간,False,4.1,0,59.2,0,False,15,False,False,True,False,2026-05-03T21:11:30.627393,,70.75,70.75,False,False,True,False,True
654,3,60,60,3.0,12,wet,sedan,0,0,,False,True,False,급정지,일반구간,False,9.0,0,0.0,0,False,999.0,True,False,True,False,2026-05-03T21:11:32.673933,,-2.24,2.24,False,False,False,False,True
655,3,60,60,3.0,12,wet,sedan,65,15,sedan,False,True,True,급정지,일반구간,False,6.25,0,0.6,0,True,0.01,True,False,False,False,2026-05-03T21:11:35.075949,,-2.2,2.2,False,False,False,False,True
656,3,60,60,4.0,12,wet,sedan,0,0,,False,True,False,급정지,일반구간,False,9.0,0,0.0,0,False,999.0,True,False,True,False,2026-05-03T21:11:37.157042,,-2.24,2.24,False,False,False,False,True
657,3,60,60,4.0,12,wet,sedan,65,15,sedan,False,True,True,급정지,일반구간,False,6.25,0,0.6,0,True,0.01,True,False,False,False,2026-05-03T21:11:39.572381,,-2.2,2.2,False,False,False,False,True
658,3,60,60,5.0,12,wet,sedan,0,0,,False,True,False,급정지,일반구간,False,9.0,0,0.0,0,False,999.0,True,False,True,False,2026-05-03T21:11:41.643122,,-2.24,2.24,False,False,False,False,True
659,3,60,60,5.0,12,wet,sedan,65,15,sedan,False,True,True,급정지,일반구간,False,5.6,0,0.6,0,True,0.03,True,False,False,False,2026-05-03T21:11:44.057019,,-2.31,2.31,False,False,False,False,True
660,3,60,70,3.0,12,wet,sedan,0,0,,False,True,False,급정지,일반구간,False,9.75,0,0.6,0,False,999.0,True,False,True,False,2026-05-03T21:11:46.007253,,-2.38,2.38,False,False,False,False,True
661,3,60,70,3.0,12,wet,sedan,65,15,sedan,False,True,True,급정지,일반구간,False,6.85,0,0.5,0,True,-0.0,True,False,False,False,2026-05-03T21:11:48.568111,,-2.44,2.44,False,False,False,False,True
662,3,60,70,4.0,12,wet,sedan,0,0,,False,True,False,급정지,일반구간,False,9.75,0,0.6,0,False,999.0,True,False,True,False,2026-05-03T21:11:50.762281,,-2.38,2.38,False,False,False,False,True
663,3,60,70,4.0,12,wet,sedan,65,15,sedan,False,True,True,급정지,일반구간,False,6.9,0,0.0,0,True,0.04,True,False,False,False,2026-05-03T21:11:53.318250,,-2.37,2.37,False,False,False,False,True
664,3,60,70,5.0,12,wet,sedan,0,0,,False,True,False,급정지,일반구간,False,9.75,0,0.6,0,False,999.0,True,False,True,False,2026-05-03T21:11:55.244477,,-2.38,2.38,False,False,False,False,True
665,3,60,70,5.0,12,wet,sedan,65,15,sedan,False,True,True,급정지,일반구간,False,6.9,0,0.0,0,True,0.04,True,False,False,False,2026-05-03T21:11:57.779188,,-2.37,2.37,False,False,False,False,True
666,3,60,80,3.0,12,wet,sedan,0,0,,False,True,False,급정지,일반구간,False,10.4,0,0.0,0,False,999.0,True,False,True,False,2026-05-03T21:11:59.990307,,-2.37,2.37,False,False,False,False,True
667,3,60,80,3.0,12,wet,sedan,65,15,sedan,False,True,True,급정지,일반구간,False,7.45,0,0.8,0,True,0.03,True,False,False,False,2026-05-03T21:12:02.673064,,-3.06,3.06,False,False,False,False,True
668,3,60,80,4.0,12,wet,sedan,0,0,,False,True,False,급정지,일반구간,False,10.4,0,0.0,0,False,999.0,True,False,True,False,2026-05-03T21:12:04.989131,,-2.37,2.37,False,False,False,False,True
669,3,60,80,4.0,12,wet,sedan,65,15,sedan,False,True,True,급정지,일반구간,False,7.75,0,1.0,0,True,0.01,True,False,False,False,2026-05-03T21:12:07.671354,,-2.58,2.58,False,False,False,False,True
670,3,60,80,5.0,12,wet,sedan,0,0,,False,True,False,급정지,일반구간,False,10.5,0,0.0,0,False,999.0,True,False,True,False,2026-05-03T21:12:10.044563,,-2.33,2.33,False,False,False,False,True
671,3,60,80,5.0,12,wet,sedan,65,15,sedan,False,True,True,급정지,일반구간,False,7.75,0,1.0,0,True,0.01,True,False,False,False,2026-05-03T21:12:12.754172,,-2.58,2.58,False,False,False,False,True
672,3,30,10,3.0,12,dry,suv,0,0,,False,False,False,급정지,딜레마구간,False,2.0,0,0.0,0,False,999.0,True,False,True,False,2026-05-03T21:12:15.125449,,-2.07,2.07,False,False,False,True,True
673,3,30,10,3.0,12,dry,suv,35,15,sedan,False,False,False,급정지,딜레마구간,False,1.55,0,0.0,0,False,8.83,True,False,True,False,2026-05-03T21:12:16.035376,,1.97,1.97,False,False,False,True,True
674,3,30,10,4.0,12,dry,suv,0,0,,True,False,False,진행,일반구간,False,3.25,0,29.9,0,False,999.0,False,False,True,False,2026-05-03T21:12:16.997022,,35.2,35.2,False,False,True,False,True
675,3,30,10,4.0,12,dry,suv,35,15,sedan,True,False,False,진행,일반구간,False,3.25,0,29.9,0,False,14.38,False,False,True,False,2026-05-03T21:12:18.393331,,44.12,44.12,False,False,True,False,True
676,3,30,10,5.0,12,dry,suv,0,0,,True,False,False,진행,일반구간,False,3.25,0,29.9,0,False,999.0,False,False,True,False,2026-05-03T21:12:19.977865,,35.2,35.2,False,False,True,False,True
677,3,30,10,5.0,12,dry,suv,35,15,sedan,True,False,False,진행,일반구간,False,3.25,0,29.9,0,False,14.38,False,False,True,False,2026-05-03T21:12:21.369296,,44.12,44.12,False,False,True,False,True
678,3,30,20,3.0,12,dry,suv,0,0,,False,True,False,급정지,일반구간,False,3.85,0,0.9,0,False,999.0,True,False,True,False,2026-05-03T21:12:22.954406,,-2.16,2.16,False,False,False,False,True
679,3,30,20,3.0,12,dry,suv,35,15,sedan,False,True,False,급정지,일반구간,False,2.05,0,0.0,0,False,10.68,True,False,True,False,2026-05-03T21:12:24.143946,,-2.06,2.06,False,False,False,False,True
680,3,30,20,4.0,12,dry,suv,0,0,,False,True,False,급정지,일반구간,False,3.85,0,0.9,0,False,999.0,True,False,True,False,2026-05-03T21:12:25.195672,,-2.16,2.16,False,False,False,False,True
681,3,30,20,4.0,12,dry,suv,35,15,sedan,False,True,False,급정지,일반구간,False,2.05,0,0.0,0,False,10.68,True,False,True,False,2026-05-03T21:12:26.352399,,-2.06,2.06,False,False,False,False,True
682,3,30,20,5.0,12,dry,suv,0,0,,True,True,False,진행,진행/정지선택구간,False,4.45,0,29.9,0,False,999.0,False,False,True,False,2026-05-03T21:12:27.385541,,35.15,35.15,False,False,True,False,True
683,3,30,20,5.0,12,dry,suv,35,15,sedan,True,True,False,진행,진행/정지선택구간,False,4.5,0,29.9,0,False,12.69,False,False,True,False,2026-05-03T21:12:28.989307,,44.07,44.07,False,False,True,False,True
684,3,30,30,3.0,12,dry,suv,0,0,,False,True,False,급정지,일반구간,False,5.0,0,0.1,0,False,999.0,True,False,True,False,2026-05-03T21:12:30.777040,,-2.31,2.31,False,False,False,False,True
685,3,30,30,3.0,12,dry,suv,35,15,sedan,False,True,False,급정지,일반구간,False,4.15,0,0.0,0,False,10.05,True,False,True,False,2026-05-03T21:12:32.117417,,-2.23,2.23,False,False,False,False,True
686,3,30,30,4.0,12,dry,suv,0,0,,False,True,False,급정지,일반구간,False,5.0,0,0.1,0,False,999.0,True,False,True,False,2026-05-03T21:12:33.512532,,-2.31,2.31,False,False,False,False,True
687,3,30,30,4.0,12,dry,suv,35,15,sedan,False,True,False,급정지,일반구간,False,4.15,0,0.0,0,False,10.05,True,False,True,False,2026-05-03T21:12:34.859191,,-2.23,2.23,False,False,False,False,True
688,3,30,30,5.0,12,dry,suv,0,0,,False,True,False,급정지,일반구간,False,5.0,0,0.1,0,False,999.0,True,False,True,False,2026-05-03T21:12:36.250353,,-2.31,2.31,False,False,False,False,True
689,3,30,30,5.0,12,dry,suv,35,15,sedan,False,True,False,급정지,일반구간,False,4.15,0,0.0,0,False,10.05,True,False,True,False,2026-05-03T21:12:37.588124,,-2.23,2.23,False,False,False,False,True
690,3,30,40,3.0,12,dry,suv,0,0,,False,True,False,급정지,일반구간,False,6.65,0,0.0,0,False,999.0,True,False,True,False,2026-05-03T21:12:38.984490,,-2.16,2.16,False,False,False,False,True
691,3,30,40,3.0,12,dry,suv,35,15,sedan,False,True,False,급정지,일반구간,False,5.1,0,0.7,0,False,15,True,False,True,False,2026-05-03T21:12:40.602414,,-2.45,2.45,False,False,False,False,True
692,3,30,40,4.0,12,dry,suv,0,0,,False,True,False,급정지,일반구간,False,6.65,0,0.0,0,False,999.0,True,False,True,False,2026-05-03T21:12:42.154340,,-2.16,2.16,False,False,False,False,True
693,3,30,40,4.0,12,dry,suv,35,15,sedan,False,True,False,급정지,일반구간,False,5.1,0,0.7,0,False,15,True,False,True,False,2026-05-03T21:12:43.772300,,-2.45,2.45,False,False,False,False,True
694,3,30,40,5.0,12,dry,suv,0,0,,False,True,False,급정지,일반구간,False,6.65,0,0.0,0,False,999.0,True,False,True,False,2026-05-03T21:12:45.310878,,-2.16,2.16,False,False,False,False,True
695,3,30,40,5.0,12,dry,suv,35,15,sedan,False,True,False,급정지,일반구간,False,5.1,0,0.7,0,False,15,True,False,True,False,2026-05-03T21:12:46.937234,,-2.45,2.45,False,False,False,False,True
696,3,30,50,3.0,12,dry,suv,0,0,,False,True,False,급정지,일반구간,False,7.95,0,0.7,0,False,999.0,True,False,True,False,2026-05-03T21:12:48.477113,,-2.17,2.17,False,False,False,False,True
697,3,30,50,3.0,12,dry,suv,35,15,sedan,False,True,False,급정지,일반구간,False,6.85,0,0.0,0,False,15,True,False,True,False,2026-05-03T21:12:50.318834,,-2.13,2.13,False,False,False,False,True
698,3,30,50,4.0,12,dry,suv,0,0,,False,True,False,급정지,일반구간,False,7.95,0,0.7,0,False,999.0,True,False,True,False,2026-05-03T21:12:52.149172,,-2.17,2.17,False,False,False,False,True
699,3,30,50,4.0,12,dry,suv,35,15,sedan,False,True,False,급정지,일반구간,False,6.85,0,0.0,0,False,15,True,False,True,False,2026-05-03T21:12:53.978874,,-2.13,2.13,False,False,False,False,True
700,3,30,50,5.0,12,dry,suv,0,0,,False,True,False,급정지,일반구간,False,7.95,0,0.7,0,False,999.0,True,False,True,False,2026-05-03T21:12:55.857257,,-2.17,2.17,False,False,False,False,True
701,3,30,50,5.0,12,dry,suv,35,15,sedan,False,True,False,급정지,일반구간,False,6.85,0,0.0,0,False,15,True,False,True,False,2026-05-03T21:12:57.699321,,-2.13,2.13,False,False,False,False,True
702,3,30,60,3.0,12,dry,suv,0,0,,False,True,False,급정지,일반구간,False,9.4,0,0.0,0,False,999.0,True,False,True,False,2026-05-03T21:12:59.554706,,-2.24,2.24,False,False,False,False,True
703,3,30,60,3.0,12,dry,suv,35,15,sedan,False,True,False,급정지,일반구간,False,8.05,0,0.2,0,False,15,True,False,True,False,2026-05-03T21:13:01.637812,,-2.26,2.26,False,False,False,False,True
704,3,30,60,4.0,12,dry,suv,0,0,,False,True,False,급정지,일반구간,False,9.4,0,0.0,0,False,999.0,True,False,True,False,2026-05-03T21:13:03.663442,,-2.24,2.24,False,False,False,False,True
705,3,30,60,4.0,12,dry,suv,35,15,sedan,False,True,False,급정지,일반구간,False,8.05,0,0.2,0,False,15,True,False,True,False,2026-05-03T21:13:05.732271,,-2.26,2.26,False,False,False,False,True
706,3,30,60,5.0,12,dry,suv,0,0,,False,True,False,급정지,일반구간,False,9.4,0,0.0,0,False,999.0,True,False,True,False,2026-05-03T21:13:07.759636,,-2.24,2.24,False,False,False,False,True
707,3,30,60,5.0,12,dry,suv,35,15,sedan,False,True,False,급정지,일반구간,False,8.05,0,0.2,0,False,15,True,False,True,False,2026-05-03T21:13:09.829336,,-2.26,2.26,False,False,False,False,True
708,3,30,70,3.0,12,dry,suv,0,0,,False,True,False,급정지,일반구간,False,10.75,0,0.6,0,False,999.0,True,False,True,False,2026-05-03T21:13:11.868321,,-2.27,2.27,False,False,False,False,True
709,3,30,70,3.0,12,dry,suv,35,15,sedan,False,True,False,급정지,일반구간,False,9.35,0,0.7,0,False,15,True,False,True,False,2026-05-03T21:13:14.160387,,-2.24,2.24,False,False,False,False,True
710,3,30,70,4.0,12,dry,suv,0,0,,False,True,False,급정지,일반구간,False,10.7,0,0.7,0,False,999.0,True,False,True,False,2026-05-03T21:13:16.413508,,-2.22,2.22,False,False,False,False,True
711,3,30,70,4.0,12,dry,suv,35,15,sedan,False,True,False,급정지,일반구간,False,9.4,0,0.6,0,False,15,True,False,True,False,2026-05-03T21:13:18.720999,,-2.22,2.22,False,False,False,False,True
712,3,30,70,5.0,12,dry,suv,0,0,,False,True,False,급정지,일반구간,False,10.7,0,0.7,0,False,999.0,True,False,True,False,2026-05-03T21:13:20.976474,,-2.22,2.22,False,False,False,False,True
713,3,30,70,5.0,12,dry,suv,35,15,sedan,False,True,False,급정지,일반구간,False,9.35,0,0.7,0,False,15,True,False,True,False,2026-05-03T21:13:23.274419,,-2.24,2.24,False,False,False,False,True
714,3,30,80,3.0,12,dry,suv,0,0,,False,True,False,급정지,일반구간,False,11.8,0,0.1,0,False,999.0,True,False,True,False,2026-05-03T21:13:25.524570,,-2.26,2.26,False,False,False,False,True
715,3,30,80,3.0,12,dry,suv,35,15,sedan,False,True,False,급정지,일반구간,False,10.9,0,0.0,0,False,15,True,False,True,False,2026-05-03T21:13:27.999370,,-2.2,2.2,False,False,False,False,True
716,3,30,80,4.0,12,dry,suv,0,0,,False,True,False,급정지,일반구간,False,11.8,0,0.1,0,False,999.0,True,False,True,False,2026-05-03T21:13:30.504660,,-2.26,2.26,False,False,False,False,True
717,3,30,80,4.0,12,dry,suv,35,15,sedan,False,True,False,급정지,일반구간,False,10.95,0,0.0,0,False,15,True,False,True,False,2026-05-03T21:13:32.973357,,-2.13,2.13,False,False,False,False,True
718,3,30,80,5.0,12,dry,suv,0,0,,False,True,False,급정지,일반구간,False,11.8,0,0.1,0,False,999.0,True,False,True,False,2026-05-03T21:13:35.485770,,-2.26,2.26,False,False,False,False,True
719,3,30,80,5.0,12,dry,suv,35,15,sedan,False,True,False,급정지,일반구간,False,10.9,0,0.0,0,False,15,True,False,True,False,2026-05-03T21:13:37.958862,,-2.2,2.2,False,False,False,False,True
720,3,35,10,3.0,12,dry,suv,0,0,,False,False,False,급정지,딜레마구간,False,1.6,0,0.0,0,False,999.0,True,False,True,False,2026-05-03T21:13:40.461489,,-2.02,2.02,False,False,False,True,True
721,3,35,10,3.0,12,dry,suv,40,15,sedan,False,False,False,급정지,딜레마구간,False,1.55,0,0.0,0,False,9.75,False,False,False,False,2026-05-03T21:13:41.241416,,5.27,5.27,True,False,False,True,False
722,3,35,10,4.0,12,dry,suv,0,0,,True,False,False,진행,일반구간,False,2.8,0,34.8,0,False,999.0,False,False,True,False,2026-05-03T21:13:42.202323,,37.8,37.8,False,False,True,False,True
723,3,35,10,4.0,12,dry,suv,40,15,sedan,True,False,False,진행,일반구간,False,2.8,0,34.7,0,False,15,False,False,True,False,2026-05-03T21:13:43.522513,,48.71,48.71,False,False,True,False,True
724,3,35,10,5.0,12,dry,suv,0,0,,True,False,False,진행,일반구간,False,2.8,0,34.8,0,False,999.0,False,False,True,False,2026-05-03T21:13:45.026316,,37.8,37.8,False,False,True,False,True
725,3,35,10,5.0,12,dry,suv,40,15,sedan,True,False,False,진행,일반구간,False,2.8,0,34.7,0,False,15,False,False,True,False,2026-05-03T21:13:46.339399,,48.71,48.71,False,False,True,False,True
726,3,35,20,3.0,12,dry,suv,0,0,,False,True,False,급정지,일반구간,False,3.85,0,0.6,0,False,999.0,True,False,True,False,2026-05-03T21:13:47.845787,,-2.24,2.24,False,False,False,False,True
727,3,35,20,3.0,12,dry,suv,40,15,sedan,False,True,False,급정지,일반구간,False,1.6,0,0.2,0,False,11.83,True,False,True,False,2026-05-03T21:13:49.001474,,-2.16,2.16,False,False,False,False,True
728,3,35,20,4.0,12,dry,suv,0,0,,False,True,False,급정지,일반구간,False,3.85,0,0.6,0,False,999.0,True,False,True,False,2026-05-03T21:13:49.967174,,-2.24,2.24,False,False,False,False,True
729,3,35,20,4.0,12,dry,suv,40,15,sedan,False,True,False,급정지,일반구간,False,1.6,0,0.2,0,False,11.83,True,False,True,False,2026-05-03T21:13:51.128241,,-2.16,2.16,False,False,False,False,True
730,3,35,20,5.0,12,dry,suv,0,0,,True,True,False,진행,진행/정지선택구간,False,3.85,0,34.7,0,False,999.0,False,False,True,False,2026-05-03T21:13:52.091327,,37.93,37.93,False,False,True,False,True
731,3,35,20,5.0,12,dry,suv,40,15,sedan,True,True,False,진행,진행/정지선택구간,False,3.85,0,34.7,0,False,15,False,False,True,False,2026-05-03T21:13:53.580933,,48.37,48.37,False,False,True,False,True
732,3,35,30,3.0,12,dry,suv,0,0,,False,True,False,급정지,일반구간,False,4.9,0,0.6,0,False,999.0,True,False,True,False,2026-05-03T21:13:55.264410,,-2.28,2.28,False,False,False,False,True
733,3,35,30,3.0,12,dry,suv,40,15,sedan,False,True,False,급정지,일반구간,False,3.65,0,0.9,0,False,5.25,True,False,True,False,2026-05-03T21:13:56.608229,,-2.27,2.27,False,False,False,False,True
734,3,35,30,4.0,12,dry,suv,0,0,,False,True,False,급정지,일반구간,False,4.9,0,0.6,0,False,999.0,True,False,True,False,2026-05-03T21:13:57.923537,,-2.28,2.28,False,False,False,False,True
735,3,35,30,4.0,12,dry,suv,40,15,sedan,False,True,False,급정지,일반구간,False,3.65,0,0.9,0,False,5.25,True,False,True,False,2026-05-03T21:13:59.252171,,-2.27,2.27,False,False,False,False,True
736,3,35,30,5.0,12,dry,suv,0,0,,False,True,False,급정지,일반구간,False,4.9,0,0.6,0,False,999.0,True,False,True,False,2026-05-03T21:14:00.563950,,-2.28,2.28,False,False,False,False,True
737,3,35,30,5.0,12,dry,suv,40,15,sedan,False,True,False,급정지,일반구간,False,3.65,0,0.9,0,False,5.25,True,False,True,False,2026-05-03T21:14:01.903324,,-2.27,2.27,False,False,False,False,True
738,3,35,40,3.0,12,dry,suv,0,0,,False,True,False,급정지,일반구간,False,6.3,0,1.0,0,False,999.0,True,False,True,False,2026-05-03T21:14:03.209037,,-2.24,2.24,False,False,False,False,True
739,3,35,40,3.0,12,dry,suv,40,15,sedan,False,True,False,급정지,일반구간,False,5.15,0,0.9,0,False,8.29,True,False,True,False,2026-05-03T21:14:04.767660,,-2.11,2.11,False,False,False,False,True
740,3,35,40,4.0,12,dry,suv,0,0,,False,True,False,급정지,일반구간,False,6.5,0,0.0,0,False,999.0,True,False,True,False,2026-05-03T21:14:06.328520,,-2.15,2.15,False,False,False,False,True
741,3,35,40,4.0,12,dry,suv,40,15,sedan,False,True,False,급정지,일반구간,False,5.15,0,0.9,0,False,8.29,True,False,True,False,2026-05-03T21:14:07.925339,,-2.11,2.11,False,False,False,False,True
742,3,35,40,5.0,12,dry,suv,0,0,,False,True,False,급정지,일반구간,False,6.3,0,1.0,0,False,999.0,True,False,True,False,2026-05-03T21:14:09.484492,,-2.24,2.24,False,False,False,False,True
743,3,35,40,5.0,12,dry,suv,40,15,sedan,False,True,False,급정지,일반구간,False,5.15,0,0.9,0,False,8.29,True,False,True,False,2026-05-03T21:14:11.049412,,-2.11,2.11,False,False,False,False,True
744,3,35,50,3.0,12,dry,suv,0,0,,False,True,False,급정지,일반구간,False,7.7,0,0.0,0,False,999.0,True,False,True,False,2026-05-03T21:14:12.605405,,-2.12,2.12,False,False,False,False,True
745,3,35,50,3.0,12,dry,suv,40,15,sedan,False,True,False,급정지,일반구간,False,6.2,0,0.0,0,False,15,True,False,True,False,2026-05-03T21:14:14.402734,,-2.11,2.11,False,False,False,False,True
746,3,35,50,4.0,12,dry,suv,0,0,,False,True,False,급정지,일반구간,False,7.7,0,0.0,0,False,999.0,True,False,True,False,2026-05-03T21:14:16.127161,,-2.12,2.12,False,False,False,False,True
747,3,35,50,4.0,12,dry,suv,40,15,sedan,False,True,False,급정지,일반구간,False,6.2,0,0.0,0,False,15,True,False,True,False,2026-05-03T21:14:17.929477,,-2.11,2.11,False,False,False,False,True
748,3,35,50,5.0,12,dry,suv,0,0,,False,True,False,급정지,일반구간,False,7.7,0,0.0,0,False,999.0,True,False,True,False,2026-05-03T21:14:19.655227,,-2.12,2.12,False,False,False,False,True
749,3,35,50,5.0,12,dry,suv,40,15,sedan,False,True,False,급정지,일반구간,False,6.2,0,0.0,0,False,15,True,False,True,False,2026-05-03T21:14:21.451356,,-2.11,2.11,False,False,False,False,True
750,3,35,60,3.0,12,dry,suv,0,0,,False,True,False,급정지,일반구간,False,8.6,0,0.7,0,False,999.0,True,False,True,False,2026-05-03T21:14:23.224536,,-2.21,2.21,False,False,False,False,True
751,3,35,60,3.0,12,dry,suv,40,15,sedan,False,True,False,급정지,일반구간,False,7.25,0,0.7,0,False,15,True,False,True,False,2026-05-03T21:14:25.169508,,-2.23,2.23,False,False,False,False,True
752,3,35,60,4.0,12,dry,suv,0,0,,False,True,False,급정지,일반구간,False,8.6,0,0.8,0,False,999.0,True,False,True,False,2026-05-03T21:14:27.065256,,-2.28,2.28,False,False,False,False,True
753,3,35,60,4.0,12,dry,suv,40,15,sedan,False,True,False,급정지,일반구간,False,7.25,0,0.7,0,False,15,True,False,True,False,2026-05-03T21:14:29.014658,,-2.23,2.23,False,False,False,False,True
754,3,35,60,5.0,12,dry,suv,0,0,,False,True,False,급정지,일반구간,False,8.6,0,0.7,0,False,999.0,True,False,True,False,2026-05-03T21:14:30.917365,,-2.21,2.21,False,False,False,False,True
755,3,35,60,5.0,12,dry,suv,40,15,sedan,False,True,False,급정지,일반구간,False,7.25,0,0.7,0,False,15,True,False,True,False,2026-05-03T21:14:32.855668,,-2.23,2.23,False,False,False,False,True
756,3,35,70,3.0,12,dry,suv,0,0,,False,True,False,급정지,일반구간,False,9.65,0,0.0,0,False,999.0,True,False,True,False,2026-05-03T21:14:34.756316,,-2.14,2.14,False,False,False,False,True
757,3,35,70,3.0,12,dry,suv,40,15,sedan,False,True,False,급정지,일반구간,False,8.65,0,0.0,0,False,15,True,False,True,False,2026-05-03T21:14:36.875517,,-2.14,2.14,False,False,False,False,True
758,3,35,70,4.0,12,dry,suv,0,0,,False,True,False,급정지,일반구간,False,9.6,0,0.8,0,False,999.0,True,False,True,False,2026-05-03T21:14:39.009415,,-2.3,2.3,False,False,False,False,True
759,3,35,70,4.0,12,dry,suv,40,15,sedan,False,True,False,급정지,일반구간,False,8.55,0,0.6,0,False,15,True,False,True,False,2026-05-03T21:14:41.120636,,-2.26,2.26,False,False,False,False,True
760,3,35,70,5.0,12,dry,suv,0,0,,False,True,False,급정지,일반구간,False,9.6,0,0.8,0,False,999.0,True,False,True,False,2026-05-03T21:14:43.240100,,-2.3,2.3,False,False,False,False,True
761,3,35,70,5.0,12,dry,suv,40,15,sedan,False,True,False,급정지,일반구간,False,8.55,0,0.6,0,False,15,True,False,True,False,2026-05-03T21:14:45.348539,,-2.26,2.26,False,False,False,False,True
762,3,35,80,3.0,12,dry,suv,0,0,,False,True,False,급정지,일반구간,False,10.85,0,0.6,0,False,999.0,True,False,True,False,2026-05-03T21:14:47.482498,,-2.24,2.24,False,False,False,False,True
763,3,35,80,3.0,12,dry,suv,40,15,sedan,False,True,False,급정지,일반구간,False,9.25,0,0.7,0,False,15,True,False,True,False,2026-05-03T21:14:49.803476,,-2.46,2.46,False,False,False,False,True
764,3,35,80,4.0,12,dry,suv,0,0,,False,True,False,급정지,일반구간,False,10.5,0,1.0,0,False,999.0,True,False,True,False,2026-05-03T21:14:52.027233,,-2.5,2.5,False,False,False,False,True
765,3,35,80,4.0,12,dry,suv,40,15,sedan,False,True,False,급정지,일반구간,False,9.25,0,0.7,0,False,15,True,False,True,False,2026-05-03T21:14:54.287182,,-2.46,2.46,False,False,False,False,True
766,3,35,80,5.0,12,dry,suv,0,0,,False,True,False,급정지,일반구간,False,10.85,0,0.6,0,False,999.0,True,False,True,False,2026-05-03T21:14:56.538120,,-2.24,2.24,False,False,False,False,True
767,3,35,80,5.0,12,dry,suv,40,15,sedan,False,True,False,급정지,일반구간,False,9.25,0,0.7,0,False,15,True,False,True,False,2026-05-03T21:14:58.882673,,-2.46,2.46,False,False,False,False,True
768,3,40,10,3.0,12,dry,suv,0,0,,True,False,False,진행,일반구간,False,2.45,0,39.7,0,False,999.0,False,False,True,False,2026-05-03T21:15:01.123620,,41.21,41.21,False,False,True,False,True
769,3,40,10,3.0,12,dry,suv,45,15,sedan,True,False,True,진행,일반구간,False,2.45,0,39.7,0,False,15,False,False,True,False,2026-05-03T21:15:02.390356,,53.14,53.14,False,False,True,False,True
770,3,40,10,4.0,12,dry,suv,0,0,,True,False,False,진행,일반구간,False,2.45,0,39.7,0,False,999.0,False,False,True,False,2026-05-03T21:15:03.837183,,41.21,41.21,False,False,True,False,True
771,3,40,10,4.0,12,dry,suv,45,15,sedan,True,False,True,진행,일반구간,False,2.45,0,39.7,0,False,15,False,False,True,False,2026-05-03T21:15:05.100839,,53.14,53.14,False,False,True,False,True
772,3,40,10,5.0,12,dry,suv,0,0,,True,False,False,진행,일반구간,False,2.45,0,39.7,0,False,999.0,False,False,True,False,2026-05-03T21:15:06.564558,,41.21,41.21,False,False,True,False,True
773,3,40,10,5.0,12,dry,suv,45,15,sedan,True,False,True,진행,일반구간,False,2.45,0,39.7,0,False,15,False,False,True,False,2026-05-03T21:15:07.832703,,53.14,53.14,False,False,True,False,True
774,3,40,20,3.0,12,dry,suv,0,0,,False,False,False,급정지,딜레마구간,False,3.2,0,0.1,0,False,999.0,True,False,True,False,2026-05-03T21:15:09.289380,,-2.26,2.26,False,False,False,True,True
775,3,40,20,3.0,12,dry,suv,45,15,sedan,False,False,True,급정지,딜레마구간,False,1.55,0,0.0,0,False,12.76,True,False,True,False,2026-05-03T21:15:10.338924,,0.71,0.71,False,False,False,True,True
776,3,40,20,4.0,12,dry,suv,0,0,,True,False,False,진행,일반구간,False,3.4,0,39.7,0,False,999.0,False,False,True,False,2026-05-03T21:15:11.299460,,41.12,41.12,False,False,True,False,True
777,3,40,20,4.0,12,dry,suv,45,15,sedan,True,False,True,진행,일반구간,False,3.4,0,39.7,0,False,15,False,False,True,False,2026-05-03T21:15:12.719530,,53.05,53.05,False,False,True,False,True
778,3,40,20,5.0,12,dry,suv,0,0,,True,False,False,진행,일반구간,False,3.4,0,39.7,0,False,999.0,False,False,True,False,2026-05-03T21:15:14.315117,,41.12,41.12,False,False,True,False,True
779,3,40,20,5.0,12,dry,suv,45,15,sedan,True,False,True,진행,일반구간,False,3.4,0,39.7,0,False,15,False,False,True,False,2026-05-03T21:15:15.723956,,53.05,53.05,False,False,True,False,True
780,3,40,30,3.0,12,dry,suv,0,0,,False,True,False,급정지,일반구간,False,5.05,0,0.0,0,False,999.0,True,False,True,False,2026-05-03T21:15:17.322463,,-2.14,2.14,False,False,False,False,True
781,3,40,30,3.0,12,dry,suv,45,15,sedan,False,True,True,급정지,일반구간,False,3.15,0,0.0,0,False,4.08,True,False,True,False,2026-05-03T21:15:18.668315,,-2.1,2.1,False,False,False,False,True
782,3,40,30,4.0,12,dry,suv,0,0,,False,True,False,급정지,일반구간,False,5.05,0,0.0,0,False,999.0,True,False,True,False,2026-05-03T21:15:19.883586,,-2.14,2.14,False,False,False,False,True
783,3,40,30,4.0,12,dry,suv,45,15,sedan,False,True,True,급정지,일반구간,False,2.9,0,0.1,0,False,6.2,True,False,True,False,2026-05-03T21:15:21.235632,,-2.15,2.15,False,False,False,False,True
784,3,40,30,5.0,12,dry,suv,0,0,,True,True,False,진행,진행/정지선택구간,False,4.3,0,39.7,0,False,999.0,False,False,True,False,2026-05-03T21:15:22.419882,,41.03,41.03,False,False,True,False,True
785,3,40,30,5.0,12,dry,suv,45,15,sedan,True,True,True,진행,진행/정지선택구간,False,4.3,0,39.7,0,False,15,False,False,True,False,2026-05-03T21:15:23.977601,,52.96,52.96,False,False,True,False,True
786,3,40,40,3.0,12,dry,suv,0,0,,False,True,False,급정지,일반구간,False,6.0,0,0.1,0,False,999.0,True,False,True,False,2026-05-03T21:15:25.720280,,-2.18,2.18,False,False,False,False,True
787,3,40,40,3.0,12,dry,suv,45,15,sedan,False,True,True,감속,일반구간,False,4.1,0,0.0,0,False,7.21,True,False,True,False,2026-05-03T21:15:27.242622,,-1.81,1.81,False,False,False,False,True
788,3,40,40,4.0,12,dry,suv,0,0,,False,True,False,급정지,일반구간,False,6.0,0,0.1,0,False,999.0,True,False,True,False,2026-05-03T21:15:28.619149,,-2.18,2.18,False,False,False,False,True
789,3,40,40,4.0,12,dry,suv,45,15,sedan,False,True,True,감속,일반구간,False,4.1,0,0.0,0,False,7.21,True,False,True,False,2026-05-03T21:15:30.129353,,-1.81,1.81,False,False,False,False,True
790,3,40,40,5.0,12,dry,suv,0,0,,False,True,False,급정지,일반구간,False,6.0,0,0.1,0,False,999.0,True,False,True,False,2026-05-03T21:15:31.512500,,-2.18,2.18,False,False,False,False,True
791,3,40,40,5.0,12,dry,suv,45,15,sedan,False,True,True,감속,일반구간,False,4.1,0,0.0,0,False,7.21,True,False,True,False,2026-05-03T21:15:33.017420,,-1.81,1.81,False,False,False,False,True
792,3,40,50,3.0,12,dry,suv,0,0,,False,True,False,급정지,일반구간,False,6.95,0,0.7,0,False,999.0,True,False,True,False,2026-05-03T21:15:34.387613,,-2.27,2.27,False,False,False,False,True
793,3,40,50,3.0,12,dry,suv,45,15,sedan,False,True,True,감속,일반구간,False,5.0,0,0.6,0,False,12.05,True,False,True,False,2026-05-03T21:15:36.055485,,-1.74,1.74,False,False,False,False,True
794,3,40,50,4.0,12,dry,suv,0,0,,False,True,False,급정지,일반구간,False,6.95,0,0.7,0,False,999.0,True,False,True,False,2026-05-03T21:15:37.577197,,-2.27,2.27,False,False,False,False,True
795,3,40,50,4.0,12,dry,suv,45,15,sedan,False,True,True,감속,일반구간,False,5.0,0,0.6,0,False,12.05,True,False,True,False,2026-05-03T21:15:39.252548,,-1.74,1.74,False,False,False,False,True
796,3,40,50,5.0,12,dry,suv,0,0,,False,True,False,급정지,일반구간,False,6.95,0,0.7,0,False,999.0,True,False,True,False,2026-05-03T21:15:40.773729,,-2.27,2.27,False,False,False,False,True
797,3,40,50,5.0,12,dry,suv,45,15,sedan,False,True,True,감속,일반구간,False,5.0,0,0.6,0,False,12.05,True,False,True,False,2026-05-03T21:15:42.451898,,-1.74,1.74,False,False,False,False,True
798,3,40,60,3.0,12,dry,suv,0,0,,False,True,False,급정지,일반구간,False,8.05,0,0.7,0,False,999.0,True,False,True,False,2026-05-03T21:15:43.973475,,-2.26,2.26,False,False,False,False,True
799,3,40,60,3.0,12,dry,suv,45,15,sedan,False,True,True,감속,일반구간,False,5.95,0,1.0,0,False,15,True,False,True,False,2026-05-03T21:15:45.830384,,-1.73,1.73,False,False,False,False,True
800,3,40,60,4.0,12,dry,suv,0,0,,False,True,False,급정지,일반구간,False,8.05,0,0.7,0,False,999.0,True,False,True,False,2026-05-03T21:15:47.568571,,-2.26,2.26,False,False,False,False,True
801,3,40,60,4.0,12,dry,suv,45,15,sedan,False,True,True,감속,일반구간,False,6.0,0,0.0,0,False,15,True,False,True,False,2026-05-03T21:15:49.414552,,-1.79,1.79,False,False,False,False,True
802,3,40,60,5.0,12,dry,suv,0,0,,False,True,False,급정지,일반구간,False,7.95,0,0.1,0,False,999.0,True,False,True,False,2026-05-03T21:15:51.107243,,-2.18,2.18,False,False,False,False,True
803,3,40,60,5.0,12,dry,suv,45,15,sedan,False,True,True,감속,일반구간,False,5.95,0,1.0,0,False,15,True,False,True,False,2026-05-03T21:15:52.935145,,-1.73,1.73,False,False,False,False,True
804,3,40,70,3.0,12,dry,suv,0,0,,False,True,False,급정지,일반구간,False,8.95,0,0.7,0,False,999.0,True,False,True,False,2026-05-03T21:15:54.625699,,-2.18,2.18,False,False,False,False,True
805,3,40,70,3.0,12,dry,suv,45,15,sedan,False,True,True,감속,일반구간,False,7.05,0,0.9,0,False,15,True,False,True,False,2026-05-03T21:15:56.619452,,-1.73,1.73,False,False,False,False,True
806,3,40,70,4.0,12,dry,suv,0,0,,False,True,False,급정지,일반구간,False,8.95,0,0.7,0,False,999.0,True,False,True,False,2026-05-03T21:15:58.490526,,-2.18,2.18,False,False,False,False,True
807,3,40,70,4.0,12,dry,suv,45,15,sedan,False,True,True,감속,일반구간,False,7.05,0,0.9,0,False,15,True,False,True,False,2026-05-03T21:16:00.487428,,-1.73,1.73,False,False,False,False,True
808,3,40,70,5.0,12,dry,suv,0,0,,False,True,False,급정지,일반구간,False,8.95,0,0.1,0,False,999.0,True,False,True,False,2026-05-03T21:16:02.353646,,-2.18,2.18,False,False,False,False,True
809,3,40,70,5.0,12,dry,suv,45,15,sedan,False,True,True,감속,일반구간,False,7.05,0,1.0,0,False,15,True,False,True,False,2026-05-03T21:16:04.346051,,-1.72,1.72,False,False,False,False,True
810,3,40,80,3.0,12,dry,suv,0,0,,False,True,False,급정지,일반구간,False,10.2,0,0.0,0,False,999.0,True,False,True,False,2026-05-03T21:16:06.215597,,-2.04,2.04,False,False,False,False,True
811,3,40,80,3.0,12,dry,suv,45,15,sedan,False,True,True,감속,일반구간,False,8.0,0,1.0,0,False,15,True,False,True,False,2026-05-03T21:16:08.415677,,-1.76,1.76,False,False,False,False,True
812,3,40,80,4.0,12,dry,suv,0,0,,False,True,False,급정지,일반구간,False,10.2,0,0.0,0,False,999.0,True,False,True,False,2026-05-03T21:16:10.440660,,-2.04,2.04,False,False,False,False,True
813,3,40,80,4.0,12,dry,suv,45,15,sedan,False,True,True,감속,일반구간,False,8.05,0,0.0,0,False,15,True,False,True,False,2026-05-03T21:16:12.641515,,-1.76,1.76,False,False,False,False,True
814,3,40,80,5.0,12,dry,suv,0,0,,False,True,False,급정지,일반구간,False,10.2,0,0.0,0,False,999.0,True,False,True,False,2026-05-03T21:16:14.668361,,-2.04,2.04,False,False,False,False,True
815,3,40,80,5.0,12,dry,suv,45,15,sedan,False,True,True,감속,일반구간,False,8.05,0,0.0,0,False,15,True,False,True,False,2026-05-03T21:16:16.871080,,-1.76,1.76,False,False,False,False,True
816,3,45,10,3.0,12,dry,suv,0,0,,True,False,False,진행,일반구간,False,2.2,0,44.5,0,False,999.0,False,False,True,False,2026-05-03T21:16:18.902512,,43.8,43.8,False,False,True,False,True
817,3,45,10,3.0,12,dry,suv,50,15,sedan,True,False,True,진행,일반구간,False,2.2,0,44.5,0,False,15,False,False,True,False,2026-05-03T21:16:20.117263,,57.84,57.84,False,False,True,False,True
818,3,45,10,4.0,12,dry,suv,0,0,,True,False,False,진행,일반구간,False,2.2,0,44.5,0,False,999.0,False,False,True,False,2026-05-03T21:16:21.522939,,43.8,43.8,False,False,True,False,True
819,3,45,10,4.0,12,dry,suv,50,15,sedan,True,False,True,진행,일반구간,False,2.2,0,44.5,0,False,15,False,False,True,False,2026-05-03T21:16:22.744731,,57.84,57.84,False,False,True,False,True
820,3,45,10,5.0,12,dry,suv,0,0,,True,False,False,진행,일반구간,False,2.2,0,44.5,0,False,999.0,False,False,True,False,2026-05-03T21:16:24.161571,,43.79,43.79,False,False,True,False,True
821,3,45,10,5.0,12,dry,suv,50,15,sedan,True,False,True,진행,일반구간,False,2.2,0,44.5,0,False,15,False,False,True,False,2026-05-03T21:16:25.366571,,57.84,57.84,False,False,True,False,True
822,3,45,20,3.0,12,dry,suv,0,0,,False,False,False,급정지,딜레마구간,False,3.05,0,0.0,0,False,999.0,True,False,True,False,2026-05-03T21:16:26.778595,,-2.07,2.07,False,False,False,True,True
823,3,45,20,3.0,12,dry,suv,50,15,sedan,False,False,True,급정지,딜레마구간,False,1.55,0,0.0,0,False,12.73,True,False,True,False,2026-05-03T21:16:27.797296,,3.09,3.09,True,False,False,True,True
824,3,45,20,4.0,12,dry,suv,0,0,,True,False,False,진행,일반구간,False,3.0,0,44.5,0,False,999.0,False,False,True,False,2026-05-03T21:16:28.741551,,44.31,44.31,False,False,True,False,True
825,3,45,20,4.0,12,dry,suv,50,15,sedan,True,False,True,진행,일반구간,False,3.0,0,44.5,0,False,15,False,False,True,False,2026-05-03T21:16:30.095840,,57.73,57.73,False,False,True,False,True
826,3,45,20,5.0,12,dry,suv,0,0,,True,False,False,진행,일반구간,False,3.0,0,44.5,0,False,999.0,False,False,True,False,2026-05-03T21:16:31.636497,,44.31,44.31,False,False,True,False,True
827,3,45,20,5.0,12,dry,suv,50,15,sedan,True,False,True,진행,일반구간,False,3.0,0,44.5,0,False,15,False,False,True,False,2026-05-03T21:16:32.993560,,57.73,57.73,False,False,True,False,True
828,3,45,30,3.0,12,dry,suv,0,0,,False,True,False,급정지,일반구간,False,4.95,0,0.7,0,False,999.0,True,False,True,False,2026-05-03T21:16:34.540558,,-2.26,2.26,False,False,False,False,True
829,3,45,30,3.0,12,dry,suv,50,15,sedan,False,True,True,급정지,일반구간,False,2.55,0,0.0,0,False,5.74,True,False,True,False,2026-05-03T21:16:35.877621,,-2.06,2.06,False,False,False,False,True
830,3,45,30,4.0,12,dry,suv,0,0,,False,True,False,급정지,일반구간,False,4.95,0,0.7,0,False,999.0,True,False,True,False,2026-05-03T21:16:36.994042,,-2.26,2.26,False,False,False,False,True
831,3,45,30,4.0,12,dry,suv,50,15,sedan,False,True,True,급정지,일반구간,False,2.55,0,0.0,0,False,5.74,True,False,True,False,2026-05-03T21:16:38.335681,,-2.06,2.06,False,False,False,False,True
832,3,45,30,5.0,12,dry,suv,0,0,,True,True,False,진행,진행/정지선택구간,False,3.8,0,44.5,0,False,999.0,False,False,True,False,2026-05-03T21:16:39.462591,,44.21,44.21,False,False,True,False,True
833,3,45,30,5.0,12,dry,suv,50,15,sedan,True,True,True,진행,진행/정지선택구간,False,3.8,0,44.5,0,False,15,False,False,True,False,2026-05-03T21:16:40.938408,,57.63,57.63,False,False,True,False,True
834,3,45,40,3.0,12,dry,suv,0,0,,False,True,False,급정지,일반구간,False,6.05,0,0.7,0,False,999.0,True,False,True,False,2026-05-03T21:16:42.612627,,-2.24,2.24,False,False,False,False,True
835,3,45,40,3.0,12,dry,suv,50,15,sedan,False,True,True,급정지,일반구간,False,4.8,0,0.8,0,True,-0.02,True,False,False,False,2026-05-03T21:16:44.132514,,-0.33,0.33,False,False,False,False,True
836,3,45,40,4.0,12,dry,suv,0,0,,False,True,False,급정지,일반구간,False,6.05,0,0.7,0,False,999.0,True,False,True,False,2026-05-03T21:16:45.628547,,-2.24,2.24,False,False,False,False,True
837,3,45,40,4.0,12,dry,suv,50,15,sedan,False,True,True,급정지,일반구간,False,4.8,0,0.8,0,True,-0.02,True,False,False,False,2026-05-03T21:16:47.144446,,-0.33,0.33,False,False,False,False,True
838,3,45,40,5.0,12,dry,suv,0,0,,False,True,False,급정지,일반구간,False,6.05,0,0.7,0,False,999.0,True,False,True,False,2026-05-03T21:16:48.640428,,-2.24,2.24,False,False,False,False,True
839,3,45,40,5.0,12,dry,suv,50,15,sedan,False,True,True,급정지,일반구간,False,4.8,0,0.8,0,True,-0.02,True,False,False,False,2026-05-03T21:16:50.151483,,-0.33,0.33,False,False,False,False,True
840,3,45,50,3.0,12,dry,suv,0,0,,False,True,False,급정지,일반구간,False,6.95,0,0.7,0,False,999.0,True,False,True,False,2026-05-03T21:16:51.644678,,-2.03,2.03,False,False,False,False,True
841,3,45,50,3.0,12,dry,suv,50,15,sedan,False,True,True,감속,일반구간,False,4.8,0,0.7,0,False,6.28,True,False,True,False,2026-05-03T21:16:53.319746,,-1.73,1.73,False,False,False,False,True
842,3,45,50,4.0,12,dry,suv,0,0,,False,True,False,급정지,일반구간,False,6.9,0,0.6,0,False,999.0,True,False,True,False,2026-05-03T21:16:54.813815,,-2.25,2.25,False,False,False,False,True
843,3,45,50,4.0,12,dry,suv,50,15,sedan,False,True,True,감속,일반구간,False,4.75,0,0.0,0,False,6.57,True,False,True,False,2026-05-03T21:16:56.480913,,-1.77,1.77,False,False,False,False,True
844,3,45,50,5.0,12,dry,suv,0,0,,False,True,False,급정지,일반구간,False,6.9,0,0.6,0,False,999.0,True,False,True,False,2026-05-03T21:16:57.973191,,-2.25,2.25,False,False,False,False,True
845,3,45,50,5.0,12,dry,suv,50,15,sedan,False,True,True,감속,일반구간,False,4.8,0,0.7,0,False,6.28,True,False,True,False,2026-05-03T21:16:59.633622,,-1.73,1.73,False,False,False,False,True
846,3,45,60,3.0,12,dry,suv,0,0,,False,True,False,급정지,일반구간,False,7.4,0,0.8,0,False,999.0,True,False,True,False,2026-05-03T21:17:01.127890,,-2.37,2.37,False,False,False,False,True
847,3,45,60,3.0,12,dry,suv,50,15,sedan,False,True,True,감속,일반구간,False,5.6,0,0.0,0,False,11.45,True,False,True,False,2026-05-03T21:17:02.874969,,-1.81,1.81,False,False,False,False,True
848,3,45,60,4.0,12,dry,suv,0,0,,False,True,False,급정지,일반구간,False,7.75,0,0.6,0,False,999.0,True,False,True,False,2026-05-03T21:17:04.504164,,-2.28,2.28,False,False,False,False,True
849,3,45,60,4.0,12,dry,suv,50,15,sedan,False,True,True,감속,일반구간,False,5.6,0,1.0,0,False,11.52,True,False,True,False,2026-05-03T21:17:06.322659,,-1.73,1.73,False,False,False,False,True
850,3,45,60,5.0,12,dry,suv,0,0,,False,True,False,급정지,일반구간,False,7.4,0,0.8,0,False,999.0,True,False,True,False,2026-05-03T21:17:08.010433,,-2.37,2.37,False,False,False,False,True
851,3,45,60,5.0,12,dry,suv,50,15,sedan,False,True,True,감속,일반구간,False,5.6,0,0.0,0,False,11.45,True,False,True,False,2026-05-03T21:17:09.747284,,-1.81,1.81,False,False,False,False,True
852,3,45,70,3.0,12,dry,suv,0,0,,False,True,False,급정지,일반구간,False,8.55,0,0.1,0,False,999.0,True,False,True,False,2026-05-03T21:17:11.376723,,-2.2,2.2,False,False,False,False,True
853,3,45,70,3.0,12,dry,suv,50,15,sedan,False,True,True,감속,일반구간,False,6.55,0,0.0,0,False,15,True,False,True,False,2026-05-03T21:17:13.324144,,-1.7,1.7,False,False,False,False,True
854,3,45,70,4.0,12,dry,suv,0,0,,False,True,False,급정지,일반구간,False,8.55,0,0.1,0,False,999.0,True,False,True,False,2026-05-03T21:17:15.109045,,-2.2,2.2,False,False,False,False,True
855,3,45,70,4.0,12,dry,suv,50,15,sedan,False,True,True,감속,일반구간,False,6.55,0,0.0,0,False,15,True,False,True,False,2026-05-03T21:17:17.047461,,-1.7,1.7,False,False,False,False,True
856,3,45,70,5.0,12,dry,suv,0,0,,False,True,False,급정지,일반구간,False,8.55,0,0.1,0,False,999.0,True,False,True,False,2026-05-03T21:17:18.831126,,-2.2,2.2,False,False,False,False,True
857,3,45,70,5.0,12,dry,suv,50,15,sedan,False,True,True,감속,일반구간,False,6.55,0,0.0,0,False,15,True,False,True,False,2026-05-03T21:17:20.765693,,-1.7,1.7,False,False,False,False,True
858,3,45,80,3.0,12,dry,suv,0,0,,False,True,False,급정지,일반구간,False,9.2,0,0.9,0,False,999.0,True,False,True,False,2026-05-03T21:17:22.542485,,-2.43,2.43,False,False,False,False,True
859,3,45,80,3.0,12,dry,suv,50,15,sedan,False,True,True,감속,일반구간,False,7.4,0,0.1,0,False,15,True,False,True,False,2026-05-03T21:17:24.584687,,-1.78,1.78,False,False,False,False,True
860,3,45,80,4.0,12,dry,suv,0,0,,False,True,False,급정지,일반구간,False,9.2,0,0.9,0,False,999.0,True,False,True,False,2026-05-03T21:17:26.507532,,-2.43,2.43,False,False,False,False,True
861,3,45,80,4.0,12,dry,suv,50,15,sedan,False,True,True,감속,일반구간,False,7.4,0,0.1,0,False,15,True,False,True,False,2026-05-03T21:17:28.548427,,-1.78,1.78,False,False,False,False,True
862,3,45,80,5.0,12,dry,suv,0,0,,False,True,False,급정지,일반구간,False,9.2,0,0.9,0,False,999.0,True,False,True,False,2026-05-03T21:17:30.471767,,-2.43,2.43,False,False,False,False,True
863,3,45,80,5.0,12,dry,suv,50,15,sedan,False,True,True,감속,일반구간,False,7.4,0,0.7,0,False,15,True,False,True,False,2026-05-03T21:17:32.515909,,-1.72,1.72,False,False,False,False,True
864,3,50,10,3.0,12,dry,suv,0,0,,True,False,False,진행,일반구간,False,2.0,0,49.4,0,False,999.0,False,False,True,False,2026-05-03T21:17:34.433513,,46.94,46.94,False,False,True,False,True
865,3,50,10,3.0,12,dry,suv,55,15,sedan,True,False,True,진행,일반구간,False,2.0,0,49.4,0,False,15,False,False,True,False,2026-05-03T21:17:35.608868,,61.85,61.85,False,False,True,False,True
866,3,50,10,4.0,12,dry,suv,0,0,,True,False,False,진행,일반구간,False,2.0,0,49.4,0,False,999.0,False,False,True,False,2026-05-03T21:17:36.978423,,46.94,46.94,False,False,True,False,True
867,3,50,10,4.0,12,dry,suv,55,15,sedan,True,False,True,진행,일반구간,False,2.0,0,49.4,0,False,15,False,False,True,False,2026-05-03T21:17:38.160524,,61.85,61.85,False,False,True,False,True
868,3,50,10,5.0,12,dry,suv,0,0,,True,False,False,진행,일반구간,False,2.0,0,49.4,0,False,999.0,False,False,True,False,2026-05-03T21:17:39.519574,,46.94,46.94,False,False,True,False,True
869,3,50,10,5.0,12,dry,suv,55,15,sedan,True,False,True,진행,일반구간,False,2.0,0,49.4,0,False,15,False,False,True,False,2026-05-03T21:17:40.704436,,61.85,61.85,False,False,True,False,True
870,3,50,20,3.0,12,dry,suv,0,0,,False,False,False,급정지,딜레마구간,False,2.65,0,0.7,0,False,999.0,True,False,True,False,2026-05-03T21:17:42.063190,,-2.01,2.01,False,False,False,True,True
871,3,50,20,3.0,12,dry,suv,55,15,sedan,False,False,True,급정지,딜레마구간,False,1.55,0,0.0,0,False,13.12,False,False,False,False,2026-05-03T21:17:43.019928,,5.91,5.91,True,False,False,True,False
872,3,50,20,4.0,12,dry,suv,0,0,,True,False,False,진행,일반구간,False,2.7,0,49.4,0,False,999.0,False,False,True,False,2026-05-03T21:17:43.978416,,47.22,47.22,False,False,True,False,True
873,3,50,20,4.0,12,dry,suv,55,15,sedan,True,False,True,진행,일반구간,False,2.7,0,49.4,0,False,15,False,False,True,False,2026-05-03T21:17:45.288429,,62.14,62.14,False,False,True,False,True
874,3,50,20,5.0,12,dry,suv,0,0,,True,False,False,진행,일반구간,False,2.7,0,49.4,0,False,999.0,False,False,True,False,2026-05-03T21:17:46.780623,,47.23,47.23,False,False,True,False,True
875,3,50,20,5.0,12,dry,suv,55,15,sedan,True,False,True,진행,일반구간,False,2.7,0,49.4,0,False,15,False,False,True,False,2026-05-03T21:17:48.087674,,62.14,62.14,False,False,True,False,True
876,3,50,30,3.0,12,dry,suv,0,0,,False,True,False,급정지,일반구간,False,4.6,0,0.5,0,False,999.0,True,False,True,False,2026-05-03T21:17:49.582718,,-2.19,2.19,False,False,False,False,True
877,3,50,30,3.0,12,dry,suv,55,15,sedan,False,True,True,급정지,일반구간,False,1.55,0,0.1,0,False,15,True,False,True,False,2026-05-03T21:17:50.860617,,-1.46,1.46,False,False,False,False,True
878,3,50,30,4.0,12,dry,suv,0,0,,True,True,False,진행,진행/정지선택구간,False,3.45,0,49.4,0,False,999.0,False,False,True,False,2026-05-03T21:17:51.807539,,46.82,46.82,False,False,True,False,True
879,3,50,30,4.0,12,dry,suv,55,15,sedan,True,True,True,진행,진행/정지선택구간,False,3.45,0,49.4,0,False,15,False,False,True,False,2026-05-03T21:17:53.220018,,61.74,61.74,False,False,True,False,True
880,3,50,30,5.0,12,dry,suv,0,0,,True,True,False,진행,진행/정지선택구간,False,3.45,0,49.4,0,False,999.0,False,False,True,False,2026-05-03T21:17:54.842572,,46.82,46.82,False,False,True,False,True
881,3,50,30,5.0,12,dry,suv,55,15,sedan,True,True,True,진행,진행/정지선택구간,False,3.45,0,49.4,0,False,15,False,False,True,False,2026-05-03T21:17:56.263522,,61.74,61.74,False,False,True,False,True
882,3,50,40,3.0,12,dry,suv,0,0,,False,True,False,급정지,일반구간,False,5.8,0,0.8,0,False,999.0,True,False,True,False,2026-05-03T21:17:57.865503,,-2.24,2.24,False,False,False,False,True
883,3,50,40,3.0,12,dry,suv,55,15,sedan,False,True,True,급정지,일반구간,False,3.55,0,0.8,0,True,0.44,True,False,False,False,2026-05-03T21:17:59.342645,,-2.17,2.17,False,False,False,False,True
884,3,50,40,4.0,12,dry,suv,0,0,,False,True,False,급정지,일반구간,False,5.6,0,0.8,0,False,999.0,True,False,True,False,2026-05-03T21:18:00.622660,,-2.46,2.46,False,False,False,False,True
885,3,50,40,4.0,12,dry,suv,55,15,sedan,False,True,True,급정지,일반구간,False,3.55,0,0.8,0,True,0.44,True,False,False,False,2026-05-03T21:18:02.059590,,-2.17,2.17,False,False,False,False,True
886,3,50,40,5.0,12,dry,suv,0,0,,True,True,False,진행,진행/정지선택구간,False,4.15,0,49.4,0,False,999.0,False,False,True,False,2026-05-03T21:18:03.354823,,47.11,47.11,False,False,True,False,True
887,3,50,40,5.0,12,dry,suv,55,15,sedan,True,True,True,진행,진행/정지선택구간,False,4.2,0,49.4,0,False,15,False,False,True,False,2026-05-03T21:18:04.892737,,62.03,62.03,False,False,True,False,True
888,3,50,50,3.0,12,dry,suv,0,0,,False,True,False,급정지,일반구간,False,6.7,0,0.7,0,False,999.0,True,False,True,False,2026-05-03T21:18:06.627870,,-2.25,2.25,False,False,False,False,True
889,3,50,50,3.0,12,dry,suv,55,15,sedan,False,True,True,감속,일반구간,False,4.65,0,0.0,0,True,0.56,True,False,False,False,2026-05-03T21:18:08.259603,,-1.73,1.73,False,False,False,False,True
890,3,50,50,4.0,12,dry,suv,0,0,,False,True,False,급정지,일반구간,False,6.5,0,0.7,0,False,999.0,True,False,True,False,2026-05-03T21:18:09.729546,,-2.39,2.39,False,False,False,False,True
891,3,50,50,4.0,12,dry,suv,55,15,sedan,False,True,True,감속,일반구간,False,4.6,0,0.1,0,True,0.98,True,False,False,False,2026-05-03T21:18:11.324888,,-1.73,1.73,False,False,False,False,True
892,3,50,50,5.0,12,dry,suv,0,0,,False,True,False,급정지,일반구간,False,6.5,0,0.7,0,False,999.0,True,False,True,False,2026-05-03T21:18:12.787349,,-2.39,2.39,False,False,False,False,True
893,3,50,50,5.0,12,dry,suv,55,15,sedan,False,True,True,감속,일반구간,False,4.65,0,0.0,0,True,0.56,True,False,False,False,2026-05-03T21:18:14.391032,,-1.73,1.73,False,False,False,False,True
894,3,50,60,3.0,12,dry,suv,0,0,,False,True,False,급정지,일반구간,False,7.65,0,0.0,0,False,999.0,True,False,True,False,2026-05-03T21:18:15.868941,,-2.18,2.18,False,False,False,False,True
895,3,50,60,3.0,12,dry,suv,55,15,sedan,False,True,True,감속,일반구간,False,5.45,0,0.0,0,False,4.49,True,False,True,False,2026-05-03T21:18:17.648850,,-1.72,1.72,False,False,False,False,True
896,3,50,60,4.0,12,dry,suv,0,0,,False,True,False,급정지,일반구간,False,7.65,0,0.0,0,False,999.0,True,False,True,False,2026-05-03T21:18:19.247898,,-2.18,2.18,False,False,False,False,True
897,3,50,60,4.0,12,dry,suv,55,15,sedan,False,True,True,감속,일반구간,False,5.45,0,0.0,0,False,4.49,True,False,True,False,2026-05-03T21:18:21.026005,,-1.72,1.72,False,False,False,False,True
898,3,50,60,5.0,12,dry,suv,0,0,,False,True,False,급정지,일반구간,False,7.65,0,0.0,0,False,999.0,True,False,True,False,2026-05-03T21:18:22.622663,,-2.18,2.18,False,False,False,False,True
899,3,50,60,5.0,12,dry,suv,55,15,sedan,False,True,True,감속,일반구간,False,5.45,0,0.0,0,False,4.49,True,False,True,False,2026-05-03T21:18:24.429733,,-1.72,1.72,False,False,False,False,True
900,3,50,70,3.0,12,dry,suv,0,0,,False,True,False,급정지,일반구간,False,8.15,0,0.1,0,False,999.0,True,False,True,False,2026-05-03T21:18:26.085137,,-2.27,2.27,False,False,False,False,True
901,3,50,70,3.0,12,dry,suv,55,15,sedan,False,True,True,감속,일반구간,False,6.2,0,0.0,0,False,9.85,True,False,True,False,2026-05-03T21:18:27.955887,,-1.74,1.74,False,False,False,False,True
902,3,50,70,4.0,12,dry,suv,0,0,,False,True,False,급정지,일반구간,False,8.05,0,0.7,0,False,999.0,True,False,True,False,2026-05-03T21:18:29.675579,,-2.45,2.45,False,False,False,False,True
903,3,50,70,4.0,12,dry,suv,55,15,sedan,False,True,True,감속,일반구간,False,6.2,0,0.0,0,False,9.85,True,False,True,False,2026-05-03T21:18:31.528447,,-1.74,1.74,False,False,False,False,True
904,3,50,70,5.0,12,dry,suv,0,0,,False,True,False,급정지,일반구간,False,8.05,0,0.7,0,False,999.0,True,False,True,False,2026-05-03T21:18:33.249855,,-2.45,2.45,False,False,False,False,True
905,3,50,70,5.0,12,dry,suv,55,15,sedan,False,True,True,감속,일반구간,False,6.2,0,0.0,0,False,9.85,True,False,True,False,2026-05-03T21:18:35.090889,,-1.74,1.74,False,False,False,False,True
906,3,50,80,3.0,12,dry,suv,0,0,,False,True,False,급정지,일반구간,False,9.45,0,0.0,0,False,999.0,True,False,True,False,2026-05-03T21:18:36.813657,,-2.13,2.13,False,False,False,False,True
907,3,50,80,3.0,12,dry,suv,55,15,sedan,False,True,True,감속,일반구간,False,7.0,0,0.0,0,False,15,True,False,True,False,2026-05-03T21:18:38.899720,,-1.77,1.77,False,False,False,False,True
908,3,50,80,4.0,12,dry,suv,0,0,,False,True,False,급정지,일반구간,False,9.45,0,0.0,0,False,999.0,True,False,True,False,2026-05-03T21:18:40.775249,,-2.13,2.13,False,False,False,False,True
909,3,50,80,4.0,12,dry,suv,55,15,sedan,False,True,True,감속,일반구간,False,7.0,0,0.0,0,False,15,True,False,True,False,2026-05-03T21:18:42.860653,,-1.77,1.77,False,False,False,False,True
910,3,50,80,5.0,12,dry,suv,0,0,,False,True,False,급정지,일반구간,False,9.45,0,0.0,0,False,999.0,True,False,True,False,2026-05-03T21:18:44.715874,,-2.13,2.13,False,False,False,False,True
911,3,50,80,5.0,12,dry,suv,55,15,sedan,False,True,True,감속,일반구간,False,7.0,0,0.0,0,False,15,True,False,True,False,2026-05-03T21:18:46.792687,,-1.77,1.77,False,False,False,False,True
912,3,55,10,3.0,12,dry,suv,0,0,,True,False,False,진행,일반구간,False,1.8,0,54.3,0,False,999.0,False,False,True,False,2026-05-03T21:18:48.645579,,50.28,50.28,False,False,True,False,True
913,3,55,10,3.0,12,dry,suv,60,15,sedan,True,False,True,진행,일반구간,False,1.8,0,54.3,0,False,15,False,False,True,False,2026-05-03T21:18:49.802095,,66.68,66.68,False,False,True,False,True
914,3,55,10,4.0,12,dry,suv,0,0,,True,False,False,진행,일반구간,False,1.8,0,54.3,0,False,999.0,False,False,True,False,2026-05-03T21:18:51.139957,,50.28,50.28,False,False,True,False,True
915,3,55,10,4.0,12,dry,suv,60,15,sedan,True,False,True,진행,일반구간,False,1.8,0,54.3,0,False,15,False,False,True,False,2026-05-03T21:18:52.295159,,66.68,66.68,False,False,True,False,True
916,3,55,10,5.0,12,dry,suv,0,0,,True,False,False,진행,일반구간,False,1.8,0,54.3,0,False,999.0,False,False,True,False,2026-05-03T21:18:53.637609,,50.28,50.28,False,False,True,False,True
917,3,55,10,5.0,12,dry,suv,60,15,sedan,True,False,True,진행,일반구간,False,1.8,0,54.3,0,False,15,False,False,True,False,2026-05-03T21:18:54.790625,,66.68,66.68,False,False,True,False,True
918,3,55,20,3.0,12,dry,suv,0,0,,True,False,False,진행,일반구간,False,2.45,0,54.3,0,False,999.0,False,False,True,False,2026-05-03T21:18:56.132632,,50.08,50.08,False,False,True,False,True
919,3,55,20,3.0,12,dry,suv,60,15,sedan,True,False,True,진행,일반구간,False,2.5,0,54.3,0,False,15,False,False,True,False,2026-05-03T21:18:57.393652,,66.48,66.48,False,False,True,False,True
920,3,55,20,4.0,12,dry,suv,0,0,,True,False,False,진행,일반구간,False,2.45,0,54.3,0,False,999.0,False,False,True,False,2026-05-03T21:18:58.837751,,50.08,50.08,False,False,True,False,True
921,3,55,20,4.0,12,dry,suv,60,15,sedan,True,False,True,진행,일반구간,False,2.5,0,54.3,0,False,15,False,False,True,False,2026-05-03T21:19:00.100692,,66.48,66.48,False,False,True,False,True
922,3,55,20,5.0,12,dry,suv,0,0,,True,False,False,진행,일반구간,False,2.45,0,54.3,0,False,999.0,False,False,True,False,2026-05-03T21:19:01.554143,,50.08,50.08,False,False,True,False,True
923,3,55,20,5.0,12,dry,suv,60,15,sedan,True,False,True,진행,일반구간,False,2.5,0,54.3,0,False,15,False,False,True,False,2026-05-03T21:19:02.819444,,66.48,66.48,False,False,True,False,True
924,3,55,30,3.0,12,dry,suv,0,0,,False,False,False,급정지,딜레마구간,False,4.25,0,0.6,0,False,999.0,True,False,True,False,2026-05-03T21:19:04.266259,,-2.28,2.28,False,False,False,True,True
925,3,55,30,3.0,12,dry,suv,60,15,sedan,False,False,True,급정지,딜레마구간,False,1.55,0,0.1,0,False,15,True,False,True,False,2026-05-03T21:19:05.483248,,1.93,1.93,False,False,False,True,True
926,3,55,30,4.0,12,dry,suv,0,0,,True,False,False,진행,일반구간,False,3.15,0,54.3,0,False,999.0,False,False,True,False,2026-05-03T21:19:06.429647,,49.88,49.88,False,False,True,False,True
927,3,55,30,4.0,12,dry,suv,60,15,sedan,True,False,True,진행,일반구간,False,3.15,0,54.3,0,False,15,False,False,True,False,2026-05-03T21:19:07.794827,,66.28,66.28,False,False,True,False,True
928,3,55,30,5.0,12,dry,suv,0,0,,True,False,False,진행,일반구간,False,3.15,0,54.3,0,False,999.0,False,False,True,False,2026-05-03T21:19:09.346597,,49.88,49.88,False,False,True,False,True
929,3,55,30,5.0,12,dry,suv,60,15,sedan,True,False,True,진행,일반구간,False,3.15,0,54.3,0,False,15,False,False,True,False,2026-05-03T21:19:10.714880,,66.28,66.28,False,False,True,False,True
930,3,55,40,3.0,12,dry,suv,0,0,,False,True,False,급정지,일반구간,False,5.75,0,0.7,0,False,999.0,True,False,True,False,2026-05-03T21:19:12.269339,,-2.23,2.23,False,False,False,False,True
931,3,55,40,3.0,12,dry,suv,60,15,sedan,False,True,True,급정지,일반구간,False,3.0,0,0.6,0,False,2.04,True,False,True,False,2026-05-03T21:19:13.743672,,-2.16,2.16,False,False,False,False,True
932,3,55,40,4.0,12,dry,suv,0,0,,False,True,False,급정지,일반구간,False,5.75,0,0.7,0,False,999.0,True,False,True,False,2026-05-03T21:19:14.935112,,-2.23,2.23,False,False,False,False,True
933,3,55,40,4.0,12,dry,suv,60,15,sedan,False,True,True,급정지,일반구간,False,3.0,0,0.6,0,False,2.04,True,False,True,False,2026-05-03T21:19:16.404361,,-2.16,2.16,False,False,False,False,True
934,3,55,40,5.0,12,dry,suv,0,0,,True,True,False,진행,진행/정지선택구간,False,3.8,0,54.3,0,False,999.0,False,False,True,False,2026-05-03T21:19:17.594639,,50.43,50.43,False,False,True,False,True
935,3,55,40,5.0,12,dry,suv,60,15,sedan,True,True,True,진행,진행/정지선택구간,False,3.8,0,54.3,0,False,15,False,False,True,False,2026-05-03T21:19:19.097620,,66.82,66.82,False,False,True,False,True
936,3,55,50,3.0,12,dry,suv,0,0,,False,True,False,급정지,일반구간,False,6.8,0,0.7,0,False,999.0,True,False,True,False,2026-05-03T21:19:20.774293,,-2.22,2.22,False,False,False,False,True
937,3,55,50,3.0,12,dry,suv,60,15,sedan,False,True,True,급정지,일반구간,False,4.35,0,0.1,0,True,-0.06,True,False,False,False,2026-05-03T21:19:22.439522,,-2.01,2.01,False,False,False,False,True
938,3,55,50,4.0,12,dry,suv,0,0,,False,True,False,급정지,일반구간,False,6.8,0,0.7,0,False,999.0,True,False,True,False,2026-05-03T21:19:23.869673,,-2.22,2.22,False,False,False,False,True
939,3,55,50,4.0,12,dry,suv,60,15,sedan,False,True,True,급정지,일반구간,False,4.35,0,0.1,0,True,-0.06,True,False,False,False,2026-05-03T21:19:25.515040,,-2.01,2.01,False,False,False,False,True
940,3,55,50,5.0,12,dry,suv,0,0,,True,True,False,진행,진행/정지선택구간,False,4.45,0,54.3,0,False,999.0,False,False,True,False,2026-05-03T21:19:26.928517,,50.22,50.22,False,False,True,False,True
941,3,55,50,5.0,12,dry,suv,60,15,sedan,True,True,True,진행,진행/정지선택구간,False,4.45,0,54.3,0,False,15,False,False,True,False,2026-05-03T21:19:28.513110,,66.62,66.62,False,False,True,False,True
942,3,55,60,3.0,12,dry,suv,0,0,,False,True,False,급정지,일반구간,False,7.55,0,0.0,0,False,999.0,True,False,True,False,2026-05-03T21:19:30.287488,,-2.15,2.15,False,False,False,False,True
943,3,55,60,3.0,12,dry,suv,60,15,sedan,False,True,True,감속,일반구간,False,5.45,0,0.1,0,True,-0.08,True,False,False,False,2026-05-03T21:19:32.052963,,-0.93,0.93,False,False,False,False,True
944,3,55,60,4.0,12,dry,suv,0,0,,False,True,False,급정지,일반구간,False,7.5,0,0.0,0,False,999.0,True,False,True,False,2026-05-03T21:19:33.665591,,-2.15,2.15,False,False,False,False,True
945,3,55,60,4.0,12,dry,suv,60,15,sedan,False,True,True,감속,일반구간,False,5.4,0,0.7,0,True,-0.1,True,False,False,False,2026-05-03T21:19:35.428598,,-0.93,0.93,False,False,False,False,True
946,3,55,60,5.0,12,dry,suv,0,0,,False,True,False,급정지,일반구간,False,7.55,0,0.0,0,False,999.0,True,False,True,False,2026-05-03T21:19:37.023663,,-2.15,2.15,False,False,False,False,True
947,3,55,60,5.0,12,dry,suv,60,15,sedan,False,True,True,감속,일반구간,False,5.45,0,0.1,0,True,-0.08,True,False,False,False,2026-05-03T21:19:38.790084,,-0.93,0.93,False,False,False,False,True
948,3,55,70,3.0,12,dry,suv,0,0,,False,True,False,급정지,일반구간,False,8.25,0,0.0,0,False,999.0,True,False,True,False,2026-05-03T21:19:40.390723,,-2.19,2.19,False,False,False,False,True
949,3,55,70,3.0,12,dry,suv,60,15,sedan,False,True,True,감속,일반구간,False,5.95,0,0.8,0,False,2.77,True,False,True,False,2026-05-03T21:19:42.276462,,-1.81,1.81,False,False,False,False,True
950,3,55,70,4.0,12,dry,suv,0,0,,False,True,False,급정지,일반구간,False,8.4,0,0.0,0,False,999.0,True,False,True,False,2026-05-03T21:19:44.028566,,-2.12,2.12,False,False,False,False,True
951,3,55,70,4.0,12,dry,suv,60,15,sedan,False,True,True,감속,일반구간,False,5.95,0,0.8,0,False,2.77,True,False,True,False,2026-05-03T21:19:45.938511,,-1.81,1.81,False,False,False,False,True
952,3,55,70,5.0,12,dry,suv,0,0,,False,True,False,급정지,일반구간,False,8.25,0,0.0,0,False,999.0,True,False,True,False,2026-05-03T21:19:47.614078,,-2.19,2.19,False,False,False,False,True
953,3,55,70,5.0,12,dry,suv,60,15,sedan,False,True,True,감속,일반구간,False,5.95,0,0.8,0,False,2.77,True,False,True,False,2026-05-03T21:19:49.498997,,-1.81,1.81,False,False,False,False,True
954,3,55,80,3.0,12,dry,suv,0,0,,False,True,False,급정지,일반구간,False,9.0,0,0.7,0,False,999.0,True,False,True,False,2026-05-03T21:19:51.203288,,-2.24,2.24,False,False,False,False,True
955,3,55,80,3.0,12,dry,suv,60,15,sedan,False,True,True,감속,일반구간,False,6.7,0,0.1,0,False,7.92,True,False,True,False,2026-05-03T21:19:53.211806,,-1.72,1.72,False,False,False,False,True
956,3,55,80,4.0,12,dry,suv,0,0,,False,True,False,급정지,일반구간,False,9.0,0,0.7,0,False,999.0,True,False,True,False,2026-05-03T21:19:55.022118,,-2.24,2.24,False,False,False,False,True
957,3,55,80,4.0,12,dry,suv,60,15,sedan,False,True,True,감속,일반구간,False,6.7,0,0.1,0,False,7.92,True,False,True,False,2026-05-03T21:19:57.031608,,-1.72,1.72,False,False,False,False,True
958,3,55,80,5.0,12,dry,suv,0,0,,False,True,False,급정지,일반구간,False,9.0,0,0.7,0,False,999.0,True,False,True,False,2026-05-03T21:19:58.839681,,-2.24,2.24,False,False,False,False,True
959,3,55,80,5.0,12,dry,suv,60,15,sedan,False,True,True,감속,일반구간,False,6.7,0,0.1,0,False,7.92,True,False,True,False,2026-05-03T21:20:00.850677,,-1.72,1.72,False,False,False,False,True
960,3,60,10,3.0,12,dry,suv,0,0,,True,False,False,진행,일반구간,False,1.65,0,59.2,0,False,999.0,False,False,True,False,2026-05-03T21:20:02.664832,,53.21,53.21,False,False,True,False,True
961,3,60,10,3.0,12,dry,suv,65,15,sedan,True,False,True,진행,일반구간,False,1.65,0,59.2,0,False,15,False,False,True,False,2026-05-03T21:20:03.795826,,71.1,71.1,False,False,True,False,True
962,3,60,10,4.0,12,dry,suv,0,0,,True,False,False,진행,일반구간,False,1.65,0,59.2,0,False,999.0,False,False,True,False,2026-05-03T21:20:05.115415,,53.21,53.21,False,False,True,False,True
963,3,60,10,4.0,12,dry,suv,65,15,sedan,True,False,True,진행,일반구간,False,1.65,0,59.2,0,False,15,False,False,True,False,2026-05-03T21:20:06.241627,,71.1,71.1,False,False,True,False,True
964,3,60,10,5.0,12,dry,suv,0,0,,True,False,False,진행,일반구간,False,1.65,0,59.2,0,False,999.0,False,False,True,False,2026-05-03T21:20:07.552796,,53.21,53.21,False,False,True,False,True
965,3,60,10,5.0,12,dry,suv,65,15,sedan,True,False,True,진행,일반구간,False,1.65,0,59.2,0,False,15,False,False,True,False,2026-05-03T21:20:08.677735,,71.1,71.1,False,False,True,False,True
966,3,60,20,3.0,12,dry,suv,0,0,,True,False,False,진행,일반구간,False,2.25,0,59.2,0,False,999.0,False,False,True,False,2026-05-03T21:20:09.985940,,53.07,53.07,False,False,True,False,True
967,3,60,20,3.0,12,dry,suv,65,15,sedan,True,False,True,진행,일반구간,False,2.3,0,59.2,0,False,15,False,False,True,False,2026-05-03T21:20:11.215389,,70.96,70.96,False,False,True,False,True
968,3,60,20,4.0,12,dry,suv,0,0,,True,False,False,진행,일반구간,False,2.25,0,59.2,0,False,999.0,False,False,True,False,2026-05-03T21:20:12.632788,,53.07,53.07,False,False,True,False,True
969,3,60,20,4.0,12,dry,suv,65,15,sedan,True,False,True,진행,일반구간,False,2.3,0,59.2,0,False,15,False,False,True,False,2026-05-03T21:20:13.859694,,70.96,70.96,False,False,True,False,True
970,3,60,20,5.0,12,dry,suv,0,0,,True,False,False,진행,일반구간,False,2.3,0,59.2,0,False,999.0,False,False,True,False,2026-05-03T21:20:15.266604,,53.07,53.07,False,False,True,False,True
971,3,60,20,5.0,12,dry,suv,65,15,sedan,True,False,True,진행,일반구간,False,2.3,0,59.2,0,False,15,False,False,True,False,2026-05-03T21:20:16.496635,,70.96,70.96,False,False,True,False,True
972,3,60,30,3.0,12,dry,suv,0,0,,False,False,False,급정지,딜레마구간,False,3.7,0,0.1,0,False,999.0,True,False,True,False,2026-05-03T21:20:17.900855,,-2.24,2.24,False,False,False,True,True
973,3,60,30,3.0,12,dry,suv,65,15,sedan,False,False,True,급정지,딜레마구간,False,1.55,0,0.1,0,False,15,True,False,True,False,2026-05-03T21:20:19.024181,,4.88,4.88,True,False,False,True,True
974,3,60,30,4.0,12,dry,suv,0,0,,True,False,False,진행,일반구간,False,2.9,0,59.2,0,False,999.0,False,False,True,False,2026-05-03T21:20:19.968682,,52.93,52.93,False,False,True,False,True
975,3,60,30,4.0,12,dry,suv,65,15,sedan,True,False,True,진행,일반구간,False,2.9,0,59.2,0,False,15,False,False,True,False,2026-05-03T21:20:21.292913,,70.82,70.82,False,False,True,False,True
976,3,60,30,5.0,12,dry,suv,0,0,,True,False,False,진행,일반구간,False,2.9,0,59.2,0,False,999.0,False,False,True,False,2026-05-03T21:20:22.800067,,52.93,52.93,False,False,True,False,True
977,3,60,30,5.0,12,dry,suv,65,15,sedan,True,False,True,진행,일반구간,False,2.9,0,59.2,0,False,15,False,False,True,False,2026-05-03T21:20:24.124978,,70.82,70.82,False,False,True,False,True
978,3,60,40,3.0,12,dry,suv,0,0,,False,True,False,급정지,일반구간,False,5.2,0,0.7,0,False,999.0,True,False,True,False,2026-05-03T21:20:25.640947,,-2.46,2.46,False,False,False,False,True
979,3,60,40,3.0,12,dry,suv,65,15,sedan,False,True,True,급정지,일반구간,False,2.45,0,0.0,0,False,5.84,True,False,True,False,2026-05-03T21:20:27.013855,,-2.03,2.03,False,False,False,False,True
980,3,60,40,4.0,12,dry,suv,0,0,,True,True,False,진행,진행/정지선택구간,False,3.5,0,59.2,0,False,999.0,False,False,True,False,2026-05-03T21:20:28.108566,,52.79,52.79,False,False,True,False,True
981,3,60,40,4.0,12,dry,suv,65,15,sedan,True,True,True,진행,진행/정지선택구간,False,3.5,0,59.2,0,False,15,False,False,True,False,2026-05-03T21:20:29.528547,,70.68,70.68,False,False,True,False,True
982,3,60,40,5.0,12,dry,suv,0,0,,True,True,False,진행,진행/정지선택구간,False,3.5,0,59.2,0,False,999.0,False,False,True,False,2026-05-03T21:20:31.138618,,52.79,52.79,False,False,True,False,True
983,3,60,40,5.0,12,dry,suv,65,15,sedan,True,True,True,진행,진행/정지선택구간,False,3.5,0,59.2,0,False,15,False,False,True,False,2026-05-03T21:20:32.555933,,70.68,70.68,False,False,True,False,True
984,3,60,50,3.0,12,dry,suv,0,0,,False,True,False,급정지,일반구간,False,6.55,0,0.0,0,False,999.0,True,False,True,False,2026-05-03T21:20:34.168556,,-2.3,2.3,False,False,False,False,True
985,3,60,50,3.0,12,dry,suv,65,15,sedan,False,True,True,급정지,일반구간,False,3.95,0,0.1,0,True,-0.06,True,False,False,False,2026-05-03T21:20:35.777519,,-1.17,1.17,False,False,False,False,True
986,3,60,50,4.0,12,dry,suv,0,0,,False,True,False,급정지,일반구간,False,6.55,0,0.0,0,False,999.0,True,False,True,False,2026-05-03T21:20:37.133709,,-2.3,2.3,False,False,False,False,True
987,3,60,50,4.0,12,dry,suv,65,15,sedan,False,True,True,급정지,일반구간,False,3.95,0,0.1,0,True,-0.06,True,False,False,False,2026-05-03T21:20:38.730172,,-1.17,1.17,False,False,False,False,True
988,3,60,50,5.0,12,dry,suv,0,0,,True,True,False,진행,진행/정지선택구간,False,4.1,0,59.2,0,False,999.0,False,False,True,False,2026-05-03T21:20:40.084779,,53.47,53.47,False,False,True,False,True
989,3,60,50,5.0,12,dry,suv,65,15,sedan,True,True,True,진행,진행/정지선택구간,False,4.1,0,59.2,0,False,15,False,False,True,False,2026-05-03T21:20:41.619724,,71.36,71.36,False,False,True,False,True
990,3,60,60,3.0,12,dry,suv,0,0,,False,True,False,급정지,일반구간,False,7.45,0,0.0,0,False,999.0,True,False,True,False,2026-05-03T21:20:43.343904,,-2.17,2.17,False,False,False,False,True
991,3,60,60,3.0,12,dry,suv,65,15,sedan,False,True,True,급정지,일반구간,False,5.25,0,0.9,0,True,-0.05,True,False,False,False,2026-05-03T21:20:45.091803,,-1.45,1.45,False,False,False,False,True
992,3,60,60,4.0,12,dry,suv,0,0,,False,True,False,급정지,일반구간,False,7.45,0,0.0,0,False,999.0,True,False,True,False,2026-05-03T21:20:46.658530,,-2.17,2.17,False,False,False,False,True
993,3,60,60,4.0,12,dry,suv,65,15,sedan,False,True,True,급정지,일반구간,False,5.25,0,0.9,0,True,-0.05,True,False,False,False,2026-05-03T21:20:48.406672,,-1.45,1.45,False,False,False,False,True
994,3,60,60,5.0,12,dry,suv,0,0,,False,True,False,급정지,일반구간,False,7.45,0,0.0,0,False,999.0,True,False,True,False,2026-05-03T21:20:49.968768,,-2.17,2.17,False,False,False,False,True
995,3,60,60,5.0,12,dry,suv,65,15,sedan,False,True,True,급정지,일반구간,False,5.25,0,0.9,0,True,-0.05,True,False,False,False,2026-05-03T21:20:51.725123,,-1.45,1.45,False,False,False,False,True
996,3,60,70,3.0,12,dry,suv,0,0,,False,True,False,급정지,일반구간,False,8.25,0,0.0,0,False,999.0,True,False,True,False,2026-05-03T21:20:53.290669,,-2.19,2.19,False,False,False,False,True
997,3,60,70,3.0,12,dry,suv,65,15,sedan,False,True,True,감속,일반구간,False,5.65,0,0.7,0,True,-0.1,True,False,False,False,2026-05-03T21:20:55.179589,,-1.44,1.44,False,False,False,False,True
998,3,60,70,4.0,12,dry,suv,0,0,,False,True,False,급정지,일반구간,False,8.25,0,0.0,0,False,999.0,True,False,True,False,2026-05-03T21:20:56.808573,,-2.19,2.19,False,False,False,False,True
999,3,60,70,4.0,12,dry,suv,65,15,sedan,False,True,True,감속,일반구간,False,5.65,0,0.7,0,True,-0.1,True,False,False,False,2026-05-03T21:20:58.715804,,-1.44,1.44,False,False,False,False,True
1000,3,60,70,5.0,12,dry,suv,0,0,,False,True,False,급정지,일반구간,False,8.2,0,0.9,0,False,999.0,True,False,True,False,2026-05-03T21:21:00.405975,,-2.19,2.19,False,False,False,False,True
1001,3,60,70,5.0,12,dry,suv,65,15,sedan,False,True,True,감속,일반구간,False,5.65,0,0.7,0,True,-0.1,True,False,False,False,2026-05-03T21:21:02.285014,,-1.44,1.44,False,False,False,False,True
1002,3,60,80,3.0,12,dry,suv,0,0,,False,True,False,급정지,일반구간,False,8.6,0,0.7,0,False,999.0,True,False,True,False,2026-05-03T21:21:03.934069,,-2.44,2.44,False,False,False,False,True
1003,3,60,80,3.0,12,dry,suv,65,15,sedan,False,True,True,감속,일반구간,False,6.4,0,0.7,0,True,0.7,True,False,False,False,2026-05-03T21:21:05.875933,,-1.75,1.75,False,False,False,False,True
1004,3,60,80,4.0,12,dry,suv,0,0,,False,True,False,급정지,일반구간,False,8.6,0,0.7,0,False,999.0,True,False,True,False,2026-05-03T21:21:07.629743,,-2.44,2.44,False,False,False,False,True
1005,3,60,80,4.0,12,dry,suv,65,15,sedan,False,True,True,감속,일반구간,False,6.4,0,0.7,0,True,0.7,True,False,False,False,2026-05-03T21:21:09.575197,,-1.75,1.75,False,False,False,False,True
1006,3,60,80,5.0,12,dry,suv,0,0,,False,True,False,급정지,일반구간,False,8.6,0,0.7,0,False,999.0,True,False,True,False,2026-05-03T21:21:11.329272,,-2.44,2.44,False,False,False,False,True
1007,3,60,80,5.0,12,dry,suv,65,15,sedan,False,True,True,감속,일반구간,False,6.4,0,0.7,0,True,0.7,True,False,False,False,2026-05-03T21:21:13.283920,,-1.75,1.75,False,False,False,False,True
1008,3,30,10,3.0,12,wet,suv,0,0,,False,False,False,급정지,딜레마구간,False,2.75,0,0.0,0,False,999.0,True,False,True,False,2026-05-03T21:21:15.054548,,-2.34,2.34,False,False,False,True,True
1009,3,30,10,3.0,12,wet,suv,35,15,sedan,False,False,False,급정지,딜레마구간,False,1.55,0,0.0,0,False,8.72,True,False,True,False,2026-05-03T21:21:16.198615,,1.97,1.97,False,False,False,True,True
1010,3,30,10,4.0,12,wet,suv,0,0,,True,False,False,진행,일반구간,False,3.25,0,29.9,0,False,999.0,False,False,True,False,2026-05-03T21:21:17.342716,,35.2,35.2,False,False,True,False,True
1011,3,30,10,4.0,12,wet,suv,35,15,sedan,True,False,False,진행,일반구간,False,3.25,0,29.9,0,False,14.21,False,False,True,False,2026-05-03T21:21:19.015439,,44.12,44.12,False,False,True,False,True
1012,3,30,10,5.0,12,wet,suv,0,0,,True,False,False,진행,일반구간,False,3.25,0,29.9,0,False,999.0,False,False,True,False,2026-05-03T21:21:20.911845,,35.2,35.2,False,False,True,False,True
1013,3,30,10,5.0,12,wet,suv,35,15,sedan,True,False,False,진행,일반구간,False,3.25,0,29.9,0,False,14.21,False,False,True,False,2026-05-03T21:21:22.361084,,44.12,44.12,False,False,True,False,True
1014,3,30,20,3.0,12,wet,suv,0,0,,False,True,False,급정지,일반구간,False,4.95,0,0.8,0,False,999.0,True,False,True,False,2026-05-03T21:21:24.189860,,-2.34,2.34,False,False,False,False,True
1015,3,30,20,3.0,12,wet,suv,35,15,sedan,False,True,False,급정지,일반구간,False,2.7,0,1.0,0,False,4.48,True,False,True,False,2026-05-03T21:21:25.789718,,-2.54,2.54,False,False,False,False,True
1016,3,30,20,4.0,12,wet,suv,0,0,,False,True,False,급정지,일반구간,False,4.95,0,0.8,0,False,999.0,True,False,True,False,2026-05-03T21:21:27.160036,,-2.34,2.34,False,False,False,False,True
1017,3,30,20,4.0,12,wet,suv,35,15,sedan,False,True,False,급정지,일반구간,False,2.9,0,0.6,0,False,3.11,True,False,True,False,2026-05-03T21:21:28.755997,,-2.37,2.37,False,False,False,False,True
1018,3,30,20,5.0,12,wet,suv,0,0,,True,True,False,진행,진행/정지선택구간,False,4.45,0,29.9,0,False,999.0,False,False,True,False,2026-05-03T21:21:30.159765,,35.15,35.15,False,False,True,False,True
1019,3,30,20,5.0,12,wet,suv,35,15,sedan,True,True,False,진행,진행/정지선택구간,False,4.5,0,29.9,0,False,12.48,False,False,True,False,2026-05-03T21:21:32.077765,,44.07,44.07,False,False,True,False,True
1020,3,30,30,3.0,12,wet,suv,0,0,,False,True,False,급정지,일반구간,False,6.7,0,0.0,0,False,999.0,True,False,True,False,2026-05-03T21:21:34.225216,,-2.26,2.26,False,False,False,False,True
1021,3,30,30,3.0,12,wet,suv,35,15,sedan,False,True,False,급정지,일반구간,False,5.35,0,0.0,0,True,-0.07,True,False,False,False,2026-05-03T21:21:36.185215,,-1.57,1.57,False,False,False,False,True
1022,3,30,30,4.0,12,wet,suv,0,0,,False,True,False,급정지,일반구간,False,6.7,0,0.0,0,False,999.0,True,False,True,False,2026-05-03T21:21:38.097518,,-2.26,2.26,False,False,False,False,True
1023,3,30,30,4.0,12,wet,suv,35,15,sedan,False,True,False,급정지,일반구간,False,5.35,0,0.0,0,True,-0.07,True,False,False,False,2026-05-03T21:21:40.053327,,-1.57,1.57,False,False,False,False,True
1024,3,30,30,5.0,12,wet,suv,0,0,,False,True,False,급정지,일반구간,False,6.7,0,0.0,0,False,999.0,True,False,True,False,2026-05-03T21:21:41.957585,,-2.26,2.26,False,False,False,False,True
1025,3,30,30,5.0,12,wet,suv,35,15,sedan,False,True,False,급정지,일반구간,False,5.35,0,0.0,0,True,-0.07,True,False,False,False,2026-05-03T21:21:43.914772,,-1.57,1.57,False,False,False,False,True
1026,3,30,40,3.0,12,wet,suv,0,0,,False,True,False,급정지,일반구간,False,7.95,0,0.1,0,False,999.0,True,False,True,False,2026-05-03T21:21:45.815885,,-2.38,2.38,False,False,False,False,True
1027,3,30,40,3.0,12,wet,suv,35,15,sedan,False,True,False,급정지,일반구간,False,6.7,0,0.9,0,False,6.47,True,False,True,False,2026-05-03T21:21:47.698635,,-2.33,2.33,False,False,False,False,True
1028,3,30,40,4.0,12,wet,suv,0,0,,False,True,False,급정지,일반구간,False,7.85,0,0.6,0,False,999.0,True,False,True,False,2026-05-03T21:21:49.817807,,-2.3,2.3,False,False,False,False,True
1029,3,30,40,4.0,12,wet,suv,35,15,sedan,False,True,False,급정지,일반구간,False,6.7,0,0.9,0,False,6.47,True,False,True,False,2026-05-03T21:21:51.999280,,-2.33,2.33,False,False,False,False,True
1030,3,30,40,5.0,12,wet,suv,0,0,,False,True,False,급정지,일반구간,False,7.85,0,0.6,0,False,999.0,True,False,True,False,2026-05-03T21:21:54.177730,,-2.3,2.3,False,False,False,False,True
1031,3,30,40,5.0,12,wet,suv,35,15,sedan,False,True,False,급정지,일반구간,False,6.7,0,0.9,0,False,6.47,True,False,True,False,2026-05-03T21:21:56.358608,,-2.33,2.33,False,False,False,False,True
1032,3,30,50,3.0,12,wet,suv,0,0,,False,True,False,급정지,일반구간,False,9.0,0,0.7,0,False,999.0,True,False,True,False,2026-05-03T21:21:58.537550,,-2.47,2.47,False,False,False,False,True
1033,3,30,50,3.0,12,wet,suv,35,15,sedan,False,True,False,급정지,일반구간,False,7.8,0,1.0,0,False,12.76,True,False,True,False,2026-05-03T21:22:00.946261,,-2.52,2.52,False,False,False,False,True
1034,3,30,50,4.0,12,wet,suv,0,0,,False,True,False,급정지,일반구간,False,9.0,0,0.7,0,False,999.0,True,False,True,False,2026-05-03T21:22:03.338668,,-2.47,2.47,False,False,False,False,True
1035,3,30,50,4.0,12,wet,suv,35,15,sedan,False,True,False,급정지,일반구간,False,7.8,0,1.0,0,False,12.75,True,False,True,False,2026-05-03T21:22:05.758631,,-2.52,2.52,False,False,False,False,True
1036,3,30,50,5.0,12,wet,suv,0,0,,False,True,False,급정지,일반구간,False,9.1,0,0.7,0,False,999.0,True,False,True,False,2026-05-03T21:22:08.149720,,-2.49,2.49,False,False,False,False,True
1037,3,30,50,5.0,12,wet,suv,35,15,sedan,False,True,False,급정지,일반구간,False,7.8,0,1.0,0,False,12.76,True,False,True,False,2026-05-03T21:22:10.583579,,-2.52,2.52,False,False,False,False,True
1038,3,30,60,3.0,12,wet,suv,0,0,,False,True,False,급정지,일반구간,False,10.8,0,0.1,0,False,999.0,True,False,True,False,2026-05-03T21:22:12.980826,,-2.35,2.35,False,False,False,False,True
1039,3,30,60,3.0,12,wet,suv,35,15,sedan,False,True,False,급정지,일반구간,False,9.1,0,1.0,0,False,15,True,False,True,False,2026-05-03T21:22:15.764851,,-2.62,2.62,False,False,False,False,True
1040,3,30,60,4.0,12,wet,suv,0,0,,False,True,False,급정지,일반구간,False,10.8,0,0.1,0,False,999.0,True,False,True,False,2026-05-03T21:22:18.413728,,-2.35,2.35,False,False,False,False,True
1041,3,30,60,4.0,12,wet,suv,35,15,sedan,False,True,False,급정지,일반구간,False,9.1,0,1.0,0,False,15,True,False,True,False,2026-05-03T21:22:20.778656,,-2.62,2.62,False,False,False,False,True
1042,3,30,60,5.0,12,wet,suv,0,0,,False,True,False,급정지,일반구간,False,10.8,0,0.1,0,False,999.0,True,False,True,False,2026-05-03T21:22:23.363403,,-2.35,2.35,False,False,False,False,True
1043,3,30,60,5.0,12,wet,suv,35,15,sedan,False,True,False,급정지,일반구간,False,9.25,0,0.7,0,False,15,True,False,True,False,2026-05-03T21:22:26.134863,,-2.44,2.44,False,False,False,False,True
1044,3,30,70,3.0,12,wet,suv,0,0,,False,True,False,급정지,일반구간,False,11.9,0,0.6,0,False,999.0,True,False,True,False,2026-05-03T21:22:28.820570,,-2.35,2.35,False,False,False,False,True
1045,3,30,70,3.0,12,wet,suv,35,15,sedan,False,True,False,급정지,일반구간,False,10.55,0,0.9,0,False,15,True,False,True,False,2026-05-03T21:22:31.825293,,-2.4,2.4,False,False,False,False,True
1046,3,30,70,4.0,12,wet,suv,0,0,,False,True,False,급정지,일반구간,False,11.9,0,0.6,0,False,999.0,True,False,True,False,2026-05-03T21:22:34.773104,,-2.35,2.35,False,False,False,False,True
1047,3,30,70,4.0,12,wet,suv,35,15,sedan,False,True,False,급정지,일반구간,False,10.55,0,0.9,0,False,15,True,False,True,False,2026-05-03T21:22:37.775059,,-2.4,2.4,False,False,False,False,True
1048,3,30,70,5.0,12,wet,suv,0,0,,False,True,False,급정지,일반구간,False,11.9,0,0.6,0,False,999.0,True,False,True,False,2026-05-03T21:22:40.727808,,-2.35,2.35,False,False,False,False,True
1049,3,30,70,5.0,12,wet,suv,35,15,sedan,False,True,False,급정지,일반구간,False,10.55,0,0.9,0,False,15,True,False,True,False,2026-05-03T21:22:43.725540,,-2.4,2.4,False,False,False,False,True
1050,3,30,80,3.0,12,wet,suv,0,0,,False,True,False,급정지,일반구간,False,13.05,0,0.1,0,False,999.0,True,False,True,False,2026-05-03T21:22:46.732846,,-2.44,2.44,False,False,False,False,True
1051,3,30,80,3.0,12,wet,suv,35,15,sedan,False,True,False,급정지,일반구간,False,11.95,0,0.8,0,False,15,True,False,True,False,2026-05-03T21:22:49.966372,,-2.59,2.59,False,False,False,False,True
1052,3,30,80,4.0,12,wet,suv,0,0,,False,True,False,급정지,일반구간,False,13.25,0,0.7,0,False,999.0,True,False,True,False,2026-05-03T21:22:53.190754,,-2.42,2.42,False,False,False,False,True
1053,3,30,80,4.0,12,wet,suv,35,15,sedan,False,True,False,급정지,일반구간,False,12.2,0,0.2,0,False,15,True,False,True,False,2026-05-03T21:22:56.459779,,-2.26,2.26,False,False,False,False,True
1054,3,30,80,5.0,12,wet,suv,0,0,,False,True,False,급정지,일반구간,False,13.25,0,0.7,0,False,999.0,True,False,True,False,2026-05-03T21:22:59.736172,,-2.42,2.42,False,False,False,False,True
1055,3,30,80,5.0,12,wet,suv,35,15,sedan,False,True,False,급정지,일반구간,False,11.95,0,0.8,0,False,15,True,False,True,False,2026-05-03T21:23:03.001880,,-2.59,2.59,False,False,False,False,True
1056,3,35,10,3.0,12,wet,suv,0,0,,False,False,False,급정지,딜레마구간,False,1.55,0,0.9,0,False,999.0,True,False,True,False,2026-05-03T21:23:06.225977,,-2.79,2.79,False,False,False,True,True
1057,3,35,10,3.0,12,wet,suv,40,15,sedan,False,False,False,급정지,딜레마구간,False,1.55,0,0.0,0,False,9.67,False,False,False,False,2026-05-03T21:23:07.137813,,5.29,5.29,True,False,False,True,False
1058,3,35,10,4.0,12,wet,suv,0,0,,True,False,False,진행,일반구간,False,2.8,0,34.8,0,False,999.0,False,False,True,False,2026-05-03T21:23:08.173057,,37.8,37.8,False,False,True,False,True
1059,3,35,10,4.0,12,wet,suv,40,15,sedan,True,False,False,진행,일반구간,False,2.8,0,34.7,0,False,15,False,False,True,False,2026-05-03T21:23:09.719836,,48.71,48.71,False,False,True,False,True
1060,3,35,10,5.0,12,wet,suv,0,0,,True,False,False,진행,일반구간,False,2.8,0,34.8,0,False,999.0,False,False,True,False,2026-05-03T21:23:11.525377,,37.8,37.8,False,False,True,False,True
1061,3,35,10,5.0,12,wet,suv,40,15,sedan,True,False,False,진행,일반구간,False,2.8,0,34.7,0,False,15,False,False,True,False,2026-05-03T21:23:13.095255,,48.71,48.71,False,False,True,False,True
1062,3,35,20,3.0,12,wet,suv,0,0,,False,False,False,급정지,딜레마구간,False,4.25,0,0.8,0,False,999.0,True,False,True,False,2026-05-03T21:23:14.697637,,-2.55,2.55,False,False,False,True,True
1063,3,35,20,3.0,12,wet,suv,40,15,sedan,False,False,False,급정지,딜레마구간,False,1.65,0,0.8,0,False,10.93,True,False,True,False,2026-05-03T21:23:16.129772,,-2.4,2.4,False,False,False,True,True
1064,3,35,20,4.0,12,wet,suv,0,0,,False,False,False,급정지,딜레마구간,False,4.25,0,0.8,0,False,999.0,True,False,True,False,2026-05-03T21:23:17.289785,,-2.55,2.55,False,False,False,True,True
1065,3,35,20,4.0,12,wet,suv,40,15,sedan,False,False,False,급정지,딜레마구간,False,1.65,0,0.8,0,False,10.93,True,False,True,False,2026-05-03T21:23:18.753189,,-2.4,2.4,False,False,False,True,True
1066,3,35,20,5.0,12,wet,suv,0,0,,True,False,False,진행,일반구간,False,3.85,0,34.7,0,False,999.0,False,False,True,False,2026-05-03T21:23:19.913979,,37.94,37.94,False,False,True,False,True
1067,3,35,20,5.0,12,wet,suv,40,15,sedan,True,False,False,진행,일반구간,False,3.85,0,34.7,0,False,15,False,False,True,False,2026-05-03T21:23:21.699734,,48.37,48.37,False,False,True,False,True
1068,3,35,30,3.0,12,wet,suv,0,0,,False,True,False,급정지,일반구간,False,6.75,0,0.0,0,False,999.0,True,False,True,False,2026-05-03T21:23:23.708702,,-2.26,2.26,False,False,False,False,True
1069,3,35,30,3.0,12,wet,suv,40,15,sedan,False,True,False,급정지,일반구간,False,4.55,0,0.7,0,True,-0.06,True,False,False,False,2026-05-03T21:23:25.679813,,-0.86,0.86,False,False,False,False,True
1070,3,35,30,4.0,12,wet,suv,0,0,,False,True,False,급정지,일반구간,False,6.45,0,0.7,0,False,999.0,True,False,True,False,2026-05-03T21:23:27.422886,,-2.4,2.4,False,False,False,False,True
1071,3,35,30,4.0,12,wet,suv,40,15,sedan,False,True,False,급정지,일반구간,False,4.6,0,0.0,0,True,-0.05,True,False,False,False,2026-05-03T21:23:29.328719,,-0.8,0.8,False,False,False,False,True
1072,3,35,30,5.0,12,wet,suv,0,0,,False,True,False,급정지,일반구간,False,6.45,0,0.7,0,False,999.0,True,False,True,False,2026-05-03T21:23:31.076301,,-2.4,2.4,False,False,False,False,True
1073,3,35,30,5.0,12,wet,suv,40,15,sedan,False,True,False,급정지,일반구간,False,4.6,0,0.0,0,True,-0.05,True,False,False,False,2026-05-03T21:23:32.973476,,-0.8,0.8,False,False,False,False,True
1074,3,35,40,3.0,12,wet,suv,0,0,,False,True,False,급정지,일반구간,False,7.9,0,0.0,0,False,999.0,True,False,True,False,2026-05-03T21:23:34.727651,,-2.25,2.25,False,False,False,False,True
1075,3,35,40,3.0,12,wet,suv,40,15,sedan,False,True,False,급정지,일반구간,False,5.9,0,0.1,0,True,-0.07,True,False,False,False,2026-05-03T21:23:36.911905,,-1.76,1.76,False,False,False,False,True
1076,3,35,40,4.0,12,wet,suv,0,0,,False,True,False,급정지,일반구간,False,7.9,0,0.0,0,False,999.0,True,False,True,False,2026-05-03T21:23:38.924994,,-2.25,2.25,False,False,False,False,True
1077,3,35,40,4.0,12,wet,suv,40,15,sedan,False,True,False,급정지,일반구간,False,5.9,0,0.1,0,True,-0.07,True,False,False,False,2026-05-03T21:23:40.803715,,-1.76,1.76,False,False,False,False,True
1078,3,35,40,5.0,12,wet,suv,0,0,,False,True,False,급정지,일반구간,False,7.9,0,0.0,0,False,999.0,True,False,True,False,2026-05-03T21:23:42.754403,,-2.25,2.25,False,False,False,False,True
1079,3,35,40,5.0,12,wet,suv,40,15,sedan,False,True,False,급정지,일반구간,False,5.9,0,0.1,0,True,-0.07,True,False,False,False,2026-05-03T21:23:44.946415,,-1.76,1.76,False,False,False,False,True
1080,3,35,50,3.0,12,wet,suv,0,0,,False,True,False,급정지,일반구간,False,8.7,0,0.6,0,False,999.0,True,False,True,False,2026-05-03T21:23:46.959350,,-2.46,2.46,False,False,False,False,True
1081,3,35,50,3.0,12,wet,suv,40,15,sedan,False,True,False,급정지,일반구간,False,7.9,0,0.0,0,True,-0.08,True,False,False,False,2026-05-03T21:23:49.312701,,-1.83,1.83,False,False,False,False,True
1082,3,35,50,4.0,12,wet,suv,0,0,,False,True,False,급정지,일반구간,False,8.3,0,0.9,0,False,999.0,True,False,True,False,2026-05-03T21:23:51.720800,,-2.83,2.83,False,False,False,False,True
1083,3,35,50,4.0,12,wet,suv,40,15,sedan,False,True,False,급정지,일반구간,False,7.9,0,0.0,0,True,-0.08,True,False,False,False,2026-05-03T21:23:53.996933,,-1.83,1.83,False,False,False,False,True
1084,3,35,50,5.0,12,wet,suv,0,0,,False,True,False,급정지,일반구간,False,8.7,0,0.6,0,False,999.0,True,False,True,False,2026-05-03T21:23:56.419305,,-2.46,2.46,False,False,False,False,True
1085,3,35,50,5.0,12,wet,suv,40,15,sedan,False,True,False,급정지,일반구간,False,7.9,0,0.0,0,True,-0.08,True,False,False,False,2026-05-03T21:23:58.770422,,-1.83,1.83,False,False,False,False,True
1086,3,35,60,3.0,12,wet,suv,0,0,,False,True,False,급정지,일반구간,False,9.9,0,0.7,0,False,999.0,True,False,True,False,2026-05-03T21:24:00.868715,,-2.49,2.49,False,False,False,False,True
1087,3,35,60,3.0,12,wet,suv,40,15,sedan,False,True,False,급정지,일반구간,False,8.8,0,0.9,0,False,6.07,True,False,True,False,2026-05-03T21:24:03.432982,,-2.42,2.42,False,False,False,False,True
1088,3,35,60,4.0,12,wet,suv,0,0,,False,True,False,급정지,일반구간,False,10.25,0,0.7,0,False,999.0,True,False,True,False,2026-05-03T21:24:06.023532,,-2.36,2.36,False,False,False,False,True
1089,3,35,60,4.0,12,wet,suv,40,15,sedan,False,True,False,급정지,일반구간,False,8.15,0,0.6,0,False,7.24,True,False,True,False,2026-05-03T21:24:08.290230,,-2.98,2.98,False,False,False,False,True
1090,3,35,60,5.0,12,wet,suv,0,0,,False,True,False,급정지,일반구간,False,9.9,0,0.7,0,False,999.0,True,False,True,False,2026-05-03T21:24:10.682495,,-2.49,2.49,False,False,False,False,True
1091,3,35,60,5.0,12,wet,suv,40,15,sedan,False,True,False,급정지,일반구간,False,9.2,0,0.0,0,False,5.36,True,False,True,False,2026-05-03T21:24:13.272993,,-2.31,2.31,False,False,False,False,True
1092,3,35,70,3.0,12,wet,suv,0,0,,False,True,False,급정지,일반구간,False,11.25,0,0.9,0,False,999.0,True,False,True,False,2026-05-03T21:24:15.947630,,-2.43,2.43,False,False,False,False,True
1093,3,35,70,3.0,12,wet,suv,40,15,sedan,False,True,False,급정지,일반구간,False,9.7,0,1.0,0,False,14.55,True,False,True,False,2026-05-03T21:24:18.805908,,-2.48,2.48,False,False,False,False,True
1094,3,35,70,4.0,12,wet,suv,0,0,,False,True,False,급정지,일반구간,False,11.25,0,0.9,0,False,999.0,True,False,True,False,2026-05-03T21:24:21.197618,,-2.43,2.43,False,False,False,False,True
1095,3,35,70,4.0,12,wet,suv,40,15,sedan,False,True,False,급정지,일반구간,False,9.7,0,1.0,0,False,14.55,True,False,True,False,2026-05-03T21:24:23.587810,,-2.48,2.48,False,False,False,False,True
1096,3,35,70,5.0,12,wet,suv,0,0,,False,True,False,급정지,일반구간,False,11.25,0,0.9,0,False,999.0,True,False,True,False,2026-05-03T21:24:26.299918,,-2.43,2.43,False,False,False,False,True
1097,3,35,70,5.0,12,wet,suv,40,15,sedan,False,True,False,급정지,일반구간,False,9.7,0,1.0,0,False,14.55,True,False,True,False,2026-05-03T21:24:29.164546,,-2.48,2.48,False,False,False,False,True
1098,3,35,80,3.0,12,wet,suv,0,0,,False,True,False,급정지,일반구간,False,12.45,0,0.1,0,False,999.0,True,False,True,False,2026-05-03T21:24:31.935937,,-2.4,2.4,False,False,False,False,True
1099,3,35,80,3.0,12,wet,suv,40,15,sedan,False,True,False,급정지,일반구간,False,10.95,0,0.1,0,False,15,True,False,True,False,2026-05-03T21:24:35.040810,,-2.48,2.48,False,False,False,False,True
1100,3,35,80,4.0,12,wet,suv,0,0,,False,True,False,급정지,일반구간,False,12.45,0,0.1,0,False,999.0,True,False,True,False,2026-05-03T21:24:38.127002,,-2.4,2.4,False,False,False,False,True
1101,3,35,80,4.0,12,wet,suv,40,15,sedan,False,True,False,급정지,일반구간,False,10.95,0,0.1,0,False,15,True,False,True,False,2026-05-03T21:24:41.230888,,-2.48,2.48,False,False,False,False,True
1102,3,35,80,5.0,12,wet,suv,0,0,,False,True,False,급정지,일반구간,False,12.45,0,0.1,0,False,999.0,True,False,True,False,2026-05-03T21:24:44.254048,,-2.4,2.4,False,False,False,False,True
1103,3,35,80,5.0,12,wet,suv,40,15,sedan,False,True,False,급정지,일반구간,False,10.95,0,0.1,0,False,15,True,False,True,False,2026-05-03T21:24:46.889914,,-2.48,2.48,False,False,False,False,True
1104,3,40,10,3.0,12,wet,suv,0,0,,True,False,False,진행,일반구간,False,2.45,0,39.7,0,False,999.0,False,False,True,False,2026-05-03T21:24:49.850015,,41.21,41.21,False,False,True,False,True
1105,3,40,10,3.0,12,wet,suv,45,15,sedan,True,False,True,진행,일반구간,False,2.45,0,39.7,0,False,15,False,False,True,False,2026-05-03T21:24:51.359926,,53.14,53.14,False,False,True,False,True
1106,3,40,10,4.0,12,wet,suv,0,0,,True,False,False,진행,일반구간,False,2.45,0,39.7,0,False,999.0,False,False,True,False,2026-05-03T21:24:53.094066,,41.21,41.21,False,False,True,False,True
1107,3,40,10,4.0,12,wet,suv,45,15,sedan,True,False,True,진행,일반구간,False,2.45,0,39.7,0,False,15,False,False,True,False,2026-05-03T21:24:54.393038,,53.14,53.14,False,False,True,False,True
1108,3,40,10,5.0,12,wet,suv,0,0,,True,False,False,진행,일반구간,False,2.45,0,39.7,0,False,999.0,False,False,True,False,2026-05-03T21:24:56.052819,,41.21,41.21,False,False,True,False,True
1109,3,40,10,5.0,12,wet,suv,45,15,sedan,True,False,True,진행,일반구간,False,2.45,0,39.7,0,False,15,False,False,True,False,2026-05-03T21:24:57.551374,,53.13,53.13,False,False,True,False,True
1110,3,40,20,3.0,12,wet,suv,0,0,,False,False,False,급정지,딜레마구간,False,4.5,0,0.6,0,False,999.0,True,False,True,False,2026-05-03T21:24:59.283903,,-2.23,2.23,False,False,False,True,True
1111,3,40,20,3.0,12,wet,suv,45,15,sedan,False,False,True,급정지,딜레마구간,False,1.55,0,0.0,0,False,12.66,True,False,True,False,2026-05-03T21:25:00.786129,,0.71,0.71,False,False,False,True,True
1112,3,40,20,4.0,12,wet,suv,0,0,,True,False,False,진행,일반구간,False,3.4,0,39.7,0,False,999.0,False,False,True,False,2026-05-03T21:25:01.911839,,41.12,41.12,False,False,True,False,True
1113,3,40,20,4.0,12,wet,suv,45,15,sedan,True,False,True,진행,일반구간,False,3.4,0,39.7,0,False,15,False,False,True,False,2026-05-03T21:25:03.599856,,53.05,53.05,False,False,True,False,True
1114,3,40,20,5.0,12,wet,suv,0,0,,True,False,False,진행,일반구간,False,3.4,0,39.7,0,False,999.0,False,False,True,False,2026-05-03T21:25:05.517787,,41.12,41.12,False,False,True,False,True
1115,3,40,20,5.0,12,wet,suv,45,15,sedan,True,False,True,진행,일반구간,False,3.4,0,39.7,0,False,15,False,False,True,False,2026-05-03T21:25:06.972894,,53.05,53.05,False,False,True,False,True
1116,3,40,30,3.0,12,wet,suv,0,0,,False,True,False,급정지,일반구간,False,6.2,0,0.0,0,False,999.0,True,False,True,False,2026-05-03T21:25:08.568732,,-2.31,2.31,False,False,False,False,True
1117,3,40,30,3.0,12,wet,suv,45,15,sedan,False,True,True,급정지,일반구간,False,3.7,0,0.1,0,True,-0.1,True,False,False,False,2026-05-03T21:25:10.395091,,-1.85,1.85,False,False,False,False,True
1118,3,40,30,4.0,12,wet,suv,0,0,,False,True,False,급정지,일반구간,False,6.2,0,0.0,0,False,999.0,True,False,True,False,2026-05-03T21:25:11.965115,,-2.31,2.31,False,False,False,False,True
1119,3,40,30,4.0,12,wet,suv,45,15,sedan,False,True,True,급정지,일반구간,False,3.65,0,0.1,0,True,-0.12,True,False,False,False,2026-05-03T21:25:13.808760,,-1.92,1.92,False,False,False,False,True
1120,3,40,30,5.0,12,wet,suv,0,0,,True,True,False,진행,진행/정지선택구간,False,4.3,0,39.7,0,False,999.0,False,False,True,False,2026-05-03T21:25:15.362207,,41.03,41.03,False,False,True,False,True
1121,3,40,30,5.0,12,wet,suv,45,15,sedan,True,True,True,진행,진행/정지선택구간,False,4.3,0,39.7,0,False,15,False,False,True,False,2026-05-03T21:25:17.220447,,52.96,52.96,False,False,True,False,True
1122,3,40,40,3.0,12,wet,suv,0,0,,False,True,False,급정지,일반구간,False,7.4,0,0.7,0,False,999.0,True,False,True,False,2026-05-03T21:25:19.308847,,-2.6,2.6,False,False,False,False,True
1123,3,40,40,3.0,12,wet,suv,45,15,sedan,False,True,True,급정지,일반구간,False,5.5,0,0.0,0,True,-0.09,True,False,False,False,2026-05-03T21:25:21.393965,,-2.45,2.45,False,False,False,False,True
1124,3,40,40,4.0,12,wet,suv,0,0,,False,True,False,급정지,일반구간,False,7.4,0,0.7,0,False,999.0,True,False,True,False,2026-05-03T21:25:23.330394,,-2.6,2.6,False,False,False,False,True
1125,3,40,40,4.0,12,wet,suv,45,15,sedan,False,True,True,급정지,일반구간,False,5.5,0,0.0,0,True,-0.09,True,False,False,False,2026-05-03T21:25:25.125789,,-2.45,2.45,False,False,False,False,True
1126,3,40,40,5.0,12,wet,suv,0,0,,False,True,False,급정지,일반구간,False,7.4,0,0.7,0,False,999.0,True,False,True,False,2026-05-03T21:25:26.982974,,-2.6,2.6,False,False,False,False,True
1127,3,40,40,5.0,12,wet,suv,45,15,sedan,False,True,True,급정지,일반구간,False,5.5,0,0.0,0,True,-0.09,True,False,False,False,2026-05-03T21:25:29.079140,,-2.45,2.45,False,False,False,False,True
1128,3,40,50,3.0,12,wet,suv,0,0,,False,True,False,급정지,일반구간,False,8.8,0,0.6,0,False,999.0,True,False,True,False,2026-05-03T21:25:31.012943,,-2.43,2.43,False,False,False,False,True
1129,3,40,50,3.0,12,wet,suv,45,15,sedan,False,True,True,감속,일반구간,False,6.25,0,0.8,0,True,-0.1,True,False,False,False,2026-05-03T21:25:33.377846,,-1.25,1.25,False,False,False,False,True
1130,3,40,50,4.0,12,wet,suv,0,0,,False,True,False,급정지,일반구간,False,8.8,0,0.6,0,False,999.0,True,False,True,False,2026-05-03T21:25:35.458795,,-2.43,2.43,False,False,False,False,True
1131,3,40,50,4.0,12,wet,suv,45,15,sedan,False,True,True,감속,일반구간,False,6.3,0,0.1,0,True,-0.07,True,False,False,False,2026-05-03T21:25:37.832517,,-1.15,1.15,False,False,False,False,True
1132,3,40,50,5.0,12,wet,suv,0,0,,False,True,False,급정지,일반구간,False,8.8,0,0.6,0,False,999.0,True,False,True,False,2026-05-03T21:25:39.914116,,-2.43,2.43,False,False,False,False,True
1133,3,40,50,5.0,12,wet,suv,45,15,sedan,False,True,True,감속,일반구간,False,6.25,0,0.8,0,True,-0.1,True,False,False,False,2026-05-03T21:25:42.290903,,-1.25,1.25,False,False,False,False,True
1134,3,40,60,3.0,12,wet,suv,0,0,,False,True,False,급정지,일반구간,False,10.05,0,0.1,0,False,999.0,True,False,True,False,2026-05-03T21:25:44.378031,,-2.28,2.28,False,False,False,False,True
1135,3,40,60,3.0,12,wet,suv,45,15,sedan,False,True,True,감속,일반구간,False,7.45,0,0.7,0,True,-0.09,True,False,False,False,2026-05-03T21:25:46.615388,,-2.25,2.25,False,False,False,False,True
1136,3,40,60,4.0,12,wet,suv,0,0,,False,True,False,급정지,일반구간,False,9.75,0,0.0,0,False,999.0,True,False,True,False,2026-05-03T21:25:48.869469,,-2.4,2.4,False,False,False,False,True
1137,3,40,60,4.0,12,wet,suv,45,15,sedan,False,True,True,감속,일반구간,False,7.45,0,0.7,0,True,-0.09,True,False,False,False,2026-05-03T21:25:51.435870,,-2.25,2.25,False,False,False,False,True
1138,3,40,60,5.0,12,wet,suv,0,0,,False,True,False,급정지,일반구간,False,10.05,0,0.1,0,False,999.0,True,False,True,False,2026-05-03T21:25:53.763051,,-2.28,2.28,False,False,False,False,True
1139,3,40,60,5.0,12,wet,suv,45,15,sedan,False,True,True,감속,일반구간,False,7.45,0,0.7,0,True,-0.09,True,False,False,False,2026-05-03T21:25:56.391016,,-2.25,2.25,False,False,False,False,True
1140,3,40,70,3.0,12,wet,suv,0,0,,False,True,False,급정지,일반구간,False,10.75,0,0.7,0,False,999.0,True,False,True,False,2026-05-03T21:25:58.403999,,-2.37,2.37,False,False,False,False,True
1141,3,40,70,3.0,12,wet,suv,45,15,sedan,False,True,True,감속,일반구간,False,8.25,0,0.0,0,False,6.19,True,False,True,False,2026-05-03T21:26:01.140520,,-2.23,2.23,False,False,False,False,True
1142,3,40,70,4.0,12,wet,suv,0,0,,False,True,False,급정지,일반구간,False,10.75,0,0.7,0,False,999.0,True,False,True,False,2026-05-03T21:26:03.626181,,-2.37,2.37,False,False,False,False,True
1143,3,40,70,4.0,12,wet,suv,45,15,sedan,False,True,True,감속,일반구간,False,8.25,0,0.0,0,False,6.19,True,False,True,False,2026-05-03T21:26:06.390487,,-2.23,2.23,False,False,False,False,True
1144,3,40,70,5.0,12,wet,suv,0,0,,False,True,False,급정지,일반구간,False,10.75,0,0.7,0,False,999.0,True,False,True,False,2026-05-03T21:26:08.875137,,-2.37,2.37,False,False,False,False,True
1145,3,40,70,5.0,12,wet,suv,45,15,sedan,False,True,True,감속,일반구간,False,8.25,0,0.0,0,False,6.19,True,False,True,False,2026-05-03T21:26:11.640074,,-2.23,2.23,False,False,False,False,True
1146,3,40,80,3.0,12,wet,suv,0,0,,False,True,False,급정지,일반구간,False,11.65,0,1.0,0,False,999.0,True,False,True,False,2026-05-03T21:26:13.795147,,-2.55,2.55,False,False,False,False,True
1147,3,40,80,3.0,12,wet,suv,45,15,sedan,False,True,True,감속,일반구간,False,9.3,0,0.9,0,False,12.23,True,False,True,False,2026-05-03T21:26:16.709478,,-2.37,2.37,False,False,False,False,True
1148,3,40,80,4.0,12,wet,suv,0,0,,False,True,False,급정지,일반구간,False,11.65,0,1.0,0,False,999.0,True,False,True,False,2026-05-03T21:26:19.404117,,-2.55,2.55,False,False,False,False,True
1149,3,40,80,4.0,12,wet,suv,45,15,sedan,False,True,True,감속,일반구간,False,9.15,0,1.0,0,False,12.76,True,False,True,False,2026-05-03T21:26:22.339988,,-2.31,2.31,False,False,False,False,True
1150,3,40,80,5.0,12,wet,suv,0,0,,False,True,False,급정지,일반구간,False,11.65,0,1.0,0,False,999.0,True,False,True,False,2026-05-03T21:26:25.068242,,-2.55,2.55,False,False,False,False,True
1151,3,40,80,5.0,12,wet,suv,45,15,sedan,False,True,True,감속,일반구간,False,9.3,0,0.9,0,False,12.23,True,False,True,False,2026-05-03T21:26:27.565402,,-2.37,2.37,False,False,False,False,True
1152,3,45,10,3.0,12,wet,suv,0,0,,True,False,False,진행,일반구간,False,2.2,0,44.5,0,False,999.0,False,False,True,False,2026-05-03T21:26:30.196018,,43.8,43.8,False,False,True,False,True
1153,3,45,10,3.0,12,wet,suv,50,15,sedan,True,False,True,진행,일반구간,False,2.2,0,44.5,0,False,15,False,False,True,False,2026-05-03T21:26:31.448875,,57.84,57.84,False,False,True,False,True
1154,3,45,10,4.0,12,wet,suv,0,0,,True,False,False,진행,일반구간,False,2.2,0,44.5,0,False,999.0,False,False,True,False,2026-05-03T21:26:33.061933,,43.8,43.8,False,False,True,False,True
1155,3,45,10,4.0,12,wet,suv,50,15,sedan,True,False,True,진행,일반구간,False,2.2,0,44.5,0,False,15,False,False,True,False,2026-05-03T21:26:34.310039,,57.84,57.84,False,False,True,False,True
1156,3,45,10,5.0,12,wet,suv,0,0,,True,False,False,진행,일반구간,False,2.2,0,44.5,0,False,999.0,False,False,True,False,2026-05-03T21:26:35.924141,,43.8,43.8,False,False,True,False,True
1157,3,45,10,5.0,12,wet,suv,50,15,sedan,True,False,True,진행,일반구간,False,2.2,0,44.5,0,False,15,False,False,True,False,2026-05-03T21:26:37.365073,,57.83,57.83,False,False,True,False,True
1158,3,45,20,3.0,12,wet,suv,0,0,,False,False,False,급정지,딜레마구간,False,4.1,0,0.8,0,False,999.0,True,False,True,False,2026-05-03T21:26:39.051038,,-2.41,2.41,False,False,False,True,True
1159,3,45,20,3.0,12,wet,suv,50,15,sedan,False,False,True,급정지,딜레마구간,False,1.55,0,0.0,0,False,12.63,True,False,True,False,2026-05-03T21:26:40.469974,,3.09,3.09,True,False,False,True,True
1160,3,45,20,4.0,12,wet,suv,0,0,,True,False,False,진행,일반구간,False,3.0,0,44.5,0,False,999.0,False,False,True,False,2026-05-03T21:26:41.600549,,44.31,44.31,False,False,True,False,True
1161,3,45,20,4.0,12,wet,suv,50,15,sedan,True,False,True,진행,일반구간,False,3.0,0,44.5,0,False,15,False,False,True,False,2026-05-03T21:26:43.220540,,57.73,57.73,False,False,True,False,True
1162,3,45,20,5.0,12,wet,suv,0,0,,True,False,False,진행,일반구간,False,3.0,0,44.5,0,False,999.0,False,False,True,False,2026-05-03T21:26:45.060052,,44.31,44.31,False,False,True,False,True
1163,3,45,20,5.0,12,wet,suv,50,15,sedan,True,False,True,진행,일반구간,False,3.0,0,44.5,0,False,15,False,False,True,False,2026-05-03T21:26:46.679465,,57.73,57.73,False,False,True,False,True
1164,3,45,30,3.0,12,wet,suv,0,0,,False,False,False,급정지,딜레마구간,False,5.9,0,0.6,0,False,999.0,True,False,True,False,2026-05-03T21:26:48.525243,,-2.5,2.5,False,False,False,True,True
1165,3,45,30,3.0,12,wet,suv,50,15,sedan,False,False,True,급정지,딜레마구간,False,2.95,0,0.2,0,True,-0.18,True,False,False,False,2026-05-03T21:26:50.314216,,-2.39,2.39,False,False,False,True,True
1166,3,45,30,4.0,12,wet,suv,0,0,,False,False,False,급정지,딜레마구간,False,5.9,0,0.6,0,False,999.0,True,False,True,False,2026-05-03T21:26:51.725869,,-2.5,2.5,False,False,False,True,True
1167,3,45,30,4.0,12,wet,suv,50,15,sedan,False,False,True,급정지,딜레마구간,False,2.95,0,0.2,0,True,-0.18,True,False,False,False,2026-05-03T21:26:53.506514,,-2.39,2.39,False,False,False,True,True
1168,3,45,30,5.0,12,wet,suv,0,0,,True,False,False,진행,일반구간,False,3.8,0,44.5,0,False,999.0,False,False,True,False,2026-05-03T21:26:54.933015,,44.21,44.21,False,False,True,False,True
1169,3,45,30,5.0,12,wet,suv,50,15,sedan,True,False,True,진행,일반구간,False,3.8,0,44.5,0,False,15,False,False,True,False,2026-05-03T21:26:56.699903,,57.63,57.63,False,False,True,False,True
1170,3,45,40,3.0,12,wet,suv,0,0,,False,True,False,급정지,일반구간,False,7.55,0,0.7,0,False,999.0,True,False,True,False,2026-05-03T21:26:58.704749,,-2.37,2.37,False,False,False,False,True
1171,3,45,40,3.0,12,wet,suv,50,15,sedan,False,True,True,급정지,일반구간,False,5.05,0,0.1,0,True,-0.11,True,False,False,False,2026-05-03T21:27:00.823965,,-2.36,2.36,False,False,False,False,True
1172,3,45,40,4.0,12,wet,suv,0,0,,False,True,False,급정지,일반구간,False,7.4,0,0.7,0,False,999.0,True,False,True,False,2026-05-03T21:27:02.665249,,-2.42,2.42,False,False,False,False,True
1173,3,45,40,4.0,12,wet,suv,50,15,sedan,False,True,True,급정지,일반구간,False,4.75,0,0.7,0,True,-0.1,True,False,False,False,2026-05-03T21:27:04.760539,,-2.45,2.45,False,False,False,False,True
1174,3,45,40,5.0,12,wet,suv,0,0,,False,True,False,급정지,일반구간,False,7.4,0,0.7,0,False,999.0,True,False,True,False,2026-05-03T21:27:06.330034,,-2.42,2.42,False,False,False,False,True
1175,3,45,40,5.0,12,wet,suv,50,15,sedan,False,True,True,급정지,일반구간,False,5.05,0,0.1,0,True,-0.11,True,False,False,False,2026-05-03T21:27:08.393392,,-2.36,2.36,False,False,False,False,True
1176,3,45,50,3.0,12,wet,suv,0,0,,False,True,False,급정지,일반구간,False,8.55,0,0.1,0,False,999.0,True,False,True,False,2026-05-03T21:27:10.225729,,-2.45,2.45,False,False,False,False,True
1177,3,45,50,3.0,12,wet,suv,50,15,sedan,False,True,True,급정지,일반구간,False,6.65,0,0.7,0,True,-0.09,True,False,False,False,2026-05-03T21:27:12.547813,,-2.44,2.44,False,False,False,False,True
1178,3,45,50,4.0,12,wet,suv,0,0,,False,True,False,급정지,일반구간,False,8.7,0,0.7,0,False,999.0,True,False,True,False,2026-05-03T21:27:14.711966,,-2.48,2.48,False,False,False,False,True
1179,3,45,50,4.0,12,wet,suv,50,15,sedan,False,True,True,급정지,일반구간,False,6.65,0,0.7,0,True,-0.09,True,False,False,False,2026-05-03T21:27:16.724131,,-2.44,2.44,False,False,False,False,True
1180,3,45,50,5.0,12,wet,suv,0,0,,False,True,False,급정지,일반구간,False,8.7,0,0.7,0,False,999.0,True,False,True,False,2026-05-03T21:27:18.817812,,-2.48,2.48,False,False,False,False,True
1181,3,45,50,5.0,12,wet,suv,50,15,sedan,False,True,True,급정지,일반구간,False,6.75,0,0.6,0,True,-0.09,True,False,False,False,2026-05-03T21:27:21.170040,,-2.51,2.51,False,False,False,False,True
1182,3,45,60,3.0,12,wet,suv,0,0,,False,True,False,급정지,일반구간,False,9.85,0,0.9,0,False,999.0,True,False,True,False,2026-05-03T21:27:23.350000,,-2.34,2.34,False,False,False,False,True
1183,3,45,60,3.0,12,wet,suv,50,15,sedan,False,True,True,감속,일반구간,False,6.95,0,0.6,0,True,-0.08,True,False,False,False,2026-05-03T21:27:25.929021,,-2.23,2.23,False,False,False,False,True
1184,3,45,60,4.0,12,wet,suv,0,0,,False,True,False,급정지,일반구간,False,9.85,0,0.9,0,False,999.0,True,False,True,False,2026-05-03T21:27:28.147823,,-2.34,2.34,False,False,False,False,True
1185,3,45,60,4.0,12,wet,suv,50,15,sedan,False,True,True,감속,일반구간,False,6.95,0,0.6,0,True,-0.08,True,False,False,False,2026-05-03T21:27:30.733325,,-2.23,2.23,False,False,False,False,True
1186,3,45,60,5.0,12,wet,suv,0,0,,False,True,False,급정지,일반구간,False,9.85,0,0.9,0,False,999.0,True,False,True,False,2026-05-03T21:27:32.945707,,-2.34,2.34,False,False,False,False,True
1187,3,45,60,5.0,12,wet,suv,50,15,sedan,False,True,True,감속,일반구간,False,6.95,0,0.6,0,True,-0.08,True,False,False,False,2026-05-03T21:27:35.140060,,-2.23,2.23,False,False,False,False,True
1188,3,45,70,3.0,12,wet,suv,0,0,,False,True,False,급정지,일반구간,False,10.75,0,0.9,0,False,999.0,True,False,True,False,2026-05-03T21:27:37.286216,,-2.4,2.4,False,False,False,False,True
1189,3,45,70,3.0,12,wet,suv,50,15,sedan,False,True,True,감속,일반구간,False,7.85,0,0.4,0,True,-0.08,True,False,False,False,2026-05-03T21:27:40.043263,,-1.38,1.38,False,False,False,False,True
1190,3,45,70,4.0,12,wet,suv,0,0,,False,True,False,급정지,일반구간,False,11.1,0,0.0,0,False,999.0,True,False,True,False,2026-05-03T21:27:42.450847,,-2.29,2.29,False,False,False,False,True
1191,3,45,70,4.0,12,wet,suv,50,15,sedan,False,True,True,감속,일반구간,False,7.85,0,0.4,0,True,-0.08,True,False,False,False,2026-05-03T21:27:44.853018,,-1.38,1.38,False,False,False,False,True
1192,3,45,70,5.0,12,wet,suv,0,0,,False,True,False,급정지,일반구간,False,10.75,0,0.9,0,False,999.0,True,False,True,False,2026-05-03T21:27:47.193169,,-2.4,2.4,False,False,False,False,True
1193,3,45,70,5.0,12,wet,suv,50,15,sedan,False,True,True,감속,일반구간,False,7.85,0,0.4,0,True,-0.08,True,False,False,False,2026-05-03T21:27:49.956811,,-1.38,1.38,False,False,False,False,True
1194,3,45,80,3.0,12,wet,suv,0,0,,False,True,False,급정지,일반구간,False,11.25,0,0.9,0,False,999.0,True,False,True,False,2026-05-03T21:27:52.353135,,-2.47,2.47,False,False,False,False,True
1195,3,45,80,3.0,12,wet,suv,50,15,sedan,False,True,True,감속,일반구간,False,9.05,0,0.0,0,False,2.02,True,False,True,False,2026-05-03T21:27:55.216244,,-2.18,2.18,False,False,False,False,True
1196,3,45,80,4.0,12,wet,suv,0,0,,False,True,False,급정지,일반구간,False,11.25,0,0.9,0,False,999.0,True,False,True,False,2026-05-03T21:27:57.851124,,-2.47,2.47,False,False,False,False,True
1197,3,45,80,4.0,12,wet,suv,50,15,sedan,False,True,True,감속,일반구간,False,9.05,0,0.0,0,False,2.02,True,False,True,False,2026-05-03T21:28:00.714662,,-2.18,2.18,False,False,False,False,True
1198,3,45,80,5.0,12,wet,suv,0,0,,False,True,False,급정지,일반구간,False,11.25,0,0.9,0,False,999.0,True,False,True,False,2026-05-03T21:28:03.357844,,-2.47,2.47,False,False,False,False,True
1199,3,45,80,5.0,12,wet,suv,50,15,sedan,False,True,True,감속,일반구간,False,9.05,0,0.0,0,False,2.02,True,False,True,False,2026-05-03T21:28:06.224764,,-2.18,2.18,False,False,False,False,True
1200,3,50,10,3.0,12,wet,suv,0,0,,True,False,False,진행,일반구간,False,2.0,0,49.4,0,False,999.0,False,False,True,False,2026-05-03T21:28:08.936814,,46.93,46.93,False,False,True,False,True
1201,3,50,10,3.0,12,wet,suv,55,15,sedan,True,False,True,진행,일반구간,False,2.0,0,49.4,0,False,15,False,False,True,False,2026-05-03T21:28:10.335810,,61.85,61.85,False,False,True,False,True
1202,3,50,10,4.0,12,wet,suv,0,0,,True,False,False,진행,일반구간,False,2.0,0,49.4,0,False,999.0,False,False,True,False,2026-05-03T21:28:11.967274,,46.94,46.94,False,False,True,False,True
1203,3,50,10,4.0,12,wet,suv,55,15,sedan,True,False,True,진행,일반구간,False,2.0,0,49.4,0,False,15,False,False,True,False,2026-05-03T21:28:13.369993,,61.85,61.85,False,False,True,False,True
1204,3,50,10,5.0,12,wet,suv,0,0,,True,False,False,진행,일반구간,False,2.0,0,49.4,0,False,999.0,False,False,True,False,2026-05-03T21:28:14.996281,,46.94,46.94,False,False,True,False,True
1205,3,50,10,5.0,12,wet,suv,55,15,sedan,True,False,True,진행,일반구간,False,2.0,0,49.4,0,False,15,False,False,True,False,2026-05-03T21:28:16.406283,,61.85,61.85,False,False,True,False,True
1206,3,50,20,3.0,12,wet,suv,0,0,,False,False,False,급정지,딜레마구간,False,3.5,0,0.8,0,False,999.0,True,False,True,False,2026-05-03T21:28:18.033403,,-2.49,2.49,False,False,False,True,True
1207,3,50,20,3.0,12,wet,suv,55,15,sedan,False,False,True,급정지,딜레마구간,False,1.55,0,0.0,0,False,12.92,False,False,False,False,2026-05-03T21:28:19.338062,,5.82,5.82,True,False,False,True,False
1208,3,50,20,4.0,12,wet,suv,0,0,,True,False,False,진행,일반구간,False,2.7,0,49.4,0,False,999.0,False,False,True,False,2026-05-03T21:28:20.476176,,47.23,47.23,False,False,True,False,True
1209,3,50,20,4.0,12,wet,suv,55,15,sedan,True,False,True,진행,일반구간,False,2.7,0,49.4,0,False,15,False,False,True,False,2026-05-03T21:28:22.029061,,62.13,62.13,False,False,True,False,True
1210,3,50,20,5.0,12,wet,suv,0,0,,True,False,False,진행,일반구간,False,2.7,0,49.4,0,False,999.0,False,False,True,False,2026-05-03T21:28:23.803476,,47.23,47.23,False,False,True,False,True
1211,3,50,20,5.0,12,wet,suv,55,15,sedan,True,False,True,진행,일반구간,False,2.7,0,49.4,0,False,15,False,False,True,False,2026-05-03T21:28:25.142229,,62.14,62.14,False,False,True,False,True
1212,3,50,30,3.0,12,wet,suv,0,0,,False,False,False,급정지,딜레마구간,False,5.7,0,0.0,0,False,999.0,True,False,True,False,2026-05-03T21:28:26.849876,,-2.31,2.31,False,False,False,True,True
1213,3,50,30,3.0,12,wet,suv,55,15,sedan,False,False,True,급정지,딜레마구간,False,1.55,0,0.1,0,False,15,True,False,True,False,2026-05-03T21:28:28.600098,,-1.57,1.57,False,False,False,True,True
1214,3,50,30,4.0,12,wet,suv,0,0,,True,False,False,진행,일반구간,False,3.45,0,49.4,0,False,999.0,False,False,True,False,2026-05-03T21:28:29.727838,,46.83,46.83,False,False,True,False,True
1215,3,50,30,4.0,12,wet,suv,55,15,sedan,True,False,True,진행,일반구간,False,3.45,0,49.4,0,False,15,False,False,True,False,2026-05-03T21:28:31.420024,,61.74,61.74,False,False,True,False,True
1216,3,50,30,5.0,12,wet,suv,0,0,,True,False,False,진행,일반구간,False,3.45,0,49.4,0,False,999.0,False,False,True,False,2026-05-03T21:28:33.345813,,46.83,46.83,False,False,True,False,True
1217,3,50,30,5.0,12,wet,suv,55,15,sedan,True,False,True,진행,일반구간,False,3.45,0,49.4,0,False,15,False,False,True,False,2026-05-03T21:28:35.034138,,61.73,61.73,False,False,True,False,True
1218,3,50,40,3.0,12,wet,suv,0,0,,False,True,False,급정지,일반구간,False,7.35,0,0.6,0,False,999.0,True,False,True,False,2026-05-03T21:28:36.949026,,-2.28,2.28,False,False,False,False,True
1219,3,50,40,3.0,12,wet,suv,55,15,sedan,False,True,True,급정지,일반구간,False,3.7,0,0.9,0,True,-0.02,True,False,False,False,2026-05-03T21:28:39.028969,,-2.05,2.05,False,False,False,False,True
1220,3,50,40,4.0,12,wet,suv,0,0,,False,True,False,급정지,일반구간,False,7.35,0,0.6,0,False,999.0,True,False,True,False,2026-05-03T21:28:40.598256,,-2.28,2.28,False,False,False,False,True
1221,3,50,40,4.0,12,wet,suv,55,15,sedan,False,True,True,급정지,일반구간,False,3.7,0,0.9,0,True,-0.02,True,False,False,False,2026-05-03T21:28:42.378399,,-2.05,2.05,False,False,False,False,True
1222,3,50,40,5.0,12,wet,suv,0,0,,True,True,False,진행,진행/정지선택구간,False,4.15,0,49.4,0,False,999.0,False,False,True,False,2026-05-03T21:28:43.883099,,47.12,47.12,False,False,True,False,True
1223,3,50,40,5.0,12,wet,suv,55,15,sedan,True,True,True,진행,진행/정지선택구간,False,4.2,0,49.4,0,False,15,False,False,True,False,2026-05-03T21:28:45.469619,,62.03,62.03,False,False,True,False,True
1224,3,50,50,3.0,12,wet,suv,0,0,,False,True,False,급정지,일반구간,False,8.35,0,0.1,0,False,999.0,True,False,True,False,2026-05-03T21:28:47.468319,,-2.46,2.46,False,False,False,False,True
1225,3,50,50,3.0,12,wet,suv,55,15,sedan,False,True,True,급정지,일반구간,False,6.2,0,0.0,0,True,-0.08,True,False,False,False,2026-05-03T21:28:49.747813,,-2.27,2.27,False,False,False,False,True
1226,3,50,50,4.0,12,wet,suv,0,0,,False,True,False,급정지,일반구간,False,8.35,0,0.1,0,False,999.0,True,False,True,False,2026-05-03T21:28:51.828117,,-2.46,2.46,False,False,False,False,True
1227,3,50,50,4.0,12,wet,suv,55,15,sedan,False,True,True,급정지,일반구간,False,6.2,0,0.0,0,True,-0.08,True,False,False,False,2026-05-03T21:28:53.774779,,-2.27,2.27,False,False,False,False,True
1228,3,50,50,5.0,12,wet,suv,0,0,,False,True,False,급정지,일반구간,False,8.35,0,0.1,0,False,999.0,True,False,True,False,2026-05-03T21:28:55.518229,,-2.46,2.46,False,False,False,False,True
1229,3,50,50,5.0,12,wet,suv,55,15,sedan,False,True,True,급정지,일반구간,False,6.2,0,0.0,0,True,-0.08,True,False,False,False,2026-05-03T21:28:57.427312,,-2.27,2.27,False,False,False,False,True
1230,3,50,60,3.0,12,wet,suv,0,0,,False,True,False,급정지,일반구간,False,9.65,0,0.8,0,False,999.0,True,False,True,False,2026-05-03T21:28:59.437190,,-2.4,2.4,False,False,False,False,True
1231,3,50,60,3.0,12,wet,suv,55,15,sedan,False,True,True,급정지,일반구간,False,7.3,0,0.6,0,True,-0.08,True,False,False,False,2026-05-03T21:29:01.974756,,-2.45,2.45,False,False,False,False,True
1232,3,50,60,4.0,12,wet,suv,0,0,,False,True,False,급정지,일반구간,False,9.65,0,0.8,0,False,999.0,True,False,True,False,2026-05-03T21:29:04.264524,,-2.4,2.4,False,False,False,False,True
1233,3,50,60,4.0,12,wet,suv,55,15,sedan,False,True,True,급정지,일반구간,False,7.3,0,0.6,0,True,-0.08,True,False,False,False,2026-05-03T21:29:06.813227,,-2.45,2.45,False,False,False,False,True
1234,3,50,60,5.0,12,wet,suv,0,0,,False,True,False,급정지,일반구간,False,9.65,0,0.8,0,False,999.0,True,False,True,False,2026-05-03T21:29:09.111141,,-2.4,2.4,False,False,False,False,True
1235,3,50,60,5.0,12,wet,suv,55,15,sedan,False,True,True,급정지,일반구간,False,7.3,0,0.6,0,True,-0.08,True,False,False,False,2026-05-03T21:29:11.278285,,-2.45,2.45,False,False,False,False,True
1236,3,50,70,3.0,12,wet,suv,0,0,,False,True,False,급정지,일반구간,False,10.45,0,0.8,0,False,999.0,True,False,True,False,2026-05-03T21:29:13.195855,,-2.57,2.57,False,False,False,False,True
1237,3,50,70,3.0,12,wet,suv,55,15,sedan,False,True,True,급정지,일반구간,False,9.25,0,0.0,0,True,-0.12,True,False,False,False,2026-05-03T21:29:15.869206,,-2.31,2.31,False,False,False,False,True
1238,3,50,70,4.0,12,wet,suv,0,0,,False,True,False,급정지,일반구간,False,10.45,0,0.8,0,False,999.0,True,False,True,False,2026-05-03T21:29:18.552202,,-2.57,2.57,False,False,False,False,True
1239,3,50,70,4.0,12,wet,suv,55,15,sedan,False,True,True,급정지,일반구간,False,9.25,0,0.0,0,True,-0.12,True,False,False,False,2026-05-03T21:29:20.853084,,-2.31,2.31,False,False,False,False,True
1240,3,50,70,5.0,12,wet,suv,0,0,,False,True,False,급정지,일반구간,False,10.45,0,0.8,0,False,999.0,True,False,True,False,2026-05-03T21:29:23.472191,,-2.57,2.57,False,False,False,False,True
1241,3,50,70,5.0,12,wet,suv,55,15,sedan,False,True,True,급정지,일반구간,False,8.95,0,0.5,0,True,-0.09,True,False,False,False,2026-05-03T21:29:26.169000,,-2.29,2.29,False,False,False,False,True
1242,3,50,80,3.0,12,wet,suv,0,0,,False,True,False,급정지,일반구간,False,11.15,0,0.6,0,False,999.0,True,False,True,False,2026-05-03T21:29:28.788149,,-2.64,2.64,False,False,False,False,True
1243,3,50,80,3.0,12,wet,suv,55,15,sedan,False,True,True,감속,일반구간,False,8.6,0,0.0,0,True,-0.08,True,False,False,False,2026-05-03T21:29:31.624267,,-2.24,2.24,False,False,False,False,True
1244,3,50,80,4.0,12,wet,suv,0,0,,False,True,False,급정지,일반구간,False,11.15,0,0.6,0,False,999.0,True,False,True,False,2026-05-03T21:29:33.835266,,-2.64,2.64,False,False,False,False,True
1245,3,50,80,4.0,12,wet,suv,55,15,sedan,False,True,True,감속,일반구간,False,8.65,0,0.7,0,True,-0.08,True,False,False,False,2026-05-03T21:29:36.648982,,-2.25,2.25,False,False,False,False,True
1246,3,50,80,5.0,12,wet,suv,0,0,,False,True,False,급정지,일반구간,False,11.15,0,0.6,0,False,999.0,True,False,True,False,2026-05-03T21:29:39.209450,,-2.64,2.64,False,False,False,False,True
1247,3,50,80,5.0,12,wet,suv,55,15,sedan,False,True,True,감속,일반구간,False,8.6,0,0.0,0,True,-0.08,True,False,False,False,2026-05-03T21:29:42.051099,,-2.24,2.24,False,False,False,False,True
1248,3,55,10,3.0,12,wet,suv,0,0,,True,False,False,진행,일반구간,False,1.8,0,54.3,0,False,999.0,False,False,True,False,2026-05-03T21:29:44.609135,,50.28,50.28,False,False,True,False,True
1249,3,55,10,3.0,12,wet,suv,60,15,sedan,True,False,True,진행,일반구간,False,1.8,0,54.3,0,False,15,False,False,True,False,2026-05-03T21:29:45.980138,,66.67,66.67,False,False,True,False,True
1250,3,55,10,4.0,12,wet,suv,0,0,,True,False,False,진행,일반구간,False,1.8,0,54.3,0,False,999.0,False,False,True,False,2026-05-03T21:29:47.655334,,50.28,50.28,False,False,True,False,True
1251,3,55,10,4.0,12,wet,suv,60,15,sedan,True,False,True,진행,일반구간,False,1.8,0,54.3,0,False,15,False,False,True,False,2026-05-03T21:29:49.023812,,66.67,66.67,False,False,True,False,True
1252,3,55,10,5.0,12,wet,suv,0,0,,True,False,False,진행,일반구간,False,1.8,0,54.3,0,False,999.0,False,False,True,False,2026-05-03T21:29:50.627910,,50.28,50.28,False,False,True,False,True
1253,3,55,10,5.0,12,wet,suv,60,15,sedan,True,False,True,진행,일반구간,False,1.8,0,54.3,0,False,15,False,False,True,False,2026-05-03T21:29:51.828227,,66.68,66.68,False,False,True,False,True
1254,3,55,20,3.0,12,wet,suv,0,0,,True,False,False,진행,일반구간,False,2.45,0,54.3,0,False,999.0,False,False,True,False,2026-05-03T21:29:53.354205,,50.08,50.08,False,False,True,False,True
1255,3,55,20,3.0,12,wet,suv,60,15,sedan,True,False,True,진행,일반구간,False,2.5,0,54.3,0,False,15,False,False,True,False,2026-05-03T21:29:54.861129,,66.48,66.48,False,False,True,False,True
1256,3,55,20,4.0,12,wet,suv,0,0,,True,False,False,진행,일반구간,False,2.45,0,54.3,0,False,999.0,False,False,True,False,2026-05-03T21:29:56.582247,,50.08,50.08,False,False,True,False,True
1257,3,55,20,4.0,12,wet,suv,60,15,sedan,True,False,True,진행,일반구간,False,2.5,0,54.3,0,False,15,False,False,True,False,2026-05-03T21:29:58.091255,,66.48,66.48,False,False,True,False,True
1258,3,55,20,5.0,12,wet,suv,0,0,,True,False,False,진행,일반구간,False,2.45,0,54.3,0,False,999.0,False,False,True,False,2026-05-03T21:29:59.812092,,50.08,50.08,False,False,True,False,True
1259,3,55,20,5.0,12,wet,suv,60,15,sedan,True,False,True,진행,일반구간,False,2.5,0,54.3,0,False,15,False,False,True,False,2026-05-03T21:30:01.319050,,66.48,66.48,False,False,True,False,True
1260,3,55,30,3.0,12,wet,suv,0,0,,False,False,False,급정지,딜레마구간,False,4.75,0,0.9,0,False,999.0,True,False,True,False,2026-05-03T21:30:03.042744,,-2.84,2.84,False,False,False,True,True
1261,3,55,30,3.0,12,wet,suv,60,15,sedan,False,False,True,급정지,딜레마구간,False,1.55,0,0.1,0,False,15,True,False,True,False,2026-05-03T21:30:04.387919,,1.93,1.93,False,False,False,True,True
1262,3,55,30,4.0,12,wet,suv,0,0,,True,False,False,진행,일반구간,False,3.15,0,54.3,0,False,999.0,False,False,True,False,2026-05-03T21:30:05.449006,,49.88,49.88,False,False,True,False,True
1263,3,55,30,4.0,12,wet,suv,60,15,sedan,True,False,True,진행,일반구간,False,3.15,0,54.3,0,False,15,False,False,True,False,2026-05-03T21:30:07.077225,,66.28,66.28,False,False,True,False,True
1264,3,55,30,5.0,12,wet,suv,0,0,,True,False,False,진행,일반구간,False,3.15,0,54.3,0,False,999.0,False,False,True,False,2026-05-03T21:30:08.933824,,49.87,49.87,False,False,True,False,True
1265,3,55,30,5.0,12,wet,suv,60,15,sedan,True,False,True,진행,일반구간,False,3.15,0,54.3,0,False,15,False,False,True,False,2026-05-03T21:30:10.565689,,66.28,66.28,False,False,True,False,True
1266,3,55,40,3.0,12,wet,suv,0,0,,False,False,False,급정지,딜레마구간,False,6.35,0,0.9,0,False,999.0,True,False,True,False,2026-05-03T21:30:12.425717,,-2.96,2.96,False,False,False,True,True
1267,3,55,40,3.0,12,wet,suv,60,15,sedan,False,False,True,급정지,딜레마구간,False,3.45,0,0.1,0,True,-0.06,True,False,False,False,2026-05-03T21:30:14.045234,,-1.06,1.06,False,False,False,True,True
1268,3,55,40,4.0,12,wet,suv,0,0,,False,False,False,급정지,딜레마구간,False,6.35,0,0.9,0,False,999.0,True,False,True,False,2026-05-03T21:30:15.489084,,-2.96,2.96,False,False,False,True,True
1269,3,55,40,4.0,12,wet,suv,60,15,sedan,False,False,True,급정지,딜레마구간,False,3.45,0,0.1,0,True,-0.06,True,False,False,False,2026-05-03T21:30:17.361629,,-1.06,1.06,False,False,False,True,True
1270,3,55,40,5.0,12,wet,suv,0,0,,True,False,False,진행,일반구간,False,3.8,0,54.3,0,False,999.0,False,False,True,False,2026-05-03T21:30:18.875246,,50.43,50.43,False,False,True,False,True
1271,3,55,40,5.0,12,wet,suv,60,15,sedan,True,False,True,진행,일반구간,False,3.8,0,54.3,0,False,15,False,False,True,False,2026-05-03T21:30:20.649123,,66.83,66.83,False,False,True,False,True
1272,3,55,50,3.0,12,wet,suv,0,0,,False,True,False,급정지,일반구간,False,8.25,0,0.8,0,False,999.0,True,False,True,False,2026-05-03T21:30:22.400221,,-2.55,2.55,False,False,False,False,True
1273,3,55,50,3.0,12,wet,suv,60,15,sedan,False,True,True,급정지,일반구간,False,4.75,0,0.2,0,True,-0.13,True,False,False,False,2026-05-03T21:30:24.626747,,-2.15,2.15,False,False,False,False,True
1274,3,55,50,4.0,12,wet,suv,0,0,,False,True,False,급정지,일반구간,False,8.25,0,0.8,0,False,999.0,True,False,True,False,2026-05-03T21:30:26.409231,,-2.55,2.55,False,False,False,False,True
1275,3,55,50,4.0,12,wet,suv,60,15,sedan,False,True,True,급정지,일반구간,False,4.75,0,0.2,0,True,-0.12,True,False,False,False,2026-05-03T21:30:28.663572,,-2.12,2.12,False,False,False,False,True
1276,3,55,50,5.0,12,wet,suv,0,0,,True,True,False,진행,진행/정지선택구간,False,4.45,0,54.3,0,False,999.0,False,False,True,False,2026-05-03T21:30:30.441260,,50.22,50.22,False,False,True,False,True
1277,3,55,50,5.0,12,wet,suv,60,15,sedan,True,True,True,진행,진행/정지선택구간,False,4.45,0,54.3,0,False,15,False,False,True,False,2026-05-03T21:30:32.346911,,66.62,66.62,False,False,True,False,True
1278,3,55,60,3.0,12,wet,suv,0,0,,False,True,False,급정지,일반구간,False,9.5,0,0.6,0,False,999.0,True,False,True,False,2026-05-03T21:30:34.478004,,-2.39,2.39,False,False,False,False,True
1279,3,55,60,3.0,12,wet,suv,60,15,sedan,False,True,True,급정지,일반구간,False,6.75,0,0.1,0,True,-0.07,True,False,False,False,2026-05-03T21:30:36.987937,,-2.41,2.41,False,False,False,False,True
1280,3,55,60,4.0,12,wet,suv,0,0,,False,True,False,급정지,일반구간,False,9.5,0,0.6,0,False,999.0,True,False,True,False,2026-05-03T21:30:39.165446,,-2.39,2.39,False,False,False,False,True
1281,3,55,60,4.0,12,wet,suv,60,15,sedan,False,True,True,급정지,일반구간,False,6.75,0,0.1,0,True,-0.07,True,False,False,False,2026-05-03T21:30:41.671298,,-2.41,2.41,False,False,False,False,True
1282,3,55,60,5.0,12,wet,suv,0,0,,False,True,False,급정지,일반구간,False,9.5,0,0.6,0,False,999.0,True,False,True,False,2026-05-03T21:30:43.854036,,-2.39,2.39,False,False,False,False,True
1283,3,55,60,5.0,12,wet,suv,60,15,sedan,False,True,True,급정지,일반구간,False,6.75,0,0.1,0,True,-0.07,True,False,False,False,2026-05-03T21:30:46.358431,,-2.41,2.41,False,False,False,False,True
1284,3,55,70,3.0,12,wet,suv,0,0,,False,True,False,급정지,일반구간,False,10.65,0,0.7,0,False,999.0,True,False,True,False,2026-05-03T21:30:48.535341,,-2.41,2.41,False,False,False,False,True
1285,3,55,70,3.0,12,wet,suv,60,15,sedan,False,True,True,급정지,일반구간,False,8.4,0,0.0,0,True,-0.08,True,False,False,False,2026-05-03T21:30:51.273560,,-2.22,2.22,False,False,False,False,True
1286,3,55,70,4.0,12,wet,suv,0,0,,False,True,False,급정지,일반구간,False,10.65,0,0.7,0,False,999.0,True,False,True,False,2026-05-03T21:30:53.784384,,-2.41,2.41,False,False,False,False,True
1287,3,55,70,4.0,12,wet,suv,60,15,sedan,False,True,True,급정지,일반구간,False,8.0,0,0.7,0,True,-0.08,True,False,False,False,2026-05-03T21:30:56.519112,,-2.46,2.46,False,False,False,False,True
1288,3,55,70,5.0,12,wet,suv,0,0,,False,True,False,급정지,일반구간,False,10.65,0,0.7,0,False,999.0,True,False,True,False,2026-05-03T21:30:58.952294,,-2.41,2.41,False,False,False,False,True
1289,3,55,70,5.0,12,wet,suv,60,15,sedan,False,True,True,급정지,일반구간,False,8.25,0,0.0,0,True,-0.08,True,False,False,False,2026-05-03T21:31:01.687983,,-2.41,2.41,False,False,False,False,True
1290,3,55,80,3.0,12,wet,suv,0,0,,False,True,False,급정지,일반구간,False,11.35,0,0.6,0,False,999.0,True,False,True,False,2026-05-03T21:31:04.172301,,-2.43,2.43,False,False,False,False,True
1291,3,55,80,3.0,12,wet,suv,60,15,sedan,False,True,True,급정지,일반구간,False,9.45,0,0.6,0,True,-0.09,True,False,False,False,2026-05-03T21:31:07.049088,,-2.42,2.42,False,False,False,False,True
1292,3,55,80,4.0,12,wet,suv,0,0,,False,True,False,급정지,일반구간,False,11.35,0,0.6,0,False,999.0,True,False,True,False,2026-05-03T21:31:09.404378,,-2.43,2.43,False,False,False,False,True
1293,3,55,80,4.0,12,wet,suv,60,15,sedan,False,True,True,급정지,일반구간,False,9.6,0,0.0,0,True,-0.1,True,False,False,False,2026-05-03T21:31:12.254884,,-2.38,2.38,False,False,False,False,True
1294,3,55,80,5.0,12,wet,suv,0,0,,False,True,False,급정지,일반구간,False,11.4,0,0.7,0,False,999.0,True,False,True,False,2026-05-03T21:31:15.004812,,-2.45,2.45,False,False,False,False,True
1295,3,55,80,5.0,12,wet,suv,60,15,sedan,False,True,True,급정지,일반구간,False,9.45,0,0.6,0,True,-0.09,True,False,False,False,2026-05-03T21:31:17.460066,,-2.42,2.42,False,False,False,False,True
1296,3,60,10,3.0,12,wet,suv,0,0,,True,False,False,진행,일반구간,False,1.65,0,59.2,0,False,999.0,False,False,True,False,2026-05-03T21:31:20.110213,,53.21,53.21,False,False,True,False,True
1297,3,60,10,3.0,12,wet,suv,65,15,sedan,True,False,True,진행,일반구간,False,1.65,0,59.2,0,False,15,False,False,True,False,2026-05-03T21:31:21.447976,,71.1,71.1,False,False,True,False,True
1298,3,60,10,4.0,12,wet,suv,0,0,,True,False,False,진행,일반구간,False,1.65,0,59.2,0,False,999.0,False,False,True,False,2026-05-03T21:31:23.015367,,53.21,53.21,False,False,True,False,True
1299,3,60,10,4.0,12,wet,suv,65,15,sedan,True,False,True,진행,일반구간,False,1.65,0,59.2,0,False,15,False,False,True,False,2026-05-03T21:31:24.357982,,71.09,71.09,False,False,True,False,True
1300,3,60,10,5.0,12,wet,suv,0,0,,True,False,False,진행,일반구간,False,1.65,0,59.2,0,False,999.0,False,False,True,False,2026-05-03T21:31:26.006170,,53.21,53.21,False,False,True,False,True
1301,3,60,10,5.0,12,wet,suv,65,15,sedan,True,False,True,진행,일반구간,False,1.65,0,59.2,0,False,15,False,False,True,False,2026-05-03T21:31:27.175896,,71.1,71.1,False,False,True,False,True
1302,3,60,20,3.0,12,wet,suv,0,0,,True,False,False,진행,일반구간,False,2.25,0,59.2,0,False,999.0,False,False,True,False,2026-05-03T21:31:28.678206,,53.07,53.07,False,False,True,False,True
1303,3,60,20,3.0,12,wet,suv,65,15,sedan,True,False,True,진행,일반구간,False,2.3,0,59.2,0,False,15,False,False,True,False,2026-05-03T21:31:30.138062,,70.96,70.96,False,False,True,False,True
1304,3,60,20,4.0,12,wet,suv,0,0,,True,False,False,진행,일반구간,False,2.25,0,59.2,0,False,999.0,False,False,True,False,2026-05-03T21:31:31.828224,,53.07,53.07,False,False,True,False,True
1305,3,60,20,4.0,12,wet,suv,65,15,sedan,True,False,True,진행,일반구간,False,2.3,0,59.2,0,False,15,False,False,True,False,2026-05-03T21:31:33.304555,,70.96,70.96,False,False,True,False,True
1306,3,60,20,5.0,12,wet,suv,0,0,,True,False,False,진행,일반구간,False,2.25,0,59.2,0,False,999.0,False,False,True,False,2026-05-03T21:31:34.993394,,53.07,53.07,False,False,True,False,True
1307,3,60,20,5.0,12,wet,suv,65,15,sedan,True,False,True,진행,일반구간,False,2.3,0,59.2,0,False,15,False,False,True,False,2026-05-03T21:31:36.461444,,70.95,70.95,False,False,True,False,True
1308,3,60,30,3.0,12,wet,suv,0,0,,False,False,False,급정지,딜레마구간,False,5.0,0,0.0,0,False,999.0,True,False,True,False,2026-05-03T21:31:38.199083,,-2.28,2.28,False,False,False,True,True
